alert_id,asset_id,availability_status,case_id,event_timestamp,evidence_id,evidence_type,integrity_reference,reference_id,source_system
CSE-BRAVO-ALT-Q1-2026-00002,CSE-BRAVO-AST-0038,AVAILABLE,CSE-BRAVO-CASE-Q1-2026-00001,2026-01-23T12:49:47Z,CSE-BRAVO-CASE-Q1-2026-00001-EV-01,Email Header Reference,,REF-719695,IAM-Monitor
CSE-BRAVO-ALT-Q1-2026-00002,CSE-BRAVO-AST-0038,UNAVAILABLE,CSE-BRAVO-CASE-Q1-2026-00001,2026-01-23T06:09:47Z,CSE-BRAVO-CASE-Q1-2026-00001-EV-02,Alert Raw Record,SHA256:b3e0ac45449037b9,REF-712721,IAM-Monitor
CSE-BRAVO-ALT-Q1-2026-00002,CSE-BRAVO-AST-0038,AVAILABLE,CSE-BRAVO-CASE-Q1-2026-00001,2026-01-23T13:03:47Z,CSE-BRAVO-CASE-Q1-2026-00001-EV-03,Log Extract Reference,SHA256:d795c8acacde4b73,REF-821694,NIDS-Perimeter
CSE-BRAVO-ALT-Q1-2026-00002,CSE-BRAVO-AST-0038,AVAILABLE,CSE-BRAVO-CASE-Q1-2026-00001,2026-01-23T07:25:47Z,CSE-BRAVO-CASE-Q1-2026-00001-EV-04,Config Snapshot Reference,SHA256:714c242ae0d1c946,REF-572191,IAM-Monitor
CSE-BRAVO-ALT-Q1-2026-00002,CSE-BRAVO-AST-0038,AVAILABLE,CSE-BRAVO-CASE-Q1-2026-00001,2026-01-23T07:20:47Z,CSE-BRAVO-CASE-Q1-2026-00001-EV-05,Access Log Reference,,REF-105157,EDR-Sentinel
CSE-BRAVO-ALT-Q1-2026-00006,CSE-BRAVO-AST-0039,AVAILABLE,CSE-BRAVO-CASE-Q1-2026-00002,2026-01-15T11:29:48Z,CSE-BRAVO-CASE-Q1-2026-00002-EV-01,Log Extract Reference,,REF-386234,IAM-Monitor
CSE-BRAVO-ALT-Q1-2026-00006,CSE-BRAVO-AST-0039,AVAILABLE,CSE-BRAVO-CASE-Q1-2026-00002,2026-01-15T09:16:48Z,CSE-BRAVO-CASE-Q1-2026-00002-EV-02,Access Log Reference,SHA256:2a4946e60f2a06cb,REF-530751,SIEM-Core
CSE-BRAVO-ALT-Q1-2026-00006,CSE-BRAVO-AST-0039,AVAILABLE,CSE-BRAVO-CASE-Q1-2026-00002,2026-01-15T13:57:48Z,CSE-BRAVO-CASE-Q1-2026-00002-EV-03,Access Log Reference,SHA256:bc2a765cd2667bd1,REF-738941,OT-Historian-Watch
CSE-BRAVO-ALT-Q1-2026-00006,CSE-BRAVO-AST-0039,UNAVAILABLE,CSE-BRAVO-CASE-Q1-2026-00002,2026-01-15T10:39:48Z,CSE-BRAVO-CASE-Q1-2026-00002-EV-04,Ticket Record,SHA256:64e261f5ece518b4,REF-273940,OT-Historian-Watch
CSE-BRAVO-ALT-Q1-2026-00006,CSE-BRAVO-AST-0039,REDACTED,CSE-BRAVO-CASE-Q1-2026-00002,2026-01-15T08:47:48Z,CSE-BRAVO-CASE-Q1-2026-00002-EV-05,Alert Raw Record,SHA256:3aeb246d09722e94,REF-193259,OT-Historian-Watch
CSE-BRAVO-ALT-Q1-2026-00008,CSE-BRAVO-AST-0022,AVAILABLE,CSE-BRAVO-CASE-Q1-2026-00003,2026-01-16T17:47:04Z,CSE-BRAVO-CASE-Q1-2026-00003-EV-01,EDR Detection Record,SHA256:fb0bd491d9d8ce64,REF-229029,OT-Historian-Watch
CSE-BRAVO-ALT-Q1-2026-00015,CSE-BRAVO-AST-0074,AVAILABLE,CSE-BRAVO-CASE-Q1-2026-00004,2026-01-30T02:30:12Z,CSE-BRAVO-CASE-Q1-2026-00004-EV-01,Access Log Reference,SHA256:16acc5cc69644409,REF-345129,NIDS-Perimeter
CSE-BRAVO-ALT-Q1-2026-00015,CSE-BRAVO-AST-0074,AVAILABLE,CSE-BRAVO-CASE-Q1-2026-00004,2026-01-30T11:20:12Z,CSE-BRAVO-CASE-Q1-2026-00004-EV-02,Access Log Reference,SHA256:6eb6f3711af1daa2,REF-365711,OT-Historian-Watch
CSE-BRAVO-ALT-Q1-2026-00015,CSE-BRAVO-AST-0074,AVAILABLE,CSE-BRAVO-CASE-Q1-2026-00004,2026-01-30T07:58:12Z,CSE-BRAVO-CASE-Q1-2026-00004-EV-03,Ticket Record,,REF-538731,SIEM-Core
CSE-BRAVO-ALT-Q1-2026-00015,CSE-BRAVO-AST-0074,AVAILABLE,CSE-BRAVO-CASE-Q1-2026-00004,2026-01-30T03:14:12Z,CSE-BRAVO-CASE-Q1-2026-00004-EV-04,Packet Metadata Reference,SHA256:33920dd332e9523e,REF-487549,IAM-Monitor
CSE-BRAVO-ALT-Q1-2026-00019,CSE-BRAVO-AST-0010,AVAILABLE,CSE-BRAVO-CASE-Q1-2026-00005,2026-01-04T03:11:45Z,CSE-BRAVO-CASE-Q1-2026-00005-EV-01,Ticket Record,SHA256:fd01f2744e12921b,REF-368508,IAM-Monitor
CSE-BRAVO-ALT-Q1-2026-00020,CSE-BRAVO-AST-0036,AVAILABLE,CSE-BRAVO-CASE-Q1-2026-00006,2026-01-04T12:46:32Z,CSE-BRAVO-CASE-Q1-2026-00006-EV-01,Access Log Reference,SHA256:7632ca13aa4ae1e9,REF-827296,EDR-Sentinel
CSE-BRAVO-ALT-Q1-2026-00020,CSE-BRAVO-AST-0036,UNAVAILABLE,CSE-BRAVO-CASE-Q1-2026-00006,2026-01-04T10:08:32Z,CSE-BRAVO-CASE-Q1-2026-00006-EV-02,Email Header Reference,SHA256:d116a4d1ac37114b,REF-852914,Cloud-Sec-Posture
CSE-BRAVO-ALT-Q1-2026-00020,CSE-BRAVO-AST-0036,AVAILABLE,CSE-BRAVO-CASE-Q1-2026-00006,2026-01-04T14:35:32Z,CSE-BRAVO-CASE-Q1-2026-00006-EV-03,EDR Detection Record,,REF-822507,OT-Historian-Watch
CSE-BRAVO-ALT-Q1-2026-00020,CSE-BRAVO-AST-0036,AVAILABLE,CSE-BRAVO-CASE-Q1-2026-00006,2026-01-04T15:32:32Z,CSE-BRAVO-CASE-Q1-2026-00006-EV-04,Packet Metadata Reference,SHA256:5aacdeea9c9a4f72,REF-926575,NIDS-Perimeter
CSE-BRAVO-ALT-Q1-2026-00021,CSE-BRAVO-AST-0070,AVAILABLE,CSE-BRAVO-CASE-Q1-2026-00007,2026-01-07T19:30:08Z,CSE-BRAVO-CASE-Q1-2026-00007-EV-01,Config Snapshot Reference,,REF-561176,Cloud-Sec-Posture
CSE-BRAVO-ALT-Q1-2026-00021,CSE-BRAVO-AST-0070,AVAILABLE,CSE-BRAVO-CASE-Q1-2026-00007,2026-01-07T19:25:08Z,CSE-BRAVO-CASE-Q1-2026-00007-EV-02,Alert Raw Record,SHA256:0d4a9da75a6dad3d,REF-721301,EDR-Sentinel
CSE-BRAVO-ALT-Q1-2026-00021,CSE-BRAVO-AST-0070,AVAILABLE,CSE-BRAVO-CASE-Q1-2026-00007,2026-01-07T16:54:08Z,CSE-BRAVO-CASE-Q1-2026-00007-EV-03,Ticket Record,SHA256:72bd7efea7a998fb,REF-859162,Firewall-Log
CSE-BRAVO-ALT-Q1-2026-00021,CSE-BRAVO-AST-0070,AVAILABLE,CSE-BRAVO-CASE-Q1-2026-00007,2026-01-08T00:24:08Z,CSE-BRAVO-CASE-Q1-2026-00007-EV-04,EDR Detection Record,SHA256:8b8d52e7f65c6426,REF-565822,NIDS-Perimeter
CSE-BRAVO-ALT-Q1-2026-00021,CSE-BRAVO-AST-0070,AVAILABLE,CSE-BRAVO-CASE-Q1-2026-00007,2026-01-07T22:16:08Z,CSE-BRAVO-CASE-Q1-2026-00007-EV-05,Email Header Reference,SHA256:6d52b8cf4d9c2bb3,REF-406327,Firewall-Log
CSE-BRAVO-ALT-Q1-2026-00027,CSE-BRAVO-AST-0076,AVAILABLE,CSE-BRAVO-CASE-Q1-2026-00008,2026-02-05T00:20:25Z,CSE-BRAVO-CASE-Q1-2026-00008-EV-01,Access Log Reference,SHA256:65794c84f4840484,REF-255898,OT-Historian-Watch
CSE-BRAVO-ALT-Q1-2026-00027,CSE-BRAVO-AST-0076,AVAILABLE,CSE-BRAVO-CASE-Q1-2026-00008,2026-02-04T21:02:25Z,CSE-BRAVO-CASE-Q1-2026-00008-EV-02,Packet Metadata Reference,SHA256:818e1c79b6774abe,REF-902693,SIEM-Core
CSE-BRAVO-ALT-Q1-2026-00027,CSE-BRAVO-AST-0076,REDACTED,CSE-BRAVO-CASE-Q1-2026-00008,2026-02-04T21:31:25Z,CSE-BRAVO-CASE-Q1-2026-00008-EV-03,Alert Raw Record,SHA256:0f89c5d5bb64e061,REF-301067,IAM-Monitor
CSE-BRAVO-ALT-Q1-2026-00027,CSE-BRAVO-AST-0076,REDACTED,CSE-BRAVO-CASE-Q1-2026-00008,2026-02-04T20:46:25Z,CSE-BRAVO-CASE-Q1-2026-00008-EV-04,Config Snapshot Reference,SHA256:bd33b7fb1c582871,REF-784339,SIEM-Core
CSE-BRAVO-ALT-Q1-2026-00028,CSE-BRAVO-AST-0063,AVAILABLE,CSE-BRAVO-CASE-Q1-2026-00009,2026-03-08T07:25:40Z,CSE-BRAVO-CASE-Q1-2026-00009-EV-01,Packet Metadata Reference,,REF-911060,SIEM-Core
CSE-BRAVO-ALT-Q1-2026-00028,CSE-BRAVO-AST-0063,AVAILABLE,CSE-BRAVO-CASE-Q1-2026-00009,2026-03-08T05:07:40Z,CSE-BRAVO-CASE-Q1-2026-00009-EV-02,Packet Metadata Reference,SHA256:69cfc149c31c6773,REF-649891,NIDS-Perimeter
CSE-BRAVO-ALT-Q1-2026-00028,CSE-BRAVO-AST-0063,REDACTED,CSE-BRAVO-CASE-Q1-2026-00009,2026-03-08T02:59:40Z,CSE-BRAVO-CASE-Q1-2026-00009-EV-03,Access Log Reference,SHA256:58733c6be1569fb8,REF-866230,NIDS-Perimeter
CSE-BRAVO-ALT-Q1-2026-00029,CSE-BRAVO-AST-0046,AVAILABLE,CSE-BRAVO-CASE-Q1-2026-00010,2026-03-20T18:21:25Z,CSE-BRAVO-CASE-Q1-2026-00010-EV-01,Log Extract Reference,,REF-263698,IAM-Monitor
CSE-BRAVO-ALT-Q1-2026-00033,CSE-BRAVO-AST-0038,AVAILABLE,CSE-BRAVO-CASE-Q1-2026-00011,2026-01-29T03:14:03Z,CSE-BRAVO-CASE-Q1-2026-00011-EV-01,Access Log Reference,,REF-356258,SIEM-Core
CSE-BRAVO-ALT-Q1-2026-00033,CSE-BRAVO-AST-0038,REDACTED,CSE-BRAVO-CASE-Q1-2026-00011,2026-01-29T08:52:03Z,CSE-BRAVO-CASE-Q1-2026-00011-EV-02,Packet Metadata Reference,SHA256:6eb71487b546520a,REF-852906,Firewall-Log
CSE-BRAVO-ALT-Q1-2026-00033,CSE-BRAVO-AST-0038,AVAILABLE,CSE-BRAVO-CASE-Q1-2026-00011,2026-01-29T06:21:03Z,CSE-BRAVO-CASE-Q1-2026-00011-EV-03,Email Header Reference,,REF-250063,NIDS-Perimeter
CSE-BRAVO-ALT-Q1-2026-00033,CSE-BRAVO-AST-0038,AVAILABLE,CSE-BRAVO-CASE-Q1-2026-00011,2026-01-29T05:37:03Z,CSE-BRAVO-CASE-Q1-2026-00011-EV-04,Ticket Record,SHA256:cf5877212d778fa6,REF-992782,Cloud-Sec-Posture
CSE-BRAVO-ALT-Q1-2026-00040,CSE-BRAVO-AST-0030,AVAILABLE,CSE-BRAVO-CASE-Q1-2026-00012,2026-02-15T10:22:51Z,CSE-BRAVO-CASE-Q1-2026-00012-EV-01,EDR Detection Record,,REF-624451,SIEM-Core
CSE-BRAVO-ALT-Q1-2026-00040,CSE-BRAVO-AST-0030,AVAILABLE,CSE-BRAVO-CASE-Q1-2026-00012,2026-02-15T05:46:51Z,CSE-BRAVO-CASE-Q1-2026-00012-EV-02,EDR Detection Record,SHA256:d6f6b767ca90e879,REF-461731,EDR-Sentinel
CSE-BRAVO-ALT-Q1-2026-00040,CSE-BRAVO-AST-0030,AVAILABLE,CSE-BRAVO-CASE-Q1-2026-00012,2026-02-15T06:31:51Z,CSE-BRAVO-CASE-Q1-2026-00012-EV-03,Access Log Reference,SHA256:cd3cd4a8f2b14fb4,REF-657179,SIEM-Core
CSE-BRAVO-ALT-Q1-2026-00042,CSE-BRAVO-AST-0025,AVAILABLE,CSE-BRAVO-CASE-Q1-2026-00013,2026-02-21T05:39:20Z,CSE-BRAVO-CASE-Q1-2026-00013-EV-01,Config Snapshot Reference,SHA256:2ba3040f36fd6dba,REF-571140,IAM-Monitor
CSE-BRAVO-ALT-Q1-2026-00042,CSE-BRAVO-AST-0025,AVAILABLE,CSE-BRAVO-CASE-Q1-2026-00013,2026-02-21T01:16:20Z,CSE-BRAVO-CASE-Q1-2026-00013-EV-02,Config Snapshot Reference,SHA256:ebbb852f59f6c086,REF-823023,Cloud-Sec-Posture
CSE-BRAVO-ALT-Q1-2026-00042,CSE-BRAVO-AST-0025,AVAILABLE,CSE-BRAVO-CASE-Q1-2026-00013,2026-02-21T03:27:20Z,CSE-BRAVO-CASE-Q1-2026-00013-EV-03,Packet Metadata Reference,,REF-802196,SIEM-Core
CSE-BRAVO-ALT-Q1-2026-00049,CSE-BRAVO-AST-0020,AVAILABLE,CSE-BRAVO-CASE-Q1-2026-00014,2026-03-26T16:18:47Z,CSE-BRAVO-CASE-Q1-2026-00014-EV-01,Ticket Record,SHA256:0c889765fd911c8b,REF-949744,Firewall-Log
CSE-BRAVO-ALT-Q1-2026-00051,CSE-BRAVO-AST-0020,AVAILABLE,CSE-BRAVO-CASE-Q1-2026-00015,2026-02-28T06:30:18Z,CSE-BRAVO-CASE-Q1-2026-00015-EV-01,Access Log Reference,,REF-539162,NIDS-Perimeter
CSE-BRAVO-ALT-Q1-2026-00051,CSE-BRAVO-AST-0020,AVAILABLE,CSE-BRAVO-CASE-Q1-2026-00015,2026-02-28T05:26:18Z,CSE-BRAVO-CASE-Q1-2026-00015-EV-02,Config Snapshot Reference,,REF-738555,EDR-Sentinel
CSE-BRAVO-ALT-Q1-2026-00051,CSE-BRAVO-AST-0020,AVAILABLE,CSE-BRAVO-CASE-Q1-2026-00015,2026-02-28T07:56:18Z,CSE-BRAVO-CASE-Q1-2026-00015-EV-03,EDR Detection Record,,REF-852831,OT-Historian-Watch
CSE-BRAVO-ALT-Q1-2026-00051,CSE-BRAVO-AST-0020,AVAILABLE,CSE-BRAVO-CASE-Q1-2026-00015,2026-02-28T04:37:18Z,CSE-BRAVO-CASE-Q1-2026-00015-EV-04,Ticket Record,,REF-323864,SIEM-Core
CSE-BRAVO-ALT-Q1-2026-00052,CSE-BRAVO-AST-0042,AVAILABLE,CSE-BRAVO-CASE-Q1-2026-00016,2026-01-30T06:44:19Z,CSE-BRAVO-CASE-Q1-2026-00016-EV-01,Log Extract Reference,SHA256:c822e06d6f6c7729,REF-380165,EDR-Sentinel
CSE-BRAVO-ALT-Q1-2026-00053,CSE-BRAVO-AST-0002,REDACTED,CSE-BRAVO-CASE-Q1-2026-00017,2026-03-22T09:13:50Z,CSE-BRAVO-CASE-Q1-2026-00017-EV-01,Config Snapshot Reference,SHA256:52b0bdc62ce957e7,REF-810219,EDR-Sentinel
CSE-BRAVO-ALT-Q1-2026-00053,CSE-BRAVO-AST-0002,AVAILABLE,CSE-BRAVO-CASE-Q1-2026-00017,2026-03-22T15:11:50Z,CSE-BRAVO-CASE-Q1-2026-00017-EV-02,Ticket Record,SHA256:ed926bdfe5bcb7b8,REF-703894,Cloud-Sec-Posture
CSE-BRAVO-ALT-Q1-2026-00053,CSE-BRAVO-AST-0002,AVAILABLE,CSE-BRAVO-CASE-Q1-2026-00017,2026-03-22T09:52:50Z,CSE-BRAVO-CASE-Q1-2026-00017-EV-03,Ticket Record,,REF-151261,Cloud-Sec-Posture
CSE-BRAVO-ALT-Q1-2026-00053,CSE-BRAVO-AST-0002,AVAILABLE,CSE-BRAVO-CASE-Q1-2026-00017,2026-03-22T14:31:50Z,CSE-BRAVO-CASE-Q1-2026-00017-EV-04,Log Extract Reference,SHA256:9d1ae833c6589778,REF-347902,NIDS-Perimeter
CSE-BRAVO-ALT-Q1-2026-00058,CSE-BRAVO-AST-0049,AVAILABLE,CSE-BRAVO-CASE-Q1-2026-00018,2026-01-10T01:52:13Z,CSE-BRAVO-CASE-Q1-2026-00018-EV-01,Ticket Record,SHA256:a366e9f8242f0222,REF-511052,NIDS-Perimeter
CSE-BRAVO-ALT-Q1-2026-00058,CSE-BRAVO-AST-0049,AVAILABLE,CSE-BRAVO-CASE-Q1-2026-00018,2026-01-10T07:48:13Z,CSE-BRAVO-CASE-Q1-2026-00018-EV-02,Email Header Reference,,REF-406976,IAM-Monitor
CSE-BRAVO-ALT-Q1-2026-00058,CSE-BRAVO-AST-0049,AVAILABLE,CSE-BRAVO-CASE-Q1-2026-00018,2026-01-10T05:51:13Z,CSE-BRAVO-CASE-Q1-2026-00018-EV-03,Log Extract Reference,SHA256:c8a15ac9cccd4640,REF-321985,IAM-Monitor
CSE-BRAVO-ALT-Q1-2026-00058,CSE-BRAVO-AST-0049,AVAILABLE,CSE-BRAVO-CASE-Q1-2026-00018,2026-01-10T00:57:13Z,CSE-BRAVO-CASE-Q1-2026-00018-EV-04,Access Log Reference,SHA256:86578e382b294f61,REF-335765,OT-Historian-Watch
CSE-BRAVO-ALT-Q1-2026-00066,CSE-BRAVO-AST-0021,AVAILABLE,CSE-BRAVO-CASE-Q1-2026-00019,2026-01-30T04:34:41Z,CSE-BRAVO-CASE-Q1-2026-00019-EV-01,EDR Detection Record,SHA256:6d47d1230c64fc31,REF-335040,EDR-Sentinel
CSE-BRAVO-ALT-Q1-2026-00066,CSE-BRAVO-AST-0021,AVAILABLE,CSE-BRAVO-CASE-Q1-2026-00019,2026-01-29T21:12:41Z,CSE-BRAVO-CASE-Q1-2026-00019-EV-02,Alert Raw Record,SHA256:4d806623b4c63255,REF-419459,IAM-Monitor
CSE-BRAVO-ALT-Q1-2026-00066,CSE-BRAVO-AST-0021,AVAILABLE,CSE-BRAVO-CASE-Q1-2026-00019,2026-01-29T23:09:41Z,CSE-BRAVO-CASE-Q1-2026-00019-EV-03,Email Header Reference,SHA256:dd435ec7c649ced7,REF-245997,EDR-Sentinel
CSE-BRAVO-ALT-Q1-2026-00066,CSE-BRAVO-AST-0021,AVAILABLE,CSE-BRAVO-CASE-Q1-2026-00019,2026-01-29T22:46:41Z,CSE-BRAVO-CASE-Q1-2026-00019-EV-04,Packet Metadata Reference,SHA256:6a521f318eb9dced,REF-368316,Cloud-Sec-Posture
CSE-BRAVO-ALT-Q1-2026-00076,CSE-BRAVO-AST-0027,AVAILABLE,CSE-BRAVO-CASE-Q1-2026-00020,2026-02-21T01:57:32Z,CSE-BRAVO-CASE-Q1-2026-00020-EV-01,Email Header Reference,SHA256:57300eb5abc773c0,REF-502227,EDR-Sentinel
CSE-BRAVO-ALT-Q1-2026-00076,CSE-BRAVO-AST-0027,AVAILABLE,CSE-BRAVO-CASE-Q1-2026-00020,2026-02-20T22:08:32Z,CSE-BRAVO-CASE-Q1-2026-00020-EV-02,Email Header Reference,SHA256:8c9f616c6407dd41,REF-889934,EDR-Sentinel
CSE-BRAVO-ALT-Q1-2026-00076,CSE-BRAVO-AST-0027,AVAILABLE,CSE-BRAVO-CASE-Q1-2026-00020,2026-02-20T21:06:32Z,CSE-BRAVO-CASE-Q1-2026-00020-EV-03,Access Log Reference,SHA256:5c93b73365161069,REF-181366,IAM-Monitor
CSE-BRAVO-ALT-Q1-2026-00076,CSE-BRAVO-AST-0027,AVAILABLE,CSE-BRAVO-CASE-Q1-2026-00020,2026-02-20T23:28:32Z,CSE-BRAVO-CASE-Q1-2026-00020-EV-04,Email Header Reference,,REF-399430,Cloud-Sec-Posture
CSE-BRAVO-ALT-Q1-2026-00080,CSE-BRAVO-AST-0003,AVAILABLE,CSE-BRAVO-CASE-Q1-2026-00021,2026-01-04T07:49:41Z,CSE-BRAVO-CASE-Q1-2026-00021-EV-01,EDR Detection Record,SHA256:f07bebc8af80e4e0,REF-746024,OT-Historian-Watch
CSE-BRAVO-ALT-Q1-2026-00080,CSE-BRAVO-AST-0003,AVAILABLE,CSE-BRAVO-CASE-Q1-2026-00021,2026-01-04T07:21:41Z,CSE-BRAVO-CASE-Q1-2026-00021-EV-02,Email Header Reference,,REF-468925,NIDS-Perimeter
CSE-BRAVO-ALT-Q1-2026-00080,CSE-BRAVO-AST-0003,AVAILABLE,CSE-BRAVO-CASE-Q1-2026-00021,2026-01-04T04:58:41Z,CSE-BRAVO-CASE-Q1-2026-00021-EV-03,Email Header Reference,SHA256:e5c9fa8d63f5d505,REF-209052,Cloud-Sec-Posture
CSE-BRAVO-ALT-Q1-2026-00080,CSE-BRAVO-AST-0003,AVAILABLE,CSE-BRAVO-CASE-Q1-2026-00021,2026-01-04T06:00:41Z,CSE-BRAVO-CASE-Q1-2026-00021-EV-04,EDR Detection Record,,REF-358974,Firewall-Log
CSE-BRAVO-ALT-Q1-2026-00080,CSE-BRAVO-AST-0003,UNAVAILABLE,CSE-BRAVO-CASE-Q1-2026-00021,2026-01-04T07:37:41Z,CSE-BRAVO-CASE-Q1-2026-00021-EV-05,Log Extract Reference,SHA256:7501b5b3cd2700dd,REF-406544,NIDS-Perimeter
CSE-BRAVO-ALT-Q1-2026-00086,CSE-BRAVO-AST-0015,AVAILABLE,CSE-BRAVO-CASE-Q1-2026-00022,2026-01-21T16:26:32Z,CSE-BRAVO-CASE-Q1-2026-00022-EV-01,EDR Detection Record,SHA256:14d37aa9bfa00c33,REF-274095,NIDS-Perimeter
CSE-BRAVO-ALT-Q1-2026-00086,CSE-BRAVO-AST-0015,REDACTED,CSE-BRAVO-CASE-Q1-2026-00022,2026-01-21T20:18:32Z,CSE-BRAVO-CASE-Q1-2026-00022-EV-02,Alert Raw Record,SHA256:4f5b53198138efb6,REF-921227,Firewall-Log
CSE-BRAVO-ALT-Q1-2026-00086,CSE-BRAVO-AST-0015,AVAILABLE,CSE-BRAVO-CASE-Q1-2026-00022,2026-01-21T18:16:32Z,CSE-BRAVO-CASE-Q1-2026-00022-EV-03,EDR Detection Record,SHA256:fb15765fa417b868,REF-464082,NIDS-Perimeter
CSE-BRAVO-ALT-Q1-2026-00093,CSE-BRAVO-AST-0010,UNAVAILABLE,CSE-BRAVO-CASE-Q1-2026-00023,2026-01-10T11:11:21Z,CSE-BRAVO-CASE-Q1-2026-00023-EV-01,Packet Metadata Reference,SHA256:a0e96aa52706896c,REF-237343,OT-Historian-Watch
CSE-BRAVO-ALT-Q1-2026-00093,CSE-BRAVO-AST-0010,REDACTED,CSE-BRAVO-CASE-Q1-2026-00023,2026-01-10T09:52:21Z,CSE-BRAVO-CASE-Q1-2026-00023-EV-02,Log Extract Reference,SHA256:ba43ba05c2847586,REF-349924,Cloud-Sec-Posture
CSE-BRAVO-ALT-Q1-2026-00093,CSE-BRAVO-AST-0010,AVAILABLE,CSE-BRAVO-CASE-Q1-2026-00023,2026-01-10T17:47:21Z,CSE-BRAVO-CASE-Q1-2026-00023-EV-03,Log Extract Reference,SHA256:bd48b70a3d3c7116,REF-208869,SIEM-Core
CSE-BRAVO-ALT-Q1-2026-00093,CSE-BRAVO-AST-0010,AVAILABLE,CSE-BRAVO-CASE-Q1-2026-00023,2026-01-10T18:01:21Z,CSE-BRAVO-CASE-Q1-2026-00023-EV-04,Log Extract Reference,SHA256:7b6d4d0d423fd189,REF-980723,Firewall-Log
CSE-BRAVO-ALT-Q1-2026-00094,CSE-BRAVO-AST-0038,AVAILABLE,CSE-BRAVO-CASE-Q1-2026-00024,2026-03-19T09:33:09Z,CSE-BRAVO-CASE-Q1-2026-00024-EV-01,Alert Raw Record,SHA256:0a43552bf64bcac9,REF-175997,Firewall-Log
CSE-BRAVO-ALT-Q1-2026-00094,CSE-BRAVO-AST-0038,AVAILABLE,CSE-BRAVO-CASE-Q1-2026-00024,2026-03-19T09:16:09Z,CSE-BRAVO-CASE-Q1-2026-00024-EV-02,Ticket Record,,REF-984325,OT-Historian-Watch
CSE-BRAVO-ALT-Q1-2026-00094,CSE-BRAVO-AST-0038,AVAILABLE,CSE-BRAVO-CASE-Q1-2026-00024,2026-03-19T09:16:09Z,CSE-BRAVO-CASE-Q1-2026-00024-EV-03,Ticket Record,,REF-119523,SIEM-Core
CSE-BRAVO-ALT-Q1-2026-00098,CSE-BRAVO-AST-0069,AVAILABLE,CSE-BRAVO-CASE-Q1-2026-00025,2026-01-29T18:59:18Z,CSE-BRAVO-CASE-Q1-2026-00025-EV-01,Alert Raw Record,SHA256:cd1e4a485a8c2ccc,REF-696948,IAM-Monitor
CSE-BRAVO-ALT-Q1-2026-00098,CSE-BRAVO-AST-0069,AVAILABLE,CSE-BRAVO-CASE-Q1-2026-00025,2026-01-30T00:44:18Z,CSE-BRAVO-CASE-Q1-2026-00025-EV-02,Access Log Reference,SHA256:844bac829ff75c6d,REF-694039,IAM-Monitor
CSE-BRAVO-ALT-Q1-2026-00098,CSE-BRAVO-AST-0069,AVAILABLE,CSE-BRAVO-CASE-Q1-2026-00025,2026-01-29T18:02:18Z,CSE-BRAVO-CASE-Q1-2026-00025-EV-03,Config Snapshot Reference,SHA256:284ce2826f5feb12,REF-497477,Cloud-Sec-Posture
CSE-BRAVO-ALT-Q1-2026-00098,CSE-BRAVO-AST-0069,AVAILABLE,CSE-BRAVO-CASE-Q1-2026-00025,2026-01-30T00:38:18Z,CSE-BRAVO-CASE-Q1-2026-00025-EV-04,Config Snapshot Reference,,REF-711838,EDR-Sentinel
CSE-BRAVO-ALT-Q1-2026-00104,CSE-BRAVO-AST-0030,AVAILABLE,CSE-BRAVO-CASE-Q1-2026-00026,2026-02-19T21:50:10Z,CSE-BRAVO-CASE-Q1-2026-00026-EV-01,Access Log Reference,SHA256:98ce63708503de66,REF-584148,EDR-Sentinel
CSE-BRAVO-ALT-Q1-2026-00104,CSE-BRAVO-AST-0030,AVAILABLE,CSE-BRAVO-CASE-Q1-2026-00026,2026-02-19T22:45:10Z,CSE-BRAVO-CASE-Q1-2026-00026-EV-02,Log Extract Reference,SHA256:c83ff8934dc46fbe,REF-110750,NIDS-Perimeter
CSE-BRAVO-ALT-Q1-2026-00104,CSE-BRAVO-AST-0030,AVAILABLE,CSE-BRAVO-CASE-Q1-2026-00026,2026-02-19T23:24:10Z,CSE-BRAVO-CASE-Q1-2026-00026-EV-03,EDR Detection Record,SHA256:0751b34e8f4682ed,REF-758500,SIEM-Core
CSE-BRAVO-ALT-Q1-2026-00111,CSE-BRAVO-AST-0061,AVAILABLE,CSE-BRAVO-CASE-Q1-2026-00027,2026-03-08T11:46:39Z,CSE-BRAVO-CASE-Q1-2026-00027-EV-01,EDR Detection Record,,REF-650605,Cloud-Sec-Posture
CSE-BRAVO-ALT-Q1-2026-00111,CSE-BRAVO-AST-0061,AVAILABLE,CSE-BRAVO-CASE-Q1-2026-00027,2026-03-08T07:54:39Z,CSE-BRAVO-CASE-Q1-2026-00027-EV-02,Log Extract Reference,SHA256:cf9adb33edb90eb0,REF-749205,OT-Historian-Watch
CSE-BRAVO-ALT-Q1-2026-00111,CSE-BRAVO-AST-0061,AVAILABLE,CSE-BRAVO-CASE-Q1-2026-00027,2026-03-08T02:56:39Z,CSE-BRAVO-CASE-Q1-2026-00027-EV-03,Config Snapshot Reference,SHA256:87c630b62bed6e30,REF-712950,Firewall-Log
CSE-BRAVO-ALT-Q1-2026-00111,CSE-BRAVO-AST-0061,AVAILABLE,CSE-BRAVO-CASE-Q1-2026-00027,2026-03-08T04:40:39Z,CSE-BRAVO-CASE-Q1-2026-00027-EV-04,Email Header Reference,SHA256:bb6782f2b32b56b2,REF-370303,Firewall-Log
CSE-BRAVO-ALT-Q1-2026-00113,CSE-BRAVO-AST-0038,AVAILABLE,CSE-BRAVO-CASE-Q1-2026-00028,2026-03-03T14:14:43Z,CSE-BRAVO-CASE-Q1-2026-00028-EV-01,EDR Detection Record,SHA256:162747901a5e4f83,REF-376119,Cloud-Sec-Posture
CSE-BRAVO-ALT-Q1-2026-00114,CSE-BRAVO-AST-0027,AVAILABLE,CSE-BRAVO-CASE-Q1-2026-00029,2026-02-16T22:11:38Z,CSE-BRAVO-CASE-Q1-2026-00029-EV-01,Email Header Reference,,REF-667545,OT-Historian-Watch
CSE-BRAVO-ALT-Q1-2026-00119,CSE-BRAVO-AST-0077,AVAILABLE,CSE-BRAVO-CASE-Q1-2026-00030,2026-01-15T22:09:33Z,CSE-BRAVO-CASE-Q1-2026-00030-EV-01,Email Header Reference,SHA256:46f70ae38f3bcffc,REF-931909,OT-Historian-Watch
CSE-BRAVO-ALT-Q1-2026-00124,CSE-BRAVO-AST-0009,AVAILABLE,CSE-BRAVO-CASE-Q1-2026-00031,2026-02-01T23:34:25Z,CSE-BRAVO-CASE-Q1-2026-00031-EV-01,Config Snapshot Reference,SHA256:e4b217265083907a,REF-380575,SIEM-Core
CSE-BRAVO-ALT-Q1-2026-00124,CSE-BRAVO-AST-0009,AVAILABLE,CSE-BRAVO-CASE-Q1-2026-00031,2026-02-02T00:20:25Z,CSE-BRAVO-CASE-Q1-2026-00031-EV-02,Email Header Reference,,REF-597062,NIDS-Perimeter
CSE-BRAVO-ALT-Q1-2026-00124,CSE-BRAVO-AST-0009,UNAVAILABLE,CSE-BRAVO-CASE-Q1-2026-00031,2026-02-02T03:09:25Z,CSE-BRAVO-CASE-Q1-2026-00031-EV-03,Ticket Record,,REF-990147,SIEM-Core
CSE-BRAVO-ALT-Q1-2026-00124,CSE-BRAVO-AST-0009,AVAILABLE,CSE-BRAVO-CASE-Q1-2026-00031,2026-02-02T01:22:25Z,CSE-BRAVO-CASE-Q1-2026-00031-EV-04,Packet Metadata Reference,,REF-406110,NIDS-Perimeter
CSE-BRAVO-ALT-Q1-2026-00124,CSE-BRAVO-AST-0009,AVAILABLE,CSE-BRAVO-CASE-Q1-2026-00031,2026-02-02T05:13:25Z,CSE-BRAVO-CASE-Q1-2026-00031-EV-05,Packet Metadata Reference,SHA256:e9da6b26f83b5a65,REF-148778,Firewall-Log
CSE-BRAVO-ALT-Q1-2026-00127,CSE-BRAVO-AST-0047,AVAILABLE,CSE-BRAVO-CASE-Q1-2026-00032,2026-03-05T14:37:42Z,CSE-BRAVO-CASE-Q1-2026-00032-EV-01,Log Extract Reference,SHA256:bf0aee73bf621bb2,REF-362569,SIEM-Core
CSE-BRAVO-ALT-Q1-2026-00127,CSE-BRAVO-AST-0047,AVAILABLE,CSE-BRAVO-CASE-Q1-2026-00032,2026-03-05T14:08:42Z,CSE-BRAVO-CASE-Q1-2026-00032-EV-02,EDR Detection Record,,REF-308408,NIDS-Perimeter
CSE-BRAVO-ALT-Q1-2026-00127,CSE-BRAVO-AST-0047,AVAILABLE,CSE-BRAVO-CASE-Q1-2026-00032,2026-03-05T14:11:42Z,CSE-BRAVO-CASE-Q1-2026-00032-EV-03,Access Log Reference,SHA256:3d6430c2d6501526,REF-282806,NIDS-Perimeter
CSE-BRAVO-ALT-Q1-2026-00127,CSE-BRAVO-AST-0047,AVAILABLE,CSE-BRAVO-CASE-Q1-2026-00032,2026-03-05T22:02:42Z,CSE-BRAVO-CASE-Q1-2026-00032-EV-04,EDR Detection Record,,REF-321736,OT-Historian-Watch
CSE-BRAVO-ALT-Q1-2026-00133,CSE-BRAVO-AST-0006,UNAVAILABLE,CSE-BRAVO-CASE-Q1-2026-00033,2026-01-18T15:22:36Z,CSE-BRAVO-CASE-Q1-2026-00033-EV-01,Config Snapshot Reference,SHA256:1162344cab400728,REF-125803,Cloud-Sec-Posture
CSE-BRAVO-ALT-Q1-2026-00133,CSE-BRAVO-AST-0006,AVAILABLE,CSE-BRAVO-CASE-Q1-2026-00033,2026-01-18T07:15:36Z,CSE-BRAVO-CASE-Q1-2026-00033-EV-02,Alert Raw Record,,REF-406109,Firewall-Log
CSE-BRAVO-ALT-Q1-2026-00133,CSE-BRAVO-AST-0006,AVAILABLE,CSE-BRAVO-CASE-Q1-2026-00033,2026-01-18T14:28:36Z,CSE-BRAVO-CASE-Q1-2026-00033-EV-03,Config Snapshot Reference,,REF-447863,NIDS-Perimeter
CSE-BRAVO-ALT-Q1-2026-00136,CSE-BRAVO-AST-0063,AVAILABLE,CSE-BRAVO-CASE-Q1-2026-00034,2026-03-24T11:04:10Z,CSE-BRAVO-CASE-Q1-2026-00034-EV-01,Log Extract Reference,SHA256:90580d94191882cc,REF-624650,NIDS-Perimeter
CSE-BRAVO-ALT-Q1-2026-00136,CSE-BRAVO-AST-0063,AVAILABLE,CSE-BRAVO-CASE-Q1-2026-00034,2026-03-24T14:23:10Z,CSE-BRAVO-CASE-Q1-2026-00034-EV-02,Ticket Record,,REF-194229,NIDS-Perimeter
CSE-BRAVO-ALT-Q1-2026-00136,CSE-BRAVO-AST-0063,AVAILABLE,CSE-BRAVO-CASE-Q1-2026-00034,2026-03-24T11:08:10Z,CSE-BRAVO-CASE-Q1-2026-00034-EV-03,Alert Raw Record,SHA256:fb7485a57b236256,REF-172246,Firewall-Log
CSE-BRAVO-ALT-Q1-2026-00140,CSE-BRAVO-AST-0048,AVAILABLE,CSE-BRAVO-CASE-Q1-2026-00035,2026-03-29T11:31:44Z,CSE-BRAVO-CASE-Q1-2026-00035-EV-01,EDR Detection Record,SHA256:5777777738a847d0,REF-378023,EDR-Sentinel
CSE-BRAVO-ALT-Q1-2026-00140,CSE-BRAVO-AST-0048,AVAILABLE,CSE-BRAVO-CASE-Q1-2026-00035,2026-03-29T11:23:44Z,CSE-BRAVO-CASE-Q1-2026-00035-EV-02,Config Snapshot Reference,,REF-498269,OT-Historian-Watch
CSE-BRAVO-ALT-Q1-2026-00140,CSE-BRAVO-AST-0048,AVAILABLE,CSE-BRAVO-CASE-Q1-2026-00035,2026-03-29T06:10:44Z,CSE-BRAVO-CASE-Q1-2026-00035-EV-03,Config Snapshot Reference,SHA256:171e2cc49e98da54,REF-132327,OT-Historian-Watch
CSE-BRAVO-ALT-Q1-2026-00140,CSE-BRAVO-AST-0048,AVAILABLE,CSE-BRAVO-CASE-Q1-2026-00035,2026-03-29T04:41:44Z,CSE-BRAVO-CASE-Q1-2026-00035-EV-04,Access Log Reference,SHA256:6f322b93d969a684,REF-220476,IAM-Monitor
CSE-BRAVO-ALT-Q1-2026-00143,CSE-BRAVO-AST-0044,AVAILABLE,CSE-BRAVO-CASE-Q1-2026-00036,2026-01-03T21:35:49Z,CSE-BRAVO-CASE-Q1-2026-00036-EV-01,Config Snapshot Reference,SHA256:3ab5685bbca15589,REF-303375,NIDS-Perimeter
CSE-BRAVO-ALT-Q1-2026-00143,CSE-BRAVO-AST-0044,AVAILABLE,CSE-BRAVO-CASE-Q1-2026-00036,2026-01-03T16:02:49Z,CSE-BRAVO-CASE-Q1-2026-00036-EV-02,EDR Detection Record,SHA256:94f38a4a6a16ec7b,REF-655407,Firewall-Log
CSE-BRAVO-ALT-Q1-2026-00143,CSE-BRAVO-AST-0044,AVAILABLE,CSE-BRAVO-CASE-Q1-2026-00036,2026-01-03T15:13:49Z,CSE-BRAVO-CASE-Q1-2026-00036-EV-03,Email Header Reference,,REF-460476,Cloud-Sec-Posture
CSE-BRAVO-ALT-Q1-2026-00145,CSE-BRAVO-AST-0072,AVAILABLE,CSE-BRAVO-CASE-Q1-2026-00037,2026-03-08T05:37:26Z,CSE-BRAVO-CASE-Q1-2026-00037-EV-01,Log Extract Reference,SHA256:d3bd839b6612687a,REF-585301,Firewall-Log
CSE-BRAVO-ALT-Q1-2026-00145,CSE-BRAVO-AST-0072,AVAILABLE,CSE-BRAVO-CASE-Q1-2026-00037,2026-03-08T02:19:26Z,CSE-BRAVO-CASE-Q1-2026-00037-EV-02,Packet Metadata Reference,,REF-695879,Firewall-Log
CSE-BRAVO-ALT-Q1-2026-00145,CSE-BRAVO-AST-0072,AVAILABLE,CSE-BRAVO-CASE-Q1-2026-00037,2026-03-08T04:34:26Z,CSE-BRAVO-CASE-Q1-2026-00037-EV-03,Alert Raw Record,SHA256:244dec547e94d60b,REF-579136,Firewall-Log
CSE-BRAVO-ALT-Q1-2026-00148,CSE-BRAVO-AST-0067,AVAILABLE,CSE-BRAVO-CASE-Q1-2026-00038,2026-01-30T15:56:54Z,CSE-BRAVO-CASE-Q1-2026-00038-EV-01,Log Extract Reference,SHA256:368f6bce2ac9cbc2,REF-161084,IAM-Monitor
CSE-BRAVO-ALT-Q1-2026-00148,CSE-BRAVO-AST-0067,AVAILABLE,CSE-BRAVO-CASE-Q1-2026-00038,2026-01-30T18:49:54Z,CSE-BRAVO-CASE-Q1-2026-00038-EV-02,Access Log Reference,SHA256:07cd0c8ee0f4ca39,REF-594726,SIEM-Core
CSE-BRAVO-ALT-Q1-2026-00148,CSE-BRAVO-AST-0067,AVAILABLE,CSE-BRAVO-CASE-Q1-2026-00038,2026-01-30T16:41:54Z,CSE-BRAVO-CASE-Q1-2026-00038-EV-03,Packet Metadata Reference,SHA256:d341b4938d388a90,REF-507020,Firewall-Log
CSE-BRAVO-ALT-Q1-2026-00148,CSE-BRAVO-AST-0067,AVAILABLE,CSE-BRAVO-CASE-Q1-2026-00038,2026-01-30T18:24:54Z,CSE-BRAVO-CASE-Q1-2026-00038-EV-04,Access Log Reference,SHA256:5f0286c634c7fcea,REF-623429,SIEM-Core
CSE-BRAVO-ALT-Q1-2026-00149,CSE-BRAVO-AST-0075,AVAILABLE,CSE-BRAVO-CASE-Q1-2026-00039,2026-01-23T15:55:01Z,CSE-BRAVO-CASE-Q1-2026-00039-EV-01,Packet Metadata Reference,,REF-434268,OT-Historian-Watch
CSE-BRAVO-ALT-Q1-2026-00149,CSE-BRAVO-AST-0075,AVAILABLE,CSE-BRAVO-CASE-Q1-2026-00039,2026-01-23T17:25:01Z,CSE-BRAVO-CASE-Q1-2026-00039-EV-02,Log Extract Reference,SHA256:7fff09a7313fd618,REF-235456,Cloud-Sec-Posture
CSE-BRAVO-ALT-Q1-2026-00149,CSE-BRAVO-AST-0075,REDACTED,CSE-BRAVO-CASE-Q1-2026-00039,2026-01-23T09:02:01Z,CSE-BRAVO-CASE-Q1-2026-00039-EV-03,Log Extract Reference,SHA256:3b7d1ce8c810f732,REF-908586,NIDS-Perimeter
CSE-BRAVO-ALT-Q1-2026-00149,CSE-BRAVO-AST-0075,REDACTED,CSE-BRAVO-CASE-Q1-2026-00039,2026-01-23T16:08:01Z,CSE-BRAVO-CASE-Q1-2026-00039-EV-04,Access Log Reference,SHA256:2cf578651356a845,REF-449719,Cloud-Sec-Posture
CSE-BRAVO-ALT-Q1-2026-00150,CSE-BRAVO-AST-0055,AVAILABLE,CSE-BRAVO-CASE-Q1-2026-00040,2026-01-24T11:04:56Z,CSE-BRAVO-CASE-Q1-2026-00040-EV-01,Log Extract Reference,SHA256:5c510f98c6c68004,REF-452248,NIDS-Perimeter
CSE-BRAVO-ALT-Q1-2026-00150,CSE-BRAVO-AST-0055,UNAVAILABLE,CSE-BRAVO-CASE-Q1-2026-00040,2026-01-24T09:14:56Z,CSE-BRAVO-CASE-Q1-2026-00040-EV-02,EDR Detection Record,,REF-686855,Cloud-Sec-Posture
CSE-BRAVO-ALT-Q1-2026-00150,CSE-BRAVO-AST-0055,AVAILABLE,CSE-BRAVO-CASE-Q1-2026-00040,2026-01-24T13:26:56Z,CSE-BRAVO-CASE-Q1-2026-00040-EV-03,Packet Metadata Reference,SHA256:1adf11ef56bb13e3,REF-958106,EDR-Sentinel
CSE-BRAVO-ALT-Q1-2026-00150,CSE-BRAVO-AST-0055,REDACTED,CSE-BRAVO-CASE-Q1-2026-00040,2026-01-24T15:26:56Z,CSE-BRAVO-CASE-Q1-2026-00040-EV-04,Packet Metadata Reference,SHA256:987e5b06a4fdc083,REF-753215,Firewall-Log
CSE-BRAVO-ALT-Q1-2026-00150,CSE-BRAVO-AST-0055,REDACTED,CSE-BRAVO-CASE-Q1-2026-00040,2026-01-24T17:07:56Z,CSE-BRAVO-CASE-Q1-2026-00040-EV-05,EDR Detection Record,SHA256:95ea3d7111bdcb2f,REF-738155,NIDS-Perimeter
CSE-BRAVO-ALT-Q1-2026-00152,CSE-BRAVO-AST-0022,AVAILABLE,CSE-BRAVO-CASE-Q1-2026-00041,2026-03-25T14:50:35Z,CSE-BRAVO-CASE-Q1-2026-00041-EV-01,EDR Detection Record,SHA256:490fa3f7cd480d7e,REF-468313,SIEM-Core
CSE-BRAVO-ALT-Q1-2026-00152,CSE-BRAVO-AST-0022,AVAILABLE,CSE-BRAVO-CASE-Q1-2026-00041,2026-03-25T16:36:35Z,CSE-BRAVO-CASE-Q1-2026-00041-EV-02,EDR Detection Record,,REF-566326,Cloud-Sec-Posture
CSE-BRAVO-ALT-Q1-2026-00152,CSE-BRAVO-AST-0022,AVAILABLE,CSE-BRAVO-CASE-Q1-2026-00041,2026-03-25T10:41:35Z,CSE-BRAVO-CASE-Q1-2026-00041-EV-03,Ticket Record,SHA256:a8caefe4c680cda4,REF-675806,Cloud-Sec-Posture
CSE-BRAVO-ALT-Q1-2026-00152,CSE-BRAVO-AST-0022,AVAILABLE,CSE-BRAVO-CASE-Q1-2026-00041,2026-03-25T14:21:35Z,CSE-BRAVO-CASE-Q1-2026-00041-EV-04,Email Header Reference,SHA256:3e1b3731f7e8a6db,REF-438557,Cloud-Sec-Posture
CSE-BRAVO-ALT-Q1-2026-00153,CSE-BRAVO-AST-0059,AVAILABLE,CSE-BRAVO-CASE-Q1-2026-00042,2026-03-04T13:55:57Z,CSE-BRAVO-CASE-Q1-2026-00042-EV-01,Access Log Reference,,REF-972964,NIDS-Perimeter
CSE-BRAVO-ALT-Q1-2026-00153,CSE-BRAVO-AST-0059,AVAILABLE,CSE-BRAVO-CASE-Q1-2026-00042,2026-03-04T09:35:57Z,CSE-BRAVO-CASE-Q1-2026-00042-EV-02,EDR Detection Record,SHA256:ba58e3a71715c18f,REF-140066,OT-Historian-Watch
CSE-BRAVO-ALT-Q1-2026-00153,CSE-BRAVO-AST-0059,AVAILABLE,CSE-BRAVO-CASE-Q1-2026-00042,2026-03-04T09:34:57Z,CSE-BRAVO-CASE-Q1-2026-00042-EV-03,Access Log Reference,SHA256:8f7b7af978685fff,REF-551708,Cloud-Sec-Posture
CSE-BRAVO-ALT-Q1-2026-00153,CSE-BRAVO-AST-0059,AVAILABLE,CSE-BRAVO-CASE-Q1-2026-00042,2026-03-04T13:42:57Z,CSE-BRAVO-CASE-Q1-2026-00042-EV-04,Email Header Reference,,REF-403835,EDR-Sentinel
CSE-BRAVO-ALT-Q1-2026-00153,CSE-BRAVO-AST-0059,AVAILABLE,CSE-BRAVO-CASE-Q1-2026-00042,2026-03-04T12:06:57Z,CSE-BRAVO-CASE-Q1-2026-00042-EV-05,Email Header Reference,,REF-544071,IAM-Monitor
CSE-BRAVO-ALT-Q1-2026-00158,CSE-BRAVO-AST-0068,AVAILABLE,CSE-BRAVO-CASE-Q1-2026-00043,2026-03-18T14:26:47Z,CSE-BRAVO-CASE-Q1-2026-00043-EV-01,Config Snapshot Reference,SHA256:f9c9c173a82469e8,REF-767832,OT-Historian-Watch
CSE-BRAVO-ALT-Q1-2026-00158,CSE-BRAVO-AST-0068,UNAVAILABLE,CSE-BRAVO-CASE-Q1-2026-00043,2026-03-18T07:08:47Z,CSE-BRAVO-CASE-Q1-2026-00043-EV-02,Config Snapshot Reference,,REF-756604,EDR-Sentinel
CSE-BRAVO-ALT-Q1-2026-00158,CSE-BRAVO-AST-0068,UNAVAILABLE,CSE-BRAVO-CASE-Q1-2026-00043,2026-03-18T08:41:47Z,CSE-BRAVO-CASE-Q1-2026-00043-EV-03,Email Header Reference,,REF-845078,EDR-Sentinel
CSE-BRAVO-ALT-Q1-2026-00165,CSE-BRAVO-AST-0033,REDACTED,CSE-BRAVO-CASE-Q1-2026-00044,2026-01-14T07:25:15Z,CSE-BRAVO-CASE-Q1-2026-00044-EV-01,Email Header Reference,SHA256:44c820ce38388afd,REF-143619,Cloud-Sec-Posture
CSE-BRAVO-ALT-Q1-2026-00165,CSE-BRAVO-AST-0033,AVAILABLE,CSE-BRAVO-CASE-Q1-2026-00044,2026-01-14T09:27:15Z,CSE-BRAVO-CASE-Q1-2026-00044-EV-02,Ticket Record,,REF-738244,EDR-Sentinel
CSE-BRAVO-ALT-Q1-2026-00165,CSE-BRAVO-AST-0033,AVAILABLE,CSE-BRAVO-CASE-Q1-2026-00044,2026-01-14T10:31:15Z,CSE-BRAVO-CASE-Q1-2026-00044-EV-03,Config Snapshot Reference,,REF-953566,NIDS-Perimeter
CSE-BRAVO-ALT-Q1-2026-00174,CSE-BRAVO-AST-0059,AVAILABLE,CSE-BRAVO-CASE-Q1-2026-00045,2026-03-29T00:39:31Z,CSE-BRAVO-CASE-Q1-2026-00045-EV-01,Email Header Reference,SHA256:ced3878ac2b9525d,REF-854523,IAM-Monitor
CSE-BRAVO-ALT-Q1-2026-00175,CSE-BRAVO-AST-0066,AVAILABLE,CSE-BRAVO-CASE-Q1-2026-00046,2026-03-24T18:00:51Z,CSE-BRAVO-CASE-Q1-2026-00046-EV-01,Packet Metadata Reference,,REF-375806,EDR-Sentinel
CSE-BRAVO-ALT-Q1-2026-00175,CSE-BRAVO-AST-0066,AVAILABLE,CSE-BRAVO-CASE-Q1-2026-00046,2026-03-24T14:41:51Z,CSE-BRAVO-CASE-Q1-2026-00046-EV-02,Alert Raw Record,SHA256:77f5cc844ddfdcf3,REF-735128,SIEM-Core
CSE-BRAVO-ALT-Q1-2026-00175,CSE-BRAVO-AST-0066,REDACTED,CSE-BRAVO-CASE-Q1-2026-00046,2026-03-24T12:21:51Z,CSE-BRAVO-CASE-Q1-2026-00046-EV-03,Packet Metadata Reference,SHA256:efdbeeaa0c8144b6,REF-301166,OT-Historian-Watch
CSE-BRAVO-ALT-Q1-2026-00175,CSE-BRAVO-AST-0066,AVAILABLE,CSE-BRAVO-CASE-Q1-2026-00046,2026-03-24T14:19:51Z,CSE-BRAVO-CASE-Q1-2026-00046-EV-04,Packet Metadata Reference,SHA256:bd99f888be7ba639,REF-738568,Cloud-Sec-Posture
CSE-BRAVO-ALT-Q1-2026-00176,CSE-BRAVO-AST-0059,AVAILABLE,CSE-BRAVO-CASE-Q1-2026-00047,2026-02-01T00:35:07Z,CSE-BRAVO-CASE-Q1-2026-00047-EV-01,Packet Metadata Reference,,REF-916507,NIDS-Perimeter
CSE-BRAVO-ALT-Q1-2026-00176,CSE-BRAVO-AST-0059,AVAILABLE,CSE-BRAVO-CASE-Q1-2026-00047,2026-02-01T02:39:07Z,CSE-BRAVO-CASE-Q1-2026-00047-EV-02,Ticket Record,SHA256:e658128a366d7d3d,REF-396533,OT-Historian-Watch
CSE-BRAVO-ALT-Q1-2026-00176,CSE-BRAVO-AST-0059,AVAILABLE,CSE-BRAVO-CASE-Q1-2026-00047,2026-01-31T23:12:07Z,CSE-BRAVO-CASE-Q1-2026-00047-EV-03,Access Log Reference,SHA256:4171b4c47b67078d,REF-939985,Firewall-Log
CSE-BRAVO-ALT-Q1-2026-00177,CSE-BRAVO-AST-0003,AVAILABLE,CSE-BRAVO-CASE-Q1-2026-00048,2026-03-22T00:35:49Z,CSE-BRAVO-CASE-Q1-2026-00048-EV-01,Alert Raw Record,SHA256:8bd01a72ff277b10,REF-976537,EDR-Sentinel
CSE-BRAVO-ALT-Q1-2026-00177,CSE-BRAVO-AST-0003,AVAILABLE,CSE-BRAVO-CASE-Q1-2026-00048,2026-03-22T03:32:49Z,CSE-BRAVO-CASE-Q1-2026-00048-EV-02,Access Log Reference,SHA256:ab9b3fc984d59c25,REF-291935,IAM-Monitor
CSE-BRAVO-ALT-Q1-2026-00177,CSE-BRAVO-AST-0003,AVAILABLE,CSE-BRAVO-CASE-Q1-2026-00048,2026-03-22T05:03:49Z,CSE-BRAVO-CASE-Q1-2026-00048-EV-03,Log Extract Reference,SHA256:54a4fa2fd5eba041,REF-154969,SIEM-Core
CSE-BRAVO-ALT-Q1-2026-00178,CSE-BRAVO-AST-0006,AVAILABLE,CSE-BRAVO-CASE-Q1-2026-00049,2026-02-12T16:32:02Z,CSE-BRAVO-CASE-Q1-2026-00049-EV-01,EDR Detection Record,SHA256:185a5a5603d2afd9,REF-984773,NIDS-Perimeter
CSE-BRAVO-ALT-Q1-2026-00179,CSE-BRAVO-AST-0019,AVAILABLE,CSE-BRAVO-CASE-Q1-2026-00050,2026-03-07T09:58:38Z,CSE-BRAVO-CASE-Q1-2026-00050-EV-01,Config Snapshot Reference,SHA256:3513078d572b998a,REF-404054,Firewall-Log
CSE-BRAVO-ALT-Q1-2026-00179,CSE-BRAVO-AST-0019,AVAILABLE,CSE-BRAVO-CASE-Q1-2026-00050,2026-03-07T10:31:38Z,CSE-BRAVO-CASE-Q1-2026-00050-EV-02,Access Log Reference,,REF-267977,NIDS-Perimeter
CSE-BRAVO-ALT-Q1-2026-00179,CSE-BRAVO-AST-0019,AVAILABLE,CSE-BRAVO-CASE-Q1-2026-00050,2026-03-07T08:24:38Z,CSE-BRAVO-CASE-Q1-2026-00050-EV-03,Alert Raw Record,SHA256:79e36a12fe158e75,REF-970445,Cloud-Sec-Posture
CSE-BRAVO-ALT-Q1-2026-00179,CSE-BRAVO-AST-0019,AVAILABLE,CSE-BRAVO-CASE-Q1-2026-00050,2026-03-07T08:29:38Z,CSE-BRAVO-CASE-Q1-2026-00050-EV-04,Packet Metadata Reference,SHA256:36eb8da320b22636,REF-635416,IAM-Monitor
CSE-BRAVO-ALT-Q1-2026-00179,CSE-BRAVO-AST-0019,AVAILABLE,CSE-BRAVO-CASE-Q1-2026-00050,2026-03-07T08:44:38Z,CSE-BRAVO-CASE-Q1-2026-00050-EV-05,Config Snapshot Reference,SHA256:17ef26027a8edebd,REF-597304,OT-Historian-Watch
CSE-BRAVO-ALT-Q1-2026-00181,CSE-BRAVO-AST-0039,AVAILABLE,CSE-BRAVO-CASE-Q1-2026-00051,2026-03-31T23:33:30Z,CSE-BRAVO-CASE-Q1-2026-00051-EV-01,Access Log Reference,SHA256:e36220192dd1dee2,REF-636261,Firewall-Log
CSE-BRAVO-ALT-Q1-2026-00181,CSE-BRAVO-AST-0039,UNAVAILABLE,CSE-BRAVO-CASE-Q1-2026-00051,2026-04-01T00:41:30Z,CSE-BRAVO-CASE-Q1-2026-00051-EV-02,EDR Detection Record,,REF-666209,SIEM-Core
CSE-BRAVO-ALT-Q1-2026-00181,CSE-BRAVO-AST-0039,AVAILABLE,CSE-BRAVO-CASE-Q1-2026-00051,2026-04-01T05:50:30Z,CSE-BRAVO-CASE-Q1-2026-00051-EV-03,EDR Detection Record,,REF-276617,EDR-Sentinel
CSE-BRAVO-ALT-Q1-2026-00183,CSE-BRAVO-AST-0074,AVAILABLE,CSE-BRAVO-CASE-Q1-2026-00052,2026-03-12T21:56:03Z,CSE-BRAVO-CASE-Q1-2026-00052-EV-01,Email Header Reference,SHA256:0f63740fda026235,REF-910686,Firewall-Log
CSE-BRAVO-ALT-Q1-2026-00183,CSE-BRAVO-AST-0074,AVAILABLE,CSE-BRAVO-CASE-Q1-2026-00052,2026-03-12T22:59:03Z,CSE-BRAVO-CASE-Q1-2026-00052-EV-02,Alert Raw Record,SHA256:8037790ebe6713c4,REF-433680,NIDS-Perimeter
CSE-BRAVO-ALT-Q1-2026-00183,CSE-BRAVO-AST-0074,REDACTED,CSE-BRAVO-CASE-Q1-2026-00052,2026-03-13T01:00:03Z,CSE-BRAVO-CASE-Q1-2026-00052-EV-03,Config Snapshot Reference,SHA256:8d8230eda7cb5974,REF-170498,NIDS-Perimeter
CSE-BRAVO-ALT-Q1-2026-00192,CSE-BRAVO-AST-0051,AVAILABLE,CSE-BRAVO-CASE-Q1-2026-00053,2026-03-10T09:20:01Z,CSE-BRAVO-CASE-Q1-2026-00053-EV-01,Config Snapshot Reference,,REF-629976,Cloud-Sec-Posture
CSE-BRAVO-ALT-Q1-2026-00192,CSE-BRAVO-AST-0051,AVAILABLE,CSE-BRAVO-CASE-Q1-2026-00053,2026-03-10T03:48:01Z,CSE-BRAVO-CASE-Q1-2026-00053-EV-02,Access Log Reference,,REF-409767,Firewall-Log
CSE-BRAVO-ALT-Q1-2026-00192,CSE-BRAVO-AST-0051,AVAILABLE,CSE-BRAVO-CASE-Q1-2026-00053,2026-03-10T08:02:01Z,CSE-BRAVO-CASE-Q1-2026-00053-EV-03,Alert Raw Record,SHA256:95a8c9403a3a15a1,REF-322495,Firewall-Log
CSE-BRAVO-ALT-Q1-2026-00192,CSE-BRAVO-AST-0051,AVAILABLE,CSE-BRAVO-CASE-Q1-2026-00053,2026-03-10T09:30:01Z,CSE-BRAVO-CASE-Q1-2026-00053-EV-04,Config Snapshot Reference,SHA256:02b3d75309aa0475,REF-228560,OT-Historian-Watch
CSE-BRAVO-ALT-Q1-2026-00192,CSE-BRAVO-AST-0051,AVAILABLE,CSE-BRAVO-CASE-Q1-2026-00053,2026-03-10T09:02:01Z,CSE-BRAVO-CASE-Q1-2026-00053-EV-05,Access Log Reference,SHA256:886611e55d12d1a7,REF-848867,OT-Historian-Watch
CSE-BRAVO-ALT-Q1-2026-00194,CSE-BRAVO-AST-0061,REDACTED,CSE-BRAVO-CASE-Q1-2026-00054,2026-03-28T23:51:22Z,CSE-BRAVO-CASE-Q1-2026-00054-EV-01,Config Snapshot Reference,SHA256:811086c7515c893f,REF-352808,Cloud-Sec-Posture
CSE-BRAVO-ALT-Q1-2026-00195,CSE-BRAVO-AST-0036,AVAILABLE,CSE-BRAVO-CASE-Q1-2026-00055,2026-01-08T09:51:26Z,CSE-BRAVO-CASE-Q1-2026-00055-EV-01,Log Extract Reference,,REF-784323,EDR-Sentinel
CSE-BRAVO-ALT-Q1-2026-00195,CSE-BRAVO-AST-0036,AVAILABLE,CSE-BRAVO-CASE-Q1-2026-00055,2026-01-08T09:17:26Z,CSE-BRAVO-CASE-Q1-2026-00055-EV-02,EDR Detection Record,,REF-566259,EDR-Sentinel
CSE-BRAVO-ALT-Q1-2026-00195,CSE-BRAVO-AST-0036,AVAILABLE,CSE-BRAVO-CASE-Q1-2026-00055,2026-01-08T08:17:26Z,CSE-BRAVO-CASE-Q1-2026-00055-EV-03,Ticket Record,SHA256:843a317693654335,REF-785330,OT-Historian-Watch
CSE-BRAVO-ALT-Q1-2026-00198,CSE-BRAVO-AST-0021,AVAILABLE,CSE-BRAVO-CASE-Q1-2026-00056,2026-02-27T03:54:50Z,CSE-BRAVO-CASE-Q1-2026-00056-EV-01,Log Extract Reference,SHA256:ea5834552a13b0bc,REF-620768,NIDS-Perimeter
CSE-BRAVO-ALT-Q1-2026-00198,CSE-BRAVO-AST-0021,AVAILABLE,CSE-BRAVO-CASE-Q1-2026-00056,2026-02-27T04:32:50Z,CSE-BRAVO-CASE-Q1-2026-00056-EV-02,Packet Metadata Reference,SHA256:2d74e2209d12298a,REF-526736,OT-Historian-Watch
CSE-BRAVO-ALT-Q1-2026-00198,CSE-BRAVO-AST-0021,AVAILABLE,CSE-BRAVO-CASE-Q1-2026-00056,2026-02-27T04:07:50Z,CSE-BRAVO-CASE-Q1-2026-00056-EV-03,Alert Raw Record,SHA256:b4ca721cf9c35ecc,REF-235274,Firewall-Log
CSE-BRAVO-ALT-Q1-2026-00202,CSE-BRAVO-AST-0044,AVAILABLE,CSE-BRAVO-CASE-Q1-2026-00057,2026-02-16T23:46:31Z,CSE-BRAVO-CASE-Q1-2026-00057-EV-01,EDR Detection Record,,REF-365770,SIEM-Core
CSE-BRAVO-ALT-Q1-2026-00202,CSE-BRAVO-AST-0044,AVAILABLE,CSE-BRAVO-CASE-Q1-2026-00057,2026-02-16T20:04:31Z,CSE-BRAVO-CASE-Q1-2026-00057-EV-02,EDR Detection Record,SHA256:172944d70a8fab93,REF-370647,IAM-Monitor
CSE-BRAVO-ALT-Q1-2026-00202,CSE-BRAVO-AST-0044,AVAILABLE,CSE-BRAVO-CASE-Q1-2026-00057,2026-02-16T18:01:31Z,CSE-BRAVO-CASE-Q1-2026-00057-EV-03,Access Log Reference,SHA256:e191262164f112a0,REF-764068,Firewall-Log
CSE-BRAVO-ALT-Q1-2026-00204,CSE-BRAVO-AST-0068,AVAILABLE,CSE-BRAVO-CASE-Q1-2026-00058,2026-01-15T21:22:50Z,CSE-BRAVO-CASE-Q1-2026-00058-EV-01,Ticket Record,SHA256:f2b05746a000ed7c,REF-179304,Cloud-Sec-Posture
CSE-BRAVO-ALT-Q1-2026-00204,CSE-BRAVO-AST-0068,AVAILABLE,CSE-BRAVO-CASE-Q1-2026-00058,2026-01-15T21:10:50Z,CSE-BRAVO-CASE-Q1-2026-00058-EV-02,Access Log Reference,SHA256:f8f150aa12a7a742,REF-384365,SIEM-Core
CSE-BRAVO-ALT-Q1-2026-00204,CSE-BRAVO-AST-0068,AVAILABLE,CSE-BRAVO-CASE-Q1-2026-00058,2026-01-16T04:55:50Z,CSE-BRAVO-CASE-Q1-2026-00058-EV-03,Email Header Reference,SHA256:990ed6464cea62c1,REF-436512,Cloud-Sec-Posture
CSE-BRAVO-ALT-Q1-2026-00204,CSE-BRAVO-AST-0068,UNAVAILABLE,CSE-BRAVO-CASE-Q1-2026-00058,2026-01-16T02:40:50Z,CSE-BRAVO-CASE-Q1-2026-00058-EV-04,Alert Raw Record,SHA256:a586335227e8c888,REF-552279,SIEM-Core
CSE-BRAVO-ALT-Q1-2026-00205,CSE-BRAVO-AST-0032,AVAILABLE,CSE-BRAVO-CASE-Q1-2026-00059,2026-03-02T13:36:10Z,CSE-BRAVO-CASE-Q1-2026-00059-EV-01,Config Snapshot Reference,SHA256:6ea29ada23aca683,REF-101094,Firewall-Log
CSE-BRAVO-ALT-Q1-2026-00205,CSE-BRAVO-AST-0032,AVAILABLE,CSE-BRAVO-CASE-Q1-2026-00059,2026-03-02T13:05:10Z,CSE-BRAVO-CASE-Q1-2026-00059-EV-02,Config Snapshot Reference,SHA256:c743a77773448c85,REF-341635,Cloud-Sec-Posture
CSE-BRAVO-ALT-Q1-2026-00205,CSE-BRAVO-AST-0032,AVAILABLE,CSE-BRAVO-CASE-Q1-2026-00059,2026-03-02T12:40:10Z,CSE-BRAVO-CASE-Q1-2026-00059-EV-03,Access Log Reference,SHA256:4e8281876da3ef26,REF-307771,Firewall-Log
CSE-BRAVO-ALT-Q1-2026-00205,CSE-BRAVO-AST-0032,AVAILABLE,CSE-BRAVO-CASE-Q1-2026-00059,2026-03-02T19:47:10Z,CSE-BRAVO-CASE-Q1-2026-00059-EV-04,Alert Raw Record,SHA256:f70dcdaf9b75272c,REF-248005,SIEM-Core
CSE-BRAVO-ALT-Q1-2026-00206,CSE-BRAVO-AST-0041,AVAILABLE,CSE-BRAVO-CASE-Q1-2026-00060,2026-02-09T09:02:00Z,CSE-BRAVO-CASE-Q1-2026-00060-EV-01,Email Header Reference,SHA256:60a8f0cb05f7f7ff,REF-776262,OT-Historian-Watch
CSE-BRAVO-ALT-Q1-2026-00210,CSE-BRAVO-AST-0017,AVAILABLE,CSE-BRAVO-CASE-Q1-2026-00061,2026-02-20T13:21:13Z,CSE-BRAVO-CASE-Q1-2026-00061-EV-01,Alert Raw Record,,REF-336376,IAM-Monitor
CSE-BRAVO-ALT-Q1-2026-00210,CSE-BRAVO-AST-0017,AVAILABLE,CSE-BRAVO-CASE-Q1-2026-00061,2026-02-20T11:16:13Z,CSE-BRAVO-CASE-Q1-2026-00061-EV-02,Alert Raw Record,SHA256:800321a4a668802c,REF-317587,Firewall-Log
CSE-BRAVO-ALT-Q1-2026-00210,CSE-BRAVO-AST-0017,AVAILABLE,CSE-BRAVO-CASE-Q1-2026-00061,2026-02-20T12:30:13Z,CSE-BRAVO-CASE-Q1-2026-00061-EV-03,Ticket Record,SHA256:0d42e37fa9913611,REF-220404,EDR-Sentinel
CSE-BRAVO-ALT-Q1-2026-00210,CSE-BRAVO-AST-0017,UNAVAILABLE,CSE-BRAVO-CASE-Q1-2026-00061,2026-02-20T17:26:13Z,CSE-BRAVO-CASE-Q1-2026-00061-EV-04,Config Snapshot Reference,,REF-273146,OT-Historian-Watch
CSE-BRAVO-ALT-Q1-2026-00210,CSE-BRAVO-AST-0017,AVAILABLE,CSE-BRAVO-CASE-Q1-2026-00061,2026-02-20T16:19:13Z,CSE-BRAVO-CASE-Q1-2026-00061-EV-05,EDR Detection Record,SHA256:f6097aeb367f76a7,REF-991203,Cloud-Sec-Posture
CSE-BRAVO-ALT-Q1-2026-00215,CSE-BRAVO-AST-0063,AVAILABLE,CSE-BRAVO-CASE-Q1-2026-00062,2026-03-13T21:03:42Z,CSE-BRAVO-CASE-Q1-2026-00062-EV-01,Ticket Record,SHA256:5cbd4c28d8bfb1fe,REF-812193,Firewall-Log
CSE-BRAVO-ALT-Q1-2026-00215,CSE-BRAVO-AST-0063,AVAILABLE,CSE-BRAVO-CASE-Q1-2026-00062,2026-03-14T00:04:42Z,CSE-BRAVO-CASE-Q1-2026-00062-EV-02,Alert Raw Record,,REF-405074,SIEM-Core
CSE-BRAVO-ALT-Q1-2026-00215,CSE-BRAVO-AST-0063,AVAILABLE,CSE-BRAVO-CASE-Q1-2026-00062,2026-03-13T22:47:42Z,CSE-BRAVO-CASE-Q1-2026-00062-EV-03,Config Snapshot Reference,SHA256:dcc552bcbdcaec22,REF-568037,SIEM-Core
CSE-BRAVO-ALT-Q1-2026-00218,CSE-BRAVO-AST-0064,AVAILABLE,CSE-BRAVO-CASE-Q1-2026-00063,2026-01-28T22:40:03Z,CSE-BRAVO-CASE-Q1-2026-00063-EV-01,EDR Detection Record,,REF-167692,IAM-Monitor
CSE-BRAVO-ALT-Q1-2026-00218,CSE-BRAVO-AST-0064,AVAILABLE,CSE-BRAVO-CASE-Q1-2026-00063,2026-01-29T01:40:03Z,CSE-BRAVO-CASE-Q1-2026-00063-EV-02,Ticket Record,,REF-655871,NIDS-Perimeter
CSE-BRAVO-ALT-Q1-2026-00218,CSE-BRAVO-AST-0064,AVAILABLE,CSE-BRAVO-CASE-Q1-2026-00063,2026-01-28T21:35:03Z,CSE-BRAVO-CASE-Q1-2026-00063-EV-03,Packet Metadata Reference,SHA256:383fbe05dd6a5034,REF-502086,IAM-Monitor
CSE-BRAVO-ALT-Q1-2026-00218,CSE-BRAVO-AST-0064,AVAILABLE,CSE-BRAVO-CASE-Q1-2026-00063,2026-01-28T23:48:03Z,CSE-BRAVO-CASE-Q1-2026-00063-EV-04,EDR Detection Record,SHA256:0f70d3b8d16f7e61,REF-304537,SIEM-Core
CSE-BRAVO-ALT-Q1-2026-00219,CSE-BRAVO-AST-0001,AVAILABLE,CSE-BRAVO-CASE-Q1-2026-00064,2026-03-25T15:23:36Z,CSE-BRAVO-CASE-Q1-2026-00064-EV-01,EDR Detection Record,SHA256:09200954966bbc9c,REF-484419,Cloud-Sec-Posture
CSE-BRAVO-ALT-Q1-2026-00219,CSE-BRAVO-AST-0001,AVAILABLE,CSE-BRAVO-CASE-Q1-2026-00064,2026-03-25T20:11:36Z,CSE-BRAVO-CASE-Q1-2026-00064-EV-02,Alert Raw Record,SHA256:56490e7eaca72778,REF-425477,NIDS-Perimeter
CSE-BRAVO-ALT-Q1-2026-00219,CSE-BRAVO-AST-0001,AVAILABLE,CSE-BRAVO-CASE-Q1-2026-00064,2026-03-25T10:51:36Z,CSE-BRAVO-CASE-Q1-2026-00064-EV-03,EDR Detection Record,SHA256:e7c2089edd09320a,REF-929021,IAM-Monitor
CSE-BRAVO-ALT-Q1-2026-00219,CSE-BRAVO-AST-0001,AVAILABLE,CSE-BRAVO-CASE-Q1-2026-00064,2026-03-25T14:11:36Z,CSE-BRAVO-CASE-Q1-2026-00064-EV-04,Packet Metadata Reference,SHA256:acd96a381c5dabd4,REF-117022,Cloud-Sec-Posture
CSE-BRAVO-ALT-Q1-2026-00223,CSE-BRAVO-AST-0004,AVAILABLE,CSE-BRAVO-CASE-Q1-2026-00065,2026-03-09T11:46:16Z,CSE-BRAVO-CASE-Q1-2026-00065-EV-01,Access Log Reference,SHA256:584c8d832486f9f7,REF-782044,NIDS-Perimeter
CSE-BRAVO-ALT-Q1-2026-00231,CSE-BRAVO-AST-0071,AVAILABLE,CSE-BRAVO-CASE-Q1-2026-00066,2026-01-03T04:30:36Z,CSE-BRAVO-CASE-Q1-2026-00066-EV-01,Packet Metadata Reference,SHA256:ad6a07171b744996,REF-799437,OT-Historian-Watch
CSE-BRAVO-ALT-Q1-2026-00231,CSE-BRAVO-AST-0071,AVAILABLE,CSE-BRAVO-CASE-Q1-2026-00066,2026-01-03T10:54:36Z,CSE-BRAVO-CASE-Q1-2026-00066-EV-02,Email Header Reference,SHA256:5440c49482dae6bb,REF-105200,Firewall-Log
CSE-BRAVO-ALT-Q1-2026-00231,CSE-BRAVO-AST-0071,AVAILABLE,CSE-BRAVO-CASE-Q1-2026-00066,2026-01-03T06:19:36Z,CSE-BRAVO-CASE-Q1-2026-00066-EV-03,EDR Detection Record,SHA256:3fab13630aeab3ec,REF-174011,OT-Historian-Watch
CSE-BRAVO-ALT-Q1-2026-00231,CSE-BRAVO-AST-0071,AVAILABLE,CSE-BRAVO-CASE-Q1-2026-00066,2026-01-03T04:28:36Z,CSE-BRAVO-CASE-Q1-2026-00066-EV-04,Config Snapshot Reference,SHA256:0dcdd3175181b18d,REF-711826,Cloud-Sec-Posture
CSE-BRAVO-ALT-Q1-2026-00240,CSE-BRAVO-AST-0065,AVAILABLE,CSE-BRAVO-CASE-Q1-2026-00067,2026-03-16T09:00:37Z,CSE-BRAVO-CASE-Q1-2026-00067-EV-01,Access Log Reference,SHA256:e5cdf16ba1401b78,REF-516669,OT-Historian-Watch
CSE-BRAVO-ALT-Q1-2026-00240,CSE-BRAVO-AST-0065,AVAILABLE,CSE-BRAVO-CASE-Q1-2026-00067,2026-03-16T04:07:37Z,CSE-BRAVO-CASE-Q1-2026-00067-EV-02,Ticket Record,SHA256:ad16b8af9dc425e6,REF-358579,OT-Historian-Watch
CSE-BRAVO-ALT-Q1-2026-00240,CSE-BRAVO-AST-0065,AVAILABLE,CSE-BRAVO-CASE-Q1-2026-00067,2026-03-16T04:14:37Z,CSE-BRAVO-CASE-Q1-2026-00067-EV-03,Access Log Reference,SHA256:9d0334b900377fb1,REF-751650,Firewall-Log
CSE-BRAVO-ALT-Q1-2026-00240,CSE-BRAVO-AST-0065,AVAILABLE,CSE-BRAVO-CASE-Q1-2026-00067,2026-03-16T04:58:37Z,CSE-BRAVO-CASE-Q1-2026-00067-EV-04,Ticket Record,SHA256:23a2a0d139c4e81c,REF-981599,Cloud-Sec-Posture
CSE-BRAVO-ALT-Q1-2026-00242,CSE-BRAVO-AST-0003,REDACTED,CSE-BRAVO-CASE-Q1-2026-00068,2026-03-13T07:02:13Z,CSE-BRAVO-CASE-Q1-2026-00068-EV-01,Access Log Reference,SHA256:bcba9eceb7ec91ed,REF-262804,Firewall-Log
CSE-BRAVO-ALT-Q1-2026-00245,CSE-BRAVO-AST-0070,AVAILABLE,CSE-BRAVO-CASE-Q1-2026-00069,2026-02-17T07:10:45Z,CSE-BRAVO-CASE-Q1-2026-00069-EV-01,EDR Detection Record,SHA256:23e85af8c3447b29,REF-641463,EDR-Sentinel
CSE-BRAVO-ALT-Q1-2026-00245,CSE-BRAVO-AST-0070,AVAILABLE,CSE-BRAVO-CASE-Q1-2026-00069,2026-02-17T08:26:45Z,CSE-BRAVO-CASE-Q1-2026-00069-EV-02,EDR Detection Record,SHA256:235763d4244e0b19,REF-544943,NIDS-Perimeter
CSE-BRAVO-ALT-Q1-2026-00245,CSE-BRAVO-AST-0070,REDACTED,CSE-BRAVO-CASE-Q1-2026-00069,2026-02-17T03:22:45Z,CSE-BRAVO-CASE-Q1-2026-00069-EV-03,Packet Metadata Reference,,REF-349924,Cloud-Sec-Posture
CSE-BRAVO-ALT-Q1-2026-00245,CSE-BRAVO-AST-0070,AVAILABLE,CSE-BRAVO-CASE-Q1-2026-00069,2026-02-17T08:25:45Z,CSE-BRAVO-CASE-Q1-2026-00069-EV-04,Config Snapshot Reference,,REF-620007,IAM-Monitor
CSE-BRAVO-ALT-Q1-2026-00246,CSE-BRAVO-AST-0005,REDACTED,CSE-BRAVO-CASE-Q1-2026-00070,2026-01-05T20:00:13Z,CSE-BRAVO-CASE-Q1-2026-00070-EV-01,EDR Detection Record,,REF-138417,EDR-Sentinel
CSE-BRAVO-ALT-Q1-2026-00246,CSE-BRAVO-AST-0005,AVAILABLE,CSE-BRAVO-CASE-Q1-2026-00070,2026-01-05T17:57:13Z,CSE-BRAVO-CASE-Q1-2026-00070-EV-02,EDR Detection Record,,REF-259237,OT-Historian-Watch
CSE-BRAVO-ALT-Q1-2026-00246,CSE-BRAVO-AST-0005,AVAILABLE,CSE-BRAVO-CASE-Q1-2026-00070,2026-01-05T13:29:13Z,CSE-BRAVO-CASE-Q1-2026-00070-EV-03,Email Header Reference,,REF-267251,EDR-Sentinel
CSE-BRAVO-ALT-Q1-2026-00246,CSE-BRAVO-AST-0005,AVAILABLE,CSE-BRAVO-CASE-Q1-2026-00070,2026-01-05T13:03:13Z,CSE-BRAVO-CASE-Q1-2026-00070-EV-04,EDR Detection Record,SHA256:6468c79118ced444,REF-463464,Cloud-Sec-Posture
CSE-BRAVO-ALT-Q1-2026-00246,CSE-BRAVO-AST-0005,AVAILABLE,CSE-BRAVO-CASE-Q1-2026-00070,2026-01-05T14:36:13Z,CSE-BRAVO-CASE-Q1-2026-00070-EV-05,Log Extract Reference,SHA256:667cc07c1758b0d1,REF-247723,SIEM-Core
CSE-BRAVO-ALT-Q1-2026-00247,CSE-BRAVO-AST-0053,AVAILABLE,CSE-BRAVO-CASE-Q1-2026-00071,2026-02-04T12:15:04Z,CSE-BRAVO-CASE-Q1-2026-00071-EV-01,Alert Raw Record,,REF-563290,EDR-Sentinel
CSE-BRAVO-ALT-Q1-2026-00248,CSE-BRAVO-AST-0060,AVAILABLE,CSE-BRAVO-CASE-Q1-2026-00072,2026-02-27T22:05:31Z,CSE-BRAVO-CASE-Q1-2026-00072-EV-01,Access Log Reference,,REF-854675,Cloud-Sec-Posture
CSE-BRAVO-ALT-Q1-2026-00248,CSE-BRAVO-AST-0060,AVAILABLE,CSE-BRAVO-CASE-Q1-2026-00072,2026-02-27T19:04:31Z,CSE-BRAVO-CASE-Q1-2026-00072-EV-02,Alert Raw Record,SHA256:7344fc957aa33ba0,REF-972412,SIEM-Core
CSE-BRAVO-ALT-Q1-2026-00248,CSE-BRAVO-AST-0060,AVAILABLE,CSE-BRAVO-CASE-Q1-2026-00072,2026-02-27T16:58:31Z,CSE-BRAVO-CASE-Q1-2026-00072-EV-03,Ticket Record,,REF-669242,NIDS-Perimeter
CSE-BRAVO-ALT-Q1-2026-00248,CSE-BRAVO-AST-0060,AVAILABLE,CSE-BRAVO-CASE-Q1-2026-00072,2026-02-27T14:00:31Z,CSE-BRAVO-CASE-Q1-2026-00072-EV-04,Alert Raw Record,SHA256:292dd805352af55f,REF-609324,SIEM-Core
CSE-BRAVO-ALT-Q1-2026-00248,CSE-BRAVO-AST-0060,AVAILABLE,CSE-BRAVO-CASE-Q1-2026-00072,2026-02-27T21:25:31Z,CSE-BRAVO-CASE-Q1-2026-00072-EV-05,Log Extract Reference,,REF-190858,NIDS-Perimeter
CSE-BRAVO-ALT-Q1-2026-00252,CSE-BRAVO-AST-0065,REDACTED,CSE-BRAVO-CASE-Q1-2026-00073,2026-03-02T23:29:50Z,CSE-BRAVO-CASE-Q1-2026-00073-EV-01,Log Extract Reference,,REF-312852,IAM-Monitor
CSE-BRAVO-ALT-Q1-2026-00252,CSE-BRAVO-AST-0065,AVAILABLE,CSE-BRAVO-CASE-Q1-2026-00073,2026-03-02T15:43:50Z,CSE-BRAVO-CASE-Q1-2026-00073-EV-02,Ticket Record,,REF-540440,SIEM-Core
CSE-BRAVO-ALT-Q1-2026-00252,CSE-BRAVO-AST-0065,AVAILABLE,CSE-BRAVO-CASE-Q1-2026-00073,2026-03-02T22:17:50Z,CSE-BRAVO-CASE-Q1-2026-00073-EV-03,Access Log Reference,,REF-496752,EDR-Sentinel
CSE-BRAVO-ALT-Q1-2026-00252,CSE-BRAVO-AST-0065,AVAILABLE,CSE-BRAVO-CASE-Q1-2026-00073,2026-03-03T00:16:50Z,CSE-BRAVO-CASE-Q1-2026-00073-EV-04,Alert Raw Record,SHA256:138fc9bfd50a7c9f,REF-854555,EDR-Sentinel
CSE-BRAVO-ALT-Q1-2026-00256,CSE-BRAVO-AST-0018,AVAILABLE,CSE-BRAVO-CASE-Q1-2026-00074,2026-01-24T22:50:43Z,CSE-BRAVO-CASE-Q1-2026-00074-EV-01,Ticket Record,,REF-388191,Cloud-Sec-Posture
CSE-BRAVO-ALT-Q1-2026-00257,CSE-BRAVO-AST-0058,AVAILABLE,CSE-BRAVO-CASE-Q1-2026-00075,2026-01-13T17:30:21Z,CSE-BRAVO-CASE-Q1-2026-00075-EV-01,Ticket Record,SHA256:57aed3f46e3fa7ff,REF-519732,IAM-Monitor
CSE-BRAVO-ALT-Q1-2026-00257,CSE-BRAVO-AST-0058,AVAILABLE,CSE-BRAVO-CASE-Q1-2026-00075,2026-01-13T19:46:21Z,CSE-BRAVO-CASE-Q1-2026-00075-EV-02,Config Snapshot Reference,SHA256:06aa257b64507fc3,REF-278103,Cloud-Sec-Posture
CSE-BRAVO-ALT-Q1-2026-00257,CSE-BRAVO-AST-0058,AVAILABLE,CSE-BRAVO-CASE-Q1-2026-00075,2026-01-13T16:30:21Z,CSE-BRAVO-CASE-Q1-2026-00075-EV-03,Email Header Reference,,REF-546924,OT-Historian-Watch
CSE-BRAVO-ALT-Q1-2026-00257,CSE-BRAVO-AST-0058,AVAILABLE,CSE-BRAVO-CASE-Q1-2026-00075,2026-01-13T17:17:21Z,CSE-BRAVO-CASE-Q1-2026-00075-EV-04,Access Log Reference,SHA256:df0658997c2fa3e4,REF-444718,Cloud-Sec-Posture
CSE-BRAVO-ALT-Q1-2026-00261,CSE-BRAVO-AST-0007,AVAILABLE,CSE-BRAVO-CASE-Q1-2026-00076,2026-02-26T15:06:29Z,CSE-BRAVO-CASE-Q1-2026-00076-EV-01,Ticket Record,SHA256:66fc332a846d12e7,REF-110064,OT-Historian-Watch
CSE-BRAVO-ALT-Q1-2026-00261,CSE-BRAVO-AST-0007,AVAILABLE,CSE-BRAVO-CASE-Q1-2026-00076,2026-02-26T15:13:29Z,CSE-BRAVO-CASE-Q1-2026-00076-EV-02,Config Snapshot Reference,,REF-894181,Cloud-Sec-Posture
CSE-BRAVO-ALT-Q1-2026-00261,CSE-BRAVO-AST-0007,AVAILABLE,CSE-BRAVO-CASE-Q1-2026-00076,2026-02-26T14:46:29Z,CSE-BRAVO-CASE-Q1-2026-00076-EV-03,Access Log Reference,SHA256:5fb8c20a89437748,REF-908998,Cloud-Sec-Posture
CSE-BRAVO-ALT-Q1-2026-00261,CSE-BRAVO-AST-0007,AVAILABLE,CSE-BRAVO-CASE-Q1-2026-00076,2026-02-26T10:54:29Z,CSE-BRAVO-CASE-Q1-2026-00076-EV-04,Ticket Record,SHA256:0227fde06dbab762,REF-355319,IAM-Monitor
CSE-BRAVO-ALT-Q1-2026-00261,CSE-BRAVO-AST-0007,AVAILABLE,CSE-BRAVO-CASE-Q1-2026-00076,2026-02-26T15:37:29Z,CSE-BRAVO-CASE-Q1-2026-00076-EV-05,Email Header Reference,SHA256:7c337475391bef8f,REF-157399,IAM-Monitor
CSE-BRAVO-ALT-Q1-2026-00262,CSE-BRAVO-AST-0071,UNAVAILABLE,CSE-BRAVO-CASE-Q1-2026-00077,2026-03-01T14:06:23Z,CSE-BRAVO-CASE-Q1-2026-00077-EV-01,EDR Detection Record,SHA256:b6071681ddeadffe,REF-330077,OT-Historian-Watch
CSE-BRAVO-ALT-Q1-2026-00262,CSE-BRAVO-AST-0071,AVAILABLE,CSE-BRAVO-CASE-Q1-2026-00077,2026-03-01T07:11:23Z,CSE-BRAVO-CASE-Q1-2026-00077-EV-02,Email Header Reference,SHA256:782fe809a3233447,REF-745086,IAM-Monitor
CSE-BRAVO-ALT-Q1-2026-00262,CSE-BRAVO-AST-0071,AVAILABLE,CSE-BRAVO-CASE-Q1-2026-00077,2026-03-01T14:16:23Z,CSE-BRAVO-CASE-Q1-2026-00077-EV-03,Ticket Record,SHA256:8e26f1d1f3b54bca,REF-574519,IAM-Monitor
CSE-BRAVO-ALT-Q1-2026-00268,CSE-BRAVO-AST-0072,UNAVAILABLE,CSE-BRAVO-CASE-Q1-2026-00078,2026-03-22T12:23:42Z,CSE-BRAVO-CASE-Q1-2026-00078-EV-01,Access Log Reference,SHA256:c4d900888f1b89b9,REF-186325,NIDS-Perimeter
CSE-BRAVO-ALT-Q1-2026-00277,CSE-BRAVO-AST-0066,AVAILABLE,CSE-BRAVO-CASE-Q1-2026-00079,2026-01-03T12:45:15Z,CSE-BRAVO-CASE-Q1-2026-00079-EV-01,Log Extract Reference,SHA256:227ee04244b8884a,REF-543415,OT-Historian-Watch
CSE-BRAVO-ALT-Q1-2026-00277,CSE-BRAVO-AST-0066,REDACTED,CSE-BRAVO-CASE-Q1-2026-00079,2026-01-03T14:58:15Z,CSE-BRAVO-CASE-Q1-2026-00079-EV-02,Access Log Reference,SHA256:ac9e3b130e19820d,REF-360970,Cloud-Sec-Posture
CSE-BRAVO-ALT-Q1-2026-00277,CSE-BRAVO-AST-0066,AVAILABLE,CSE-BRAVO-CASE-Q1-2026-00079,2026-01-03T15:06:15Z,CSE-BRAVO-CASE-Q1-2026-00079-EV-03,Alert Raw Record,SHA256:3f9a6c87b74dd4a0,REF-201851,OT-Historian-Watch
CSE-BRAVO-ALT-Q1-2026-00279,CSE-BRAVO-AST-0023,AVAILABLE,CSE-BRAVO-CASE-Q1-2026-00080,2026-02-27T04:28:25Z,CSE-BRAVO-CASE-Q1-2026-00080-EV-01,Packet Metadata Reference,SHA256:c4ec5bdb22649ffc,REF-263588,EDR-Sentinel
CSE-BRAVO-ALT-Q1-2026-00279,CSE-BRAVO-AST-0023,AVAILABLE,CSE-BRAVO-CASE-Q1-2026-00080,2026-02-27T11:33:25Z,CSE-BRAVO-CASE-Q1-2026-00080-EV-02,Config Snapshot Reference,,REF-757535,IAM-Monitor
CSE-BRAVO-ALT-Q1-2026-00279,CSE-BRAVO-AST-0023,AVAILABLE,CSE-BRAVO-CASE-Q1-2026-00080,2026-02-27T12:09:25Z,CSE-BRAVO-CASE-Q1-2026-00080-EV-03,EDR Detection Record,SHA256:4a3c79de13568a40,REF-561837,IAM-Monitor
CSE-BRAVO-ALT-Q1-2026-00279,CSE-BRAVO-AST-0023,AVAILABLE,CSE-BRAVO-CASE-Q1-2026-00080,2026-02-27T08:56:25Z,CSE-BRAVO-CASE-Q1-2026-00080-EV-04,Config Snapshot Reference,,REF-875511,NIDS-Perimeter
CSE-BRAVO-ALT-Q1-2026-00280,CSE-BRAVO-AST-0071,AVAILABLE,CSE-BRAVO-CASE-Q1-2026-00081,2026-01-09T02:40:52Z,CSE-BRAVO-CASE-Q1-2026-00081-EV-01,EDR Detection Record,SHA256:70e418d3f0fed43f,REF-308685,IAM-Monitor
CSE-BRAVO-ALT-Q1-2026-00280,CSE-BRAVO-AST-0071,AVAILABLE,CSE-BRAVO-CASE-Q1-2026-00081,2026-01-09T02:15:52Z,CSE-BRAVO-CASE-Q1-2026-00081-EV-02,Access Log Reference,,REF-264985,SIEM-Core
CSE-BRAVO-ALT-Q1-2026-00280,CSE-BRAVO-AST-0071,AVAILABLE,CSE-BRAVO-CASE-Q1-2026-00081,2026-01-08T22:08:52Z,CSE-BRAVO-CASE-Q1-2026-00081-EV-03,Config Snapshot Reference,SHA256:c492e092b64b1037,REF-333049,Firewall-Log
CSE-BRAVO-ALT-Q1-2026-00280,CSE-BRAVO-AST-0071,AVAILABLE,CSE-BRAVO-CASE-Q1-2026-00081,2026-01-08T21:02:52Z,CSE-BRAVO-CASE-Q1-2026-00081-EV-04,Access Log Reference,SHA256:60bafdb6d09fff59,REF-246742,OT-Historian-Watch
CSE-BRAVO-ALT-Q1-2026-00280,CSE-BRAVO-AST-0071,AVAILABLE,CSE-BRAVO-CASE-Q1-2026-00081,2026-01-08T23:56:52Z,CSE-BRAVO-CASE-Q1-2026-00081-EV-05,Alert Raw Record,SHA256:5bc310bb12342145,REF-260557,Cloud-Sec-Posture
CSE-BRAVO-ALT-Q1-2026-00282,CSE-BRAVO-AST-0023,AVAILABLE,CSE-BRAVO-CASE-Q1-2026-00082,2026-02-24T22:56:37Z,CSE-BRAVO-CASE-Q1-2026-00082-EV-01,Ticket Record,SHA256:0f788150ff310104,REF-114900,OT-Historian-Watch
CSE-BRAVO-ALT-Q1-2026-00282,CSE-BRAVO-AST-0023,AVAILABLE,CSE-BRAVO-CASE-Q1-2026-00082,2026-02-24T20:04:37Z,CSE-BRAVO-CASE-Q1-2026-00082-EV-02,Alert Raw Record,SHA256:53b8c096cef2e7f5,REF-285295,OT-Historian-Watch
CSE-BRAVO-ALT-Q1-2026-00282,CSE-BRAVO-AST-0023,AVAILABLE,CSE-BRAVO-CASE-Q1-2026-00082,2026-02-24T23:50:37Z,CSE-BRAVO-CASE-Q1-2026-00082-EV-03,Packet Metadata Reference,,REF-533365,EDR-Sentinel
CSE-BRAVO-ALT-Q1-2026-00282,CSE-BRAVO-AST-0023,UNAVAILABLE,CSE-BRAVO-CASE-Q1-2026-00082,2026-02-24T20:04:37Z,CSE-BRAVO-CASE-Q1-2026-00082-EV-04,EDR Detection Record,SHA256:340166d9f577691d,REF-519894,Firewall-Log
CSE-BRAVO-ALT-Q1-2026-00293,CSE-BRAVO-AST-0022,AVAILABLE,CSE-BRAVO-CASE-Q1-2026-00083,2026-02-17T05:42:42Z,CSE-BRAVO-CASE-Q1-2026-00083-EV-01,Packet Metadata Reference,SHA256:8144c35c231f2ef8,REF-546329,SIEM-Core
CSE-BRAVO-ALT-Q1-2026-00293,CSE-BRAVO-AST-0022,AVAILABLE,CSE-BRAVO-CASE-Q1-2026-00083,2026-02-17T09:44:42Z,CSE-BRAVO-CASE-Q1-2026-00083-EV-02,Log Extract Reference,SHA256:01f93956c0443967,REF-410484,IAM-Monitor
CSE-BRAVO-ALT-Q1-2026-00293,CSE-BRAVO-AST-0022,AVAILABLE,CSE-BRAVO-CASE-Q1-2026-00083,2026-02-17T11:22:42Z,CSE-BRAVO-CASE-Q1-2026-00083-EV-03,EDR Detection Record,SHA256:692b3d4550a6659d,REF-830894,IAM-Monitor
CSE-BRAVO-ALT-Q1-2026-00298,CSE-BRAVO-AST-0025,AVAILABLE,CSE-BRAVO-CASE-Q1-2026-00084,2026-01-16T05:31:58Z,CSE-BRAVO-CASE-Q1-2026-00084-EV-01,EDR Detection Record,,REF-708551,SIEM-Core
CSE-BRAVO-ALT-Q1-2026-00298,CSE-BRAVO-AST-0025,UNAVAILABLE,CSE-BRAVO-CASE-Q1-2026-00084,2026-01-16T07:56:58Z,CSE-BRAVO-CASE-Q1-2026-00084-EV-02,Packet Metadata Reference,SHA256:0abf88c519b53fba,REF-487501,Firewall-Log
CSE-BRAVO-ALT-Q1-2026-00298,CSE-BRAVO-AST-0025,AVAILABLE,CSE-BRAVO-CASE-Q1-2026-00084,2026-01-16T08:21:58Z,CSE-BRAVO-CASE-Q1-2026-00084-EV-03,Alert Raw Record,SHA256:89380f012456450e,REF-788220,NIDS-Perimeter
CSE-BRAVO-ALT-Q1-2026-00298,CSE-BRAVO-AST-0025,AVAILABLE,CSE-BRAVO-CASE-Q1-2026-00084,2026-01-16T07:00:58Z,CSE-BRAVO-CASE-Q1-2026-00084-EV-04,Packet Metadata Reference,SHA256:b3b7079399382833,REF-262445,Firewall-Log
CSE-BRAVO-ALT-Q1-2026-00300,CSE-BRAVO-AST-0021,AVAILABLE,CSE-BRAVO-CASE-Q1-2026-00085,2026-01-02T09:16:04Z,CSE-BRAVO-CASE-Q1-2026-00085-EV-01,Ticket Record,SHA256:581fcba259fc98de,REF-821188,Firewall-Log
CSE-BRAVO-ALT-Q1-2026-00300,CSE-BRAVO-AST-0021,REDACTED,CSE-BRAVO-CASE-Q1-2026-00085,2026-01-02T12:05:04Z,CSE-BRAVO-CASE-Q1-2026-00085-EV-02,Log Extract Reference,SHA256:c1297d384a50de45,REF-705115,OT-Historian-Watch
CSE-BRAVO-ALT-Q1-2026-00300,CSE-BRAVO-AST-0021,AVAILABLE,CSE-BRAVO-CASE-Q1-2026-00085,2026-01-02T12:07:04Z,CSE-BRAVO-CASE-Q1-2026-00085-EV-03,Alert Raw Record,SHA256:d870babf14ea5ec7,REF-940712,SIEM-Core
CSE-BRAVO-ALT-Q1-2026-00300,CSE-BRAVO-AST-0021,AVAILABLE,CSE-BRAVO-CASE-Q1-2026-00085,2026-01-02T06:55:04Z,CSE-BRAVO-CASE-Q1-2026-00085-EV-04,Email Header Reference,SHA256:f9d255b36db658c9,REF-796807,OT-Historian-Watch
CSE-BRAVO-ALT-Q1-2026-00300,CSE-BRAVO-AST-0021,AVAILABLE,CSE-BRAVO-CASE-Q1-2026-00085,2026-01-02T09:24:04Z,CSE-BRAVO-CASE-Q1-2026-00085-EV-05,Log Extract Reference,,REF-319807,SIEM-Core
CSE-BRAVO-ALT-Q1-2026-00303,CSE-BRAVO-AST-0040,AVAILABLE,CSE-BRAVO-CASE-Q1-2026-00086,2026-03-20T14:20:20Z,CSE-BRAVO-CASE-Q1-2026-00086-EV-01,Log Extract Reference,SHA256:029edd19ebbfa997,REF-336770,Firewall-Log
CSE-BRAVO-ALT-Q1-2026-00305,CSE-BRAVO-AST-0062,AVAILABLE,CSE-BRAVO-CASE-Q1-2026-00087,2026-02-04T02:14:44Z,CSE-BRAVO-CASE-Q1-2026-00087-EV-01,Config Snapshot Reference,,REF-884155,Firewall-Log
CSE-BRAVO-ALT-Q1-2026-00305,CSE-BRAVO-AST-0062,AVAILABLE,CSE-BRAVO-CASE-Q1-2026-00087,2026-02-04T01:30:44Z,CSE-BRAVO-CASE-Q1-2026-00087-EV-02,Packet Metadata Reference,SHA256:361e95ee22570a4b,REF-951804,Cloud-Sec-Posture
CSE-BRAVO-ALT-Q1-2026-00305,CSE-BRAVO-AST-0062,AVAILABLE,CSE-BRAVO-CASE-Q1-2026-00087,2026-02-04T01:46:44Z,CSE-BRAVO-CASE-Q1-2026-00087-EV-03,Email Header Reference,,REF-615917,Cloud-Sec-Posture
CSE-BRAVO-ALT-Q1-2026-00307,CSE-BRAVO-AST-0050,AVAILABLE,CSE-BRAVO-CASE-Q1-2026-00088,2026-03-22T07:58:02Z,CSE-BRAVO-CASE-Q1-2026-00088-EV-01,Packet Metadata Reference,SHA256:42dcc8a8357ce57f,REF-399622,NIDS-Perimeter
CSE-BRAVO-ALT-Q1-2026-00307,CSE-BRAVO-AST-0050,AVAILABLE,CSE-BRAVO-CASE-Q1-2026-00088,2026-03-22T01:51:02Z,CSE-BRAVO-CASE-Q1-2026-00088-EV-02,Log Extract Reference,SHA256:16953005807fe78a,REF-781312,OT-Historian-Watch
CSE-BRAVO-ALT-Q1-2026-00307,CSE-BRAVO-AST-0050,AVAILABLE,CSE-BRAVO-CASE-Q1-2026-00088,2026-03-22T08:50:02Z,CSE-BRAVO-CASE-Q1-2026-00088-EV-03,EDR Detection Record,SHA256:4b6953b356a56818,REF-728450,OT-Historian-Watch
CSE-BRAVO-ALT-Q1-2026-00311,CSE-BRAVO-AST-0011,AVAILABLE,CSE-BRAVO-CASE-Q1-2026-00089,2026-02-24T14:01:50Z,CSE-BRAVO-CASE-Q1-2026-00089-EV-01,Packet Metadata Reference,,REF-957396,IAM-Monitor
CSE-BRAVO-ALT-Q1-2026-00311,CSE-BRAVO-AST-0011,AVAILABLE,CSE-BRAVO-CASE-Q1-2026-00089,2026-02-24T16:51:50Z,CSE-BRAVO-CASE-Q1-2026-00089-EV-02,Config Snapshot Reference,SHA256:bee001cb4c4fef29,REF-673666,Cloud-Sec-Posture
CSE-BRAVO-ALT-Q1-2026-00311,CSE-BRAVO-AST-0011,REDACTED,CSE-BRAVO-CASE-Q1-2026-00089,2026-02-24T22:04:50Z,CSE-BRAVO-CASE-Q1-2026-00089-EV-03,Config Snapshot Reference,SHA256:865c700356fe5b08,REF-549460,OT-Historian-Watch
CSE-BRAVO-ALT-Q1-2026-00311,CSE-BRAVO-AST-0011,AVAILABLE,CSE-BRAVO-CASE-Q1-2026-00089,2026-02-24T13:05:50Z,CSE-BRAVO-CASE-Q1-2026-00089-EV-04,Config Snapshot Reference,SHA256:4018eed2e2c185d0,REF-735384,Cloud-Sec-Posture
CSE-BRAVO-ALT-Q1-2026-00315,CSE-BRAVO-AST-0051,AVAILABLE,CSE-BRAVO-CASE-Q1-2026-00090,2026-02-15T19:31:42Z,CSE-BRAVO-CASE-Q1-2026-00090-EV-01,Alert Raw Record,SHA256:a77a9e3c93020799,REF-270642,NIDS-Perimeter
CSE-BRAVO-ALT-Q1-2026-00315,CSE-BRAVO-AST-0051,AVAILABLE,CSE-BRAVO-CASE-Q1-2026-00090,2026-02-15T18:47:42Z,CSE-BRAVO-CASE-Q1-2026-00090-EV-02,Alert Raw Record,SHA256:d2ebdaa150d799e6,REF-295020,SIEM-Core
CSE-BRAVO-ALT-Q1-2026-00315,CSE-BRAVO-AST-0051,AVAILABLE,CSE-BRAVO-CASE-Q1-2026-00090,2026-02-15T23:16:42Z,CSE-BRAVO-CASE-Q1-2026-00090-EV-03,Access Log Reference,,REF-629538,NIDS-Perimeter
CSE-BRAVO-ALT-Q1-2026-00315,CSE-BRAVO-AST-0051,AVAILABLE,CSE-BRAVO-CASE-Q1-2026-00090,2026-02-15T19:23:42Z,CSE-BRAVO-CASE-Q1-2026-00090-EV-04,Config Snapshot Reference,SHA256:93d42c3dfa09c0f1,REF-496614,Firewall-Log
CSE-BRAVO-ALT-Q1-2026-00318,CSE-BRAVO-AST-0011,AVAILABLE,CSE-BRAVO-CASE-Q1-2026-00091,2026-02-26T09:57:57Z,CSE-BRAVO-CASE-Q1-2026-00091-EV-01,EDR Detection Record,SHA256:0a1b6be3dfd50585,REF-717688,OT-Historian-Watch
CSE-BRAVO-ALT-Q1-2026-00318,CSE-BRAVO-AST-0011,AVAILABLE,CSE-BRAVO-CASE-Q1-2026-00091,2026-02-26T11:18:57Z,CSE-BRAVO-CASE-Q1-2026-00091-EV-02,Access Log Reference,SHA256:721a4060b2d599c3,REF-844935,OT-Historian-Watch
CSE-BRAVO-ALT-Q1-2026-00318,CSE-BRAVO-AST-0011,AVAILABLE,CSE-BRAVO-CASE-Q1-2026-00091,2026-02-26T10:32:57Z,CSE-BRAVO-CASE-Q1-2026-00091-EV-03,Alert Raw Record,,REF-481790,OT-Historian-Watch
CSE-BRAVO-ALT-Q1-2026-00318,CSE-BRAVO-AST-0011,AVAILABLE,CSE-BRAVO-CASE-Q1-2026-00091,2026-02-26T11:22:57Z,CSE-BRAVO-CASE-Q1-2026-00091-EV-04,Config Snapshot Reference,,REF-823196,SIEM-Core
CSE-BRAVO-ALT-Q1-2026-00324,CSE-BRAVO-AST-0075,AVAILABLE,CSE-BRAVO-CASE-Q1-2026-00092,2026-02-02T22:53:33Z,CSE-BRAVO-CASE-Q1-2026-00092-EV-01,Packet Metadata Reference,SHA256:402e1d724c8f778b,REF-105136,OT-Historian-Watch
CSE-BRAVO-ALT-Q1-2026-00327,CSE-BRAVO-AST-0042,AVAILABLE,CSE-BRAVO-CASE-Q1-2026-00093,2026-02-10T08:37:24Z,CSE-BRAVO-CASE-Q1-2026-00093-EV-01,Config Snapshot Reference,,REF-817443,EDR-Sentinel
CSE-BRAVO-ALT-Q1-2026-00327,CSE-BRAVO-AST-0042,UNAVAILABLE,CSE-BRAVO-CASE-Q1-2026-00093,2026-02-10T10:49:24Z,CSE-BRAVO-CASE-Q1-2026-00093-EV-02,Config Snapshot Reference,SHA256:167f1b976734da69,REF-828186,SIEM-Core
CSE-BRAVO-ALT-Q1-2026-00327,CSE-BRAVO-AST-0042,AVAILABLE,CSE-BRAVO-CASE-Q1-2026-00093,2026-02-10T08:38:24Z,CSE-BRAVO-CASE-Q1-2026-00093-EV-03,Config Snapshot Reference,SHA256:baff55c0fde8f9cf,REF-659786,SIEM-Core
CSE-BRAVO-ALT-Q1-2026-00332,CSE-BRAVO-AST-0067,AVAILABLE,CSE-BRAVO-CASE-Q1-2026-00094,2026-01-16T16:22:25Z,CSE-BRAVO-CASE-Q1-2026-00094-EV-01,Log Extract Reference,SHA256:552e8fd8de95fbb3,REF-846940,Firewall-Log
CSE-BRAVO-ALT-Q1-2026-00332,CSE-BRAVO-AST-0067,AVAILABLE,CSE-BRAVO-CASE-Q1-2026-00094,2026-01-16T10:59:25Z,CSE-BRAVO-CASE-Q1-2026-00094-EV-02,EDR Detection Record,,REF-257191,EDR-Sentinel
CSE-BRAVO-ALT-Q1-2026-00332,CSE-BRAVO-AST-0067,AVAILABLE,CSE-BRAVO-CASE-Q1-2026-00094,2026-01-16T13:29:25Z,CSE-BRAVO-CASE-Q1-2026-00094-EV-03,Log Extract Reference,SHA256:3227740c90051641,REF-677939,Firewall-Log
CSE-BRAVO-ALT-Q1-2026-00338,CSE-BRAVO-AST-0041,AVAILABLE,CSE-BRAVO-CASE-Q1-2026-00095,2026-02-21T01:09:28Z,CSE-BRAVO-CASE-Q1-2026-00095-EV-01,Packet Metadata Reference,SHA256:89680e2043bd4213,REF-329186,NIDS-Perimeter
CSE-BRAVO-ALT-Q1-2026-00338,CSE-BRAVO-AST-0041,AVAILABLE,CSE-BRAVO-CASE-Q1-2026-00095,2026-02-21T03:31:28Z,CSE-BRAVO-CASE-Q1-2026-00095-EV-02,EDR Detection Record,SHA256:2c0131ba137b0489,REF-115533,Cloud-Sec-Posture
CSE-BRAVO-ALT-Q1-2026-00338,CSE-BRAVO-AST-0041,AVAILABLE,CSE-BRAVO-CASE-Q1-2026-00095,2026-02-21T03:28:28Z,CSE-BRAVO-CASE-Q1-2026-00095-EV-03,Log Extract Reference,SHA256:8117df7081b3e1e1,REF-998875,OT-Historian-Watch
CSE-BRAVO-ALT-Q1-2026-00338,CSE-BRAVO-AST-0041,AVAILABLE,CSE-BRAVO-CASE-Q1-2026-00095,2026-02-20T21:38:28Z,CSE-BRAVO-CASE-Q1-2026-00095-EV-04,Alert Raw Record,SHA256:d00f1fa455157ef9,REF-173294,Cloud-Sec-Posture
CSE-BRAVO-ALT-Q1-2026-00340,CSE-BRAVO-AST-0072,UNAVAILABLE,CSE-BRAVO-CASE-Q1-2026-00096,2026-02-06T06:16:44Z,CSE-BRAVO-CASE-Q1-2026-00096-EV-01,Email Header Reference,SHA256:d6632df56b94f161,REF-484252,NIDS-Perimeter
CSE-BRAVO-ALT-Q1-2026-00340,CSE-BRAVO-AST-0072,AVAILABLE,CSE-BRAVO-CASE-Q1-2026-00096,2026-02-06T04:48:44Z,CSE-BRAVO-CASE-Q1-2026-00096-EV-02,Log Extract Reference,SHA256:8cabec3379e7019b,REF-451873,SIEM-Core
CSE-BRAVO-ALT-Q1-2026-00340,CSE-BRAVO-AST-0072,AVAILABLE,CSE-BRAVO-CASE-Q1-2026-00096,2026-02-06T04:52:44Z,CSE-BRAVO-CASE-Q1-2026-00096-EV-03,Log Extract Reference,SHA256:c8c8d0ef4889b557,REF-557730,IAM-Monitor
CSE-BRAVO-ALT-Q1-2026-00345,CSE-BRAVO-AST-0050,AVAILABLE,CSE-BRAVO-CASE-Q1-2026-00097,2026-03-15T13:02:58Z,CSE-BRAVO-CASE-Q1-2026-00097-EV-01,Access Log Reference,,REF-565829,OT-Historian-Watch
CSE-BRAVO-ALT-Q1-2026-00345,CSE-BRAVO-AST-0050,AVAILABLE,CSE-BRAVO-CASE-Q1-2026-00097,2026-03-15T19:11:58Z,CSE-BRAVO-CASE-Q1-2026-00097-EV-02,Log Extract Reference,SHA256:1f4a8bc488851406,REF-167638,NIDS-Perimeter
CSE-BRAVO-ALT-Q1-2026-00345,CSE-BRAVO-AST-0050,AVAILABLE,CSE-BRAVO-CASE-Q1-2026-00097,2026-03-15T12:15:58Z,CSE-BRAVO-CASE-Q1-2026-00097-EV-03,Access Log Reference,SHA256:438a7f04956b6f47,REF-488621,OT-Historian-Watch
CSE-BRAVO-ALT-Q1-2026-00348,CSE-BRAVO-AST-0053,AVAILABLE,CSE-BRAVO-CASE-Q1-2026-00098,2026-01-21T17:35:16Z,CSE-BRAVO-CASE-Q1-2026-00098-EV-01,Log Extract Reference,,REF-665357,Cloud-Sec-Posture
CSE-BRAVO-ALT-Q1-2026-00348,CSE-BRAVO-AST-0053,REDACTED,CSE-BRAVO-CASE-Q1-2026-00098,2026-01-21T18:08:16Z,CSE-BRAVO-CASE-Q1-2026-00098-EV-02,Access Log Reference,,REF-780543,EDR-Sentinel
CSE-BRAVO-ALT-Q1-2026-00348,CSE-BRAVO-AST-0053,AVAILABLE,CSE-BRAVO-CASE-Q1-2026-00098,2026-01-22T02:20:16Z,CSE-BRAVO-CASE-Q1-2026-00098-EV-03,Alert Raw Record,SHA256:f2bfbb5336d8ce39,REF-705340,OT-Historian-Watch
CSE-BRAVO-ALT-Q1-2026-00348,CSE-BRAVO-AST-0053,AVAILABLE,CSE-BRAVO-CASE-Q1-2026-00098,2026-01-21T17:31:16Z,CSE-BRAVO-CASE-Q1-2026-00098-EV-04,Config Snapshot Reference,SHA256:df2f55d66f6cb9a8,REF-921620,NIDS-Perimeter
CSE-BRAVO-ALT-Q1-2026-00349,CSE-BRAVO-AST-0075,AVAILABLE,CSE-BRAVO-CASE-Q1-2026-00099,2026-01-30T08:16:30Z,CSE-BRAVO-CASE-Q1-2026-00099-EV-01,EDR Detection Record,,REF-852507,OT-Historian-Watch
CSE-BRAVO-ALT-Q1-2026-00349,CSE-BRAVO-AST-0075,AVAILABLE,CSE-BRAVO-CASE-Q1-2026-00099,2026-01-30T11:43:30Z,CSE-BRAVO-CASE-Q1-2026-00099-EV-02,Ticket Record,,REF-559046,SIEM-Core
CSE-BRAVO-ALT-Q1-2026-00349,CSE-BRAVO-AST-0075,AVAILABLE,CSE-BRAVO-CASE-Q1-2026-00099,2026-01-30T10:56:30Z,CSE-BRAVO-CASE-Q1-2026-00099-EV-03,EDR Detection Record,SHA256:8f66cf60da084f16,REF-752096,IAM-Monitor
CSE-BRAVO-ALT-Q1-2026-00349,CSE-BRAVO-AST-0075,AVAILABLE,CSE-BRAVO-CASE-Q1-2026-00099,2026-01-30T10:23:30Z,CSE-BRAVO-CASE-Q1-2026-00099-EV-04,Packet Metadata Reference,SHA256:2e2aaad5ce148614,REF-927538,NIDS-Perimeter
CSE-BRAVO-ALT-Q1-2026-00351,CSE-BRAVO-AST-0018,UNAVAILABLE,CSE-BRAVO-CASE-Q1-2026-00100,2026-02-18T02:50:32Z,CSE-BRAVO-CASE-Q1-2026-00100-EV-01,Email Header Reference,,REF-156076,EDR-Sentinel
CSE-BRAVO-ALT-Q1-2026-00351,CSE-BRAVO-AST-0018,AVAILABLE,CSE-BRAVO-CASE-Q1-2026-00100,2026-02-18T05:06:32Z,CSE-BRAVO-CASE-Q1-2026-00100-EV-02,Access Log Reference,SHA256:df5ef2fd28449964,REF-939826,NIDS-Perimeter
CSE-BRAVO-ALT-Q1-2026-00351,CSE-BRAVO-AST-0018,AVAILABLE,CSE-BRAVO-CASE-Q1-2026-00100,2026-02-18T05:30:32Z,CSE-BRAVO-CASE-Q1-2026-00100-EV-03,Config Snapshot Reference,,REF-323186,IAM-Monitor
CSE-BRAVO-ALT-Q1-2026-00351,CSE-BRAVO-AST-0018,AVAILABLE,CSE-BRAVO-CASE-Q1-2026-00100,2026-02-18T05:34:32Z,CSE-BRAVO-CASE-Q1-2026-00100-EV-04,EDR Detection Record,,REF-321037,NIDS-Perimeter
CSE-BRAVO-ALT-Q1-2026-00351,CSE-BRAVO-AST-0018,REDACTED,CSE-BRAVO-CASE-Q1-2026-00100,2026-02-18T02:49:32Z,CSE-BRAVO-CASE-Q1-2026-00100-EV-05,Access Log Reference,SHA256:399d3b19950084fa,REF-124028,Cloud-Sec-Posture
CSE-BRAVO-ALT-Q1-2026-00358,CSE-BRAVO-AST-0065,AVAILABLE,CSE-BRAVO-CASE-Q1-2026-00101,2026-02-02T03:34:37Z,CSE-BRAVO-CASE-Q1-2026-00101-EV-01,Log Extract Reference,,REF-833483,OT-Historian-Watch
CSE-BRAVO-ALT-Q1-2026-00358,CSE-BRAVO-AST-0065,AVAILABLE,CSE-BRAVO-CASE-Q1-2026-00101,2026-02-01T18:15:37Z,CSE-BRAVO-CASE-Q1-2026-00101-EV-02,Log Extract Reference,,REF-167732,NIDS-Perimeter
CSE-BRAVO-ALT-Q1-2026-00358,CSE-BRAVO-AST-0065,AVAILABLE,CSE-BRAVO-CASE-Q1-2026-00101,2026-02-01T21:03:37Z,CSE-BRAVO-CASE-Q1-2026-00101-EV-03,Config Snapshot Reference,SHA256:44cb719d60800ebe,REF-992857,NIDS-Perimeter
CSE-BRAVO-ALT-Q1-2026-00358,CSE-BRAVO-AST-0065,AVAILABLE,CSE-BRAVO-CASE-Q1-2026-00101,2026-02-02T00:09:37Z,CSE-BRAVO-CASE-Q1-2026-00101-EV-04,Log Extract Reference,,REF-122256,SIEM-Core
CSE-BRAVO-ALT-Q1-2026-00358,CSE-BRAVO-AST-0065,AVAILABLE,CSE-BRAVO-CASE-Q1-2026-00101,2026-02-01T18:09:37Z,CSE-BRAVO-CASE-Q1-2026-00101-EV-05,EDR Detection Record,,REF-298981,EDR-Sentinel
CSE-BRAVO-ALT-Q1-2026-00361,CSE-BRAVO-AST-0004,AVAILABLE,CSE-BRAVO-CASE-Q1-2026-00102,2026-02-08T16:59:57Z,CSE-BRAVO-CASE-Q1-2026-00102-EV-01,EDR Detection Record,,REF-213792,Firewall-Log
CSE-BRAVO-ALT-Q1-2026-00363,CSE-BRAVO-AST-0067,AVAILABLE,CSE-BRAVO-CASE-Q1-2026-00103,2026-03-27T22:06:58Z,CSE-BRAVO-CASE-Q1-2026-00103-EV-01,Log Extract Reference,SHA256:39191e4be785b2dc,REF-241972,Cloud-Sec-Posture
CSE-BRAVO-ALT-Q1-2026-00363,CSE-BRAVO-AST-0067,AVAILABLE,CSE-BRAVO-CASE-Q1-2026-00103,2026-03-28T04:32:58Z,CSE-BRAVO-CASE-Q1-2026-00103-EV-02,Log Extract Reference,SHA256:78c1deb5880d955e,REF-922729,NIDS-Perimeter
CSE-BRAVO-ALT-Q1-2026-00363,CSE-BRAVO-AST-0067,AVAILABLE,CSE-BRAVO-CASE-Q1-2026-00103,2026-03-27T23:53:58Z,CSE-BRAVO-CASE-Q1-2026-00103-EV-03,Alert Raw Record,SHA256:e58f376ca1b35f2b,REF-115456,NIDS-Perimeter
CSE-BRAVO-ALT-Q1-2026-00363,CSE-BRAVO-AST-0067,AVAILABLE,CSE-BRAVO-CASE-Q1-2026-00103,2026-03-28T04:46:58Z,CSE-BRAVO-CASE-Q1-2026-00103-EV-04,Packet Metadata Reference,SHA256:ce5de8bbd1377449,REF-120370,Cloud-Sec-Posture
CSE-BRAVO-ALT-Q1-2026-00363,CSE-BRAVO-AST-0067,AVAILABLE,CSE-BRAVO-CASE-Q1-2026-00103,2026-03-28T05:47:58Z,CSE-BRAVO-CASE-Q1-2026-00103-EV-05,Config Snapshot Reference,SHA256:4ac4cce9b4b7511a,REF-578350,Cloud-Sec-Posture
CSE-BRAVO-ALT-Q1-2026-00364,CSE-BRAVO-AST-0027,AVAILABLE,CSE-BRAVO-CASE-Q1-2026-00104,2026-01-09T17:48:05Z,CSE-BRAVO-CASE-Q1-2026-00104-EV-01,EDR Detection Record,SHA256:b083b2ff8d3d65bd,REF-438666,Firewall-Log
CSE-BRAVO-ALT-Q1-2026-00364,CSE-BRAVO-AST-0027,AVAILABLE,CSE-BRAVO-CASE-Q1-2026-00104,2026-01-09T12:52:05Z,CSE-BRAVO-CASE-Q1-2026-00104-EV-02,EDR Detection Record,SHA256:d74834bfdbefe89b,REF-261031,OT-Historian-Watch
CSE-BRAVO-ALT-Q1-2026-00364,CSE-BRAVO-AST-0027,REDACTED,CSE-BRAVO-CASE-Q1-2026-00104,2026-01-09T17:04:05Z,CSE-BRAVO-CASE-Q1-2026-00104-EV-03,Packet Metadata Reference,SHA256:057e3f0a5a06094e,REF-345889,IAM-Monitor
CSE-BRAVO-ALT-Q1-2026-00366,CSE-BRAVO-AST-0057,AVAILABLE,CSE-BRAVO-CASE-Q1-2026-00105,2026-03-22T02:15:56Z,CSE-BRAVO-CASE-Q1-2026-00105-EV-01,Log Extract Reference,SHA256:74c25bc00ec901f3,REF-537849,EDR-Sentinel
CSE-BRAVO-ALT-Q1-2026-00366,CSE-BRAVO-AST-0057,AVAILABLE,CSE-BRAVO-CASE-Q1-2026-00105,2026-03-22T05:41:56Z,CSE-BRAVO-CASE-Q1-2026-00105-EV-02,Email Header Reference,SHA256:51ea287200c994bc,REF-837311,OT-Historian-Watch
CSE-BRAVO-ALT-Q1-2026-00366,CSE-BRAVO-AST-0057,AVAILABLE,CSE-BRAVO-CASE-Q1-2026-00105,2026-03-22T04:26:56Z,CSE-BRAVO-CASE-Q1-2026-00105-EV-03,Alert Raw Record,SHA256:98389ce51a672f78,REF-653588,Cloud-Sec-Posture
CSE-BRAVO-ALT-Q1-2026-00367,CSE-BRAVO-AST-0037,AVAILABLE,CSE-BRAVO-CASE-Q1-2026-00106,2026-02-07T20:19:27Z,CSE-BRAVO-CASE-Q1-2026-00106-EV-01,Alert Raw Record,,REF-594294,Firewall-Log
CSE-BRAVO-ALT-Q1-2026-00367,CSE-BRAVO-AST-0037,AVAILABLE,CSE-BRAVO-CASE-Q1-2026-00106,2026-02-07T21:39:27Z,CSE-BRAVO-CASE-Q1-2026-00106-EV-02,Alert Raw Record,SHA256:9097f92e7cc5b776,REF-699877,SIEM-Core
CSE-BRAVO-ALT-Q1-2026-00367,CSE-BRAVO-AST-0037,REDACTED,CSE-BRAVO-CASE-Q1-2026-00106,2026-02-07T23:22:27Z,CSE-BRAVO-CASE-Q1-2026-00106-EV-03,Email Header Reference,,REF-133272,Cloud-Sec-Posture
CSE-BRAVO-ALT-Q1-2026-00367,CSE-BRAVO-AST-0037,AVAILABLE,CSE-BRAVO-CASE-Q1-2026-00106,2026-02-08T00:27:27Z,CSE-BRAVO-CASE-Q1-2026-00106-EV-04,Packet Metadata Reference,SHA256:6e375854cfd72f17,REF-579591,NIDS-Perimeter
CSE-BRAVO-ALT-Q1-2026-00367,CSE-BRAVO-AST-0037,AVAILABLE,CSE-BRAVO-CASE-Q1-2026-00106,2026-02-07T21:38:27Z,CSE-BRAVO-CASE-Q1-2026-00106-EV-05,Config Snapshot Reference,,REF-420252,SIEM-Core
CSE-BRAVO-ALT-Q1-2026-00368,CSE-BRAVO-AST-0028,AVAILABLE,CSE-BRAVO-CASE-Q1-2026-00107,2026-01-10T13:20:00Z,CSE-BRAVO-CASE-Q1-2026-00107-EV-01,Email Header Reference,SHA256:03146b401ba13a6e,REF-622063,Firewall-Log
CSE-BRAVO-ALT-Q1-2026-00368,CSE-BRAVO-AST-0028,AVAILABLE,CSE-BRAVO-CASE-Q1-2026-00107,2026-01-10T06:54:00Z,CSE-BRAVO-CASE-Q1-2026-00107-EV-02,Log Extract Reference,SHA256:8ae6de276746b3cd,REF-363854,IAM-Monitor
CSE-BRAVO-ALT-Q1-2026-00368,CSE-BRAVO-AST-0028,AVAILABLE,CSE-BRAVO-CASE-Q1-2026-00107,2026-01-10T10:18:00Z,CSE-BRAVO-CASE-Q1-2026-00107-EV-03,Ticket Record,SHA256:7fa4b33500f96ae2,REF-617986,IAM-Monitor
CSE-BRAVO-ALT-Q1-2026-00369,CSE-BRAVO-AST-0064,AVAILABLE,CSE-BRAVO-CASE-Q1-2026-00108,2026-02-25T12:59:19Z,CSE-BRAVO-CASE-Q1-2026-00108-EV-01,Ticket Record,SHA256:74221feab8e4fd4c,REF-247393,NIDS-Perimeter
CSE-BRAVO-ALT-Q1-2026-00369,CSE-BRAVO-AST-0064,AVAILABLE,CSE-BRAVO-CASE-Q1-2026-00108,2026-02-25T07:16:19Z,CSE-BRAVO-CASE-Q1-2026-00108-EV-02,Log Extract Reference,SHA256:c6e9ae0ddccbda87,REF-699506,Cloud-Sec-Posture
CSE-BRAVO-ALT-Q1-2026-00369,CSE-BRAVO-AST-0064,AVAILABLE,CSE-BRAVO-CASE-Q1-2026-00108,2026-02-25T11:12:19Z,CSE-BRAVO-CASE-Q1-2026-00108-EV-03,Packet Metadata Reference,SHA256:8b2988f448eba3ae,REF-471155,SIEM-Core
CSE-BRAVO-ALT-Q1-2026-00369,CSE-BRAVO-AST-0064,AVAILABLE,CSE-BRAVO-CASE-Q1-2026-00108,2026-02-25T14:08:19Z,CSE-BRAVO-CASE-Q1-2026-00108-EV-04,EDR Detection Record,SHA256:1cf913aa55c2318f,REF-425865,Firewall-Log
CSE-BRAVO-ALT-Q1-2026-00369,CSE-BRAVO-AST-0064,AVAILABLE,CSE-BRAVO-CASE-Q1-2026-00108,2026-02-25T16:25:19Z,CSE-BRAVO-CASE-Q1-2026-00108-EV-05,Packet Metadata Reference,SHA256:692f06d8c55a8baa,REF-299795,SIEM-Core
CSE-BRAVO-ALT-Q1-2026-00375,CSE-BRAVO-AST-0003,AVAILABLE,CSE-BRAVO-CASE-Q1-2026-00109,2026-03-21T10:22:37Z,CSE-BRAVO-CASE-Q1-2026-00109-EV-01,Packet Metadata Reference,SHA256:bc2a5674a4820b64,REF-258690,NIDS-Perimeter
CSE-BRAVO-ALT-Q1-2026-00375,CSE-BRAVO-AST-0003,AVAILABLE,CSE-BRAVO-CASE-Q1-2026-00109,2026-03-21T03:24:37Z,CSE-BRAVO-CASE-Q1-2026-00109-EV-02,Alert Raw Record,SHA256:14da60bb014d983a,REF-239259,NIDS-Perimeter
CSE-BRAVO-ALT-Q1-2026-00375,CSE-BRAVO-AST-0003,AVAILABLE,CSE-BRAVO-CASE-Q1-2026-00109,2026-03-21T07:51:37Z,CSE-BRAVO-CASE-Q1-2026-00109-EV-03,Alert Raw Record,,REF-859169,EDR-Sentinel
CSE-BRAVO-ALT-Q1-2026-00376,CSE-BRAVO-AST-0028,AVAILABLE,CSE-BRAVO-CASE-Q1-2026-00110,2026-01-28T05:12:20Z,CSE-BRAVO-CASE-Q1-2026-00110-EV-01,Alert Raw Record,SHA256:17863cbb2c2e7602,REF-754080,SIEM-Core
CSE-BRAVO-ALT-Q1-2026-00376,CSE-BRAVO-AST-0028,AVAILABLE,CSE-BRAVO-CASE-Q1-2026-00110,2026-01-28T04:16:20Z,CSE-BRAVO-CASE-Q1-2026-00110-EV-02,Access Log Reference,SHA256:f0acef9a5c395a27,REF-928954,EDR-Sentinel
CSE-BRAVO-ALT-Q1-2026-00376,CSE-BRAVO-AST-0028,AVAILABLE,CSE-BRAVO-CASE-Q1-2026-00110,2026-01-28T03:35:20Z,CSE-BRAVO-CASE-Q1-2026-00110-EV-03,Ticket Record,SHA256:a0f73fc922f0f151,REF-228570,Cloud-Sec-Posture
CSE-BRAVO-ALT-Q1-2026-00376,CSE-BRAVO-AST-0028,AVAILABLE,CSE-BRAVO-CASE-Q1-2026-00110,2026-01-28T02:21:20Z,CSE-BRAVO-CASE-Q1-2026-00110-EV-04,Ticket Record,SHA256:815f3663387160ae,REF-826964,EDR-Sentinel
CSE-BRAVO-ALT-Q1-2026-00376,CSE-BRAVO-AST-0028,AVAILABLE,CSE-BRAVO-CASE-Q1-2026-00110,2026-01-28T01:03:20Z,CSE-BRAVO-CASE-Q1-2026-00110-EV-05,EDR Detection Record,SHA256:b9b16a1e0c01b630,REF-526991,EDR-Sentinel
CSE-BRAVO-ALT-Q1-2026-00377,CSE-BRAVO-AST-0047,AVAILABLE,CSE-BRAVO-CASE-Q1-2026-00111,2026-02-05T06:26:01Z,CSE-BRAVO-CASE-Q1-2026-00111-EV-01,Email Header Reference,SHA256:b3bf96c77f19c0df,REF-418890,SIEM-Core
CSE-BRAVO-ALT-Q1-2026-00377,CSE-BRAVO-AST-0047,REDACTED,CSE-BRAVO-CASE-Q1-2026-00111,2026-02-05T00:57:01Z,CSE-BRAVO-CASE-Q1-2026-00111-EV-02,Ticket Record,SHA256:c6e330037ff5bc3d,REF-474418,NIDS-Perimeter
CSE-BRAVO-ALT-Q1-2026-00377,CSE-BRAVO-AST-0047,AVAILABLE,CSE-BRAVO-CASE-Q1-2026-00111,2026-02-05T08:39:01Z,CSE-BRAVO-CASE-Q1-2026-00111-EV-03,Config Snapshot Reference,SHA256:e7e5f919b0432159,REF-200185,IAM-Monitor
CSE-BRAVO-ALT-Q1-2026-00377,CSE-BRAVO-AST-0047,AVAILABLE,CSE-BRAVO-CASE-Q1-2026-00111,2026-02-05T07:51:01Z,CSE-BRAVO-CASE-Q1-2026-00111-EV-04,Log Extract Reference,SHA256:931e42b9fd74a07a,REF-799812,EDR-Sentinel
CSE-BRAVO-ALT-Q1-2026-00378,CSE-BRAVO-AST-0028,AVAILABLE,CSE-BRAVO-CASE-Q1-2026-00112,2026-03-22T11:03:54Z,CSE-BRAVO-CASE-Q1-2026-00112-EV-01,Alert Raw Record,SHA256:de3c31cb46d488c7,REF-239121,IAM-Monitor
CSE-BRAVO-ALT-Q1-2026-00378,CSE-BRAVO-AST-0028,AVAILABLE,CSE-BRAVO-CASE-Q1-2026-00112,2026-03-22T16:43:54Z,CSE-BRAVO-CASE-Q1-2026-00112-EV-02,Packet Metadata Reference,SHA256:f169845af32a3896,REF-227744,IAM-Monitor
CSE-BRAVO-ALT-Q1-2026-00378,CSE-BRAVO-AST-0028,REDACTED,CSE-BRAVO-CASE-Q1-2026-00112,2026-03-22T15:21:54Z,CSE-BRAVO-CASE-Q1-2026-00112-EV-03,Ticket Record,,REF-324800,Cloud-Sec-Posture
CSE-BRAVO-ALT-Q1-2026-00378,CSE-BRAVO-AST-0028,AVAILABLE,CSE-BRAVO-CASE-Q1-2026-00112,2026-03-22T12:11:54Z,CSE-BRAVO-CASE-Q1-2026-00112-EV-04,Config Snapshot Reference,SHA256:3ce002bd7acd78c0,REF-813630,SIEM-Core
CSE-BRAVO-ALT-Q1-2026-00378,CSE-BRAVO-AST-0028,AVAILABLE,CSE-BRAVO-CASE-Q1-2026-00112,2026-03-22T14:02:54Z,CSE-BRAVO-CASE-Q1-2026-00112-EV-05,Log Extract Reference,SHA256:d346da71a093aa2b,REF-854797,SIEM-Core
CSE-BRAVO-ALT-Q1-2026-00380,CSE-BRAVO-AST-0009,AVAILABLE,CSE-BRAVO-CASE-Q1-2026-00113,2026-03-13T11:21:17Z,CSE-BRAVO-CASE-Q1-2026-00113-EV-01,Email Header Reference,SHA256:655f9332279663b4,REF-637804,Cloud-Sec-Posture
CSE-BRAVO-ALT-Q1-2026-00380,CSE-BRAVO-AST-0009,AVAILABLE,CSE-BRAVO-CASE-Q1-2026-00113,2026-03-13T09:15:17Z,CSE-BRAVO-CASE-Q1-2026-00113-EV-02,Packet Metadata Reference,,REF-890504,NIDS-Perimeter
CSE-BRAVO-ALT-Q1-2026-00380,CSE-BRAVO-AST-0009,UNAVAILABLE,CSE-BRAVO-CASE-Q1-2026-00113,2026-03-13T04:50:17Z,CSE-BRAVO-CASE-Q1-2026-00113-EV-03,Packet Metadata Reference,SHA256:02a46ea0da726a59,REF-729635,NIDS-Perimeter
CSE-BRAVO-ALT-Q1-2026-00384,CSE-BRAVO-AST-0066,AVAILABLE,CSE-BRAVO-CASE-Q1-2026-00114,2026-03-01T10:45:20Z,CSE-BRAVO-CASE-Q1-2026-00114-EV-01,Email Header Reference,SHA256:c0c2f37e7934a2da,REF-318242,EDR-Sentinel
CSE-BRAVO-ALT-Q1-2026-00384,CSE-BRAVO-AST-0066,AVAILABLE,CSE-BRAVO-CASE-Q1-2026-00114,2026-03-01T09:14:20Z,CSE-BRAVO-CASE-Q1-2026-00114-EV-02,EDR Detection Record,,REF-710270,EDR-Sentinel
CSE-BRAVO-ALT-Q1-2026-00384,CSE-BRAVO-AST-0066,AVAILABLE,CSE-BRAVO-CASE-Q1-2026-00114,2026-03-01T08:14:20Z,CSE-BRAVO-CASE-Q1-2026-00114-EV-03,EDR Detection Record,,REF-611867,IAM-Monitor
CSE-BRAVO-ALT-Q1-2026-00385,CSE-BRAVO-AST-0040,AVAILABLE,CSE-BRAVO-CASE-Q1-2026-00115,2026-01-10T01:38:36Z,CSE-BRAVO-CASE-Q1-2026-00115-EV-01,Email Header Reference,SHA256:0fd7cc0ea9ef1439,REF-264214,NIDS-Perimeter
CSE-BRAVO-ALT-Q1-2026-00385,CSE-BRAVO-AST-0040,AVAILABLE,CSE-BRAVO-CASE-Q1-2026-00115,2026-01-09T22:41:36Z,CSE-BRAVO-CASE-Q1-2026-00115-EV-02,Log Extract Reference,,REF-664942,Firewall-Log
CSE-BRAVO-ALT-Q1-2026-00385,CSE-BRAVO-AST-0040,AVAILABLE,CSE-BRAVO-CASE-Q1-2026-00115,2026-01-10T00:20:36Z,CSE-BRAVO-CASE-Q1-2026-00115-EV-03,Config Snapshot Reference,SHA256:44ee250b1f5286f0,REF-763858,IAM-Monitor
CSE-BRAVO-ALT-Q1-2026-00385,CSE-BRAVO-AST-0040,AVAILABLE,CSE-BRAVO-CASE-Q1-2026-00115,2026-01-10T00:59:36Z,CSE-BRAVO-CASE-Q1-2026-00115-EV-04,Ticket Record,SHA256:293d489753397a68,REF-395299,IAM-Monitor
CSE-BRAVO-ALT-Q1-2026-00385,CSE-BRAVO-AST-0040,AVAILABLE,CSE-BRAVO-CASE-Q1-2026-00115,2026-01-10T02:58:36Z,CSE-BRAVO-CASE-Q1-2026-00115-EV-05,EDR Detection Record,,REF-253149,EDR-Sentinel
CSE-BRAVO-ALT-Q1-2026-00387,CSE-BRAVO-AST-0024,AVAILABLE,CSE-BRAVO-CASE-Q1-2026-00116,2026-03-02T10:34:46Z,CSE-BRAVO-CASE-Q1-2026-00116-EV-01,EDR Detection Record,SHA256:3489323b304d4f06,REF-370833,Firewall-Log
CSE-BRAVO-ALT-Q1-2026-00387,CSE-BRAVO-AST-0024,AVAILABLE,CSE-BRAVO-CASE-Q1-2026-00116,2026-03-02T05:22:46Z,CSE-BRAVO-CASE-Q1-2026-00116-EV-02,Ticket Record,SHA256:d5fc369a10c36470,REF-128780,OT-Historian-Watch
CSE-BRAVO-ALT-Q1-2026-00387,CSE-BRAVO-AST-0024,AVAILABLE,CSE-BRAVO-CASE-Q1-2026-00116,2026-03-02T10:58:46Z,CSE-BRAVO-CASE-Q1-2026-00116-EV-03,Log Extract Reference,,REF-528054,Cloud-Sec-Posture
CSE-BRAVO-ALT-Q1-2026-00387,CSE-BRAVO-AST-0024,REDACTED,CSE-BRAVO-CASE-Q1-2026-00116,2026-03-02T09:27:46Z,CSE-BRAVO-CASE-Q1-2026-00116-EV-04,Packet Metadata Reference,,REF-265460,IAM-Monitor
CSE-BRAVO-ALT-Q1-2026-00390,CSE-BRAVO-AST-0078,AVAILABLE,CSE-BRAVO-CASE-Q1-2026-00117,2026-03-09T04:49:10Z,CSE-BRAVO-CASE-Q1-2026-00117-EV-01,Log Extract Reference,,REF-945896,OT-Historian-Watch
CSE-BRAVO-ALT-Q1-2026-00391,CSE-BRAVO-AST-0021,AVAILABLE,CSE-BRAVO-CASE-Q1-2026-00118,2026-02-25T20:02:33Z,CSE-BRAVO-CASE-Q1-2026-00118-EV-01,Ticket Record,,REF-779709,Cloud-Sec-Posture
CSE-BRAVO-ALT-Q1-2026-00391,CSE-BRAVO-AST-0021,AVAILABLE,CSE-BRAVO-CASE-Q1-2026-00118,2026-02-26T00:28:33Z,CSE-BRAVO-CASE-Q1-2026-00118-EV-02,EDR Detection Record,SHA256:3e45f2b242a7a573,REF-988632,Cloud-Sec-Posture
CSE-BRAVO-ALT-Q1-2026-00391,CSE-BRAVO-AST-0021,AVAILABLE,CSE-BRAVO-CASE-Q1-2026-00118,2026-02-25T20:21:33Z,CSE-BRAVO-CASE-Q1-2026-00118-EV-03,EDR Detection Record,SHA256:dc3e381f366a4fa1,REF-582361,OT-Historian-Watch
CSE-BRAVO-ALT-Q1-2026-00391,CSE-BRAVO-AST-0021,AVAILABLE,CSE-BRAVO-CASE-Q1-2026-00118,2026-02-25T17:53:33Z,CSE-BRAVO-CASE-Q1-2026-00118-EV-04,Alert Raw Record,SHA256:2f247474c54c59ce,REF-930470,NIDS-Perimeter
CSE-BRAVO-ALT-Q1-2026-00391,CSE-BRAVO-AST-0021,AVAILABLE,CSE-BRAVO-CASE-Q1-2026-00118,2026-02-25T19:20:33Z,CSE-BRAVO-CASE-Q1-2026-00118-EV-05,Log Extract Reference,SHA256:3f201ea11cfbc809,REF-649264,Cloud-Sec-Posture
CSE-BRAVO-ALT-Q1-2026-00392,CSE-BRAVO-AST-0056,AVAILABLE,CSE-BRAVO-CASE-Q1-2026-00119,2026-03-13T10:47:43Z,CSE-BRAVO-CASE-Q1-2026-00119-EV-01,EDR Detection Record,SHA256:303de1587b2b2f88,REF-117617,SIEM-Core
CSE-BRAVO-ALT-Q1-2026-00392,CSE-BRAVO-AST-0056,AVAILABLE,CSE-BRAVO-CASE-Q1-2026-00119,2026-03-13T13:29:43Z,CSE-BRAVO-CASE-Q1-2026-00119-EV-02,Log Extract Reference,SHA256:0363112b5e0b7f45,REF-683139,IAM-Monitor
CSE-BRAVO-ALT-Q1-2026-00392,CSE-BRAVO-AST-0056,AVAILABLE,CSE-BRAVO-CASE-Q1-2026-00119,2026-03-13T05:08:43Z,CSE-BRAVO-CASE-Q1-2026-00119-EV-03,Alert Raw Record,,REF-904994,Cloud-Sec-Posture
CSE-BRAVO-ALT-Q1-2026-00393,CSE-BRAVO-AST-0037,AVAILABLE,CSE-BRAVO-CASE-Q1-2026-00120,2026-02-04T22:26:19Z,CSE-BRAVO-CASE-Q1-2026-00120-EV-01,Access Log Reference,SHA256:411f95147059720c,REF-461791,Firewall-Log
CSE-BRAVO-ALT-Q1-2026-00393,CSE-BRAVO-AST-0037,AVAILABLE,CSE-BRAVO-CASE-Q1-2026-00120,2026-02-04T15:37:19Z,CSE-BRAVO-CASE-Q1-2026-00120-EV-02,Email Header Reference,SHA256:a3ce67684a741b9e,REF-721913,NIDS-Perimeter
CSE-BRAVO-ALT-Q1-2026-00393,CSE-BRAVO-AST-0037,AVAILABLE,CSE-BRAVO-CASE-Q1-2026-00120,2026-02-04T19:48:19Z,CSE-BRAVO-CASE-Q1-2026-00120-EV-03,Packet Metadata Reference,SHA256:08fa2877c5e4eb57,REF-173529,OT-Historian-Watch
CSE-BRAVO-ALT-Q1-2026-00397,CSE-BRAVO-AST-0034,UNAVAILABLE,CSE-BRAVO-CASE-Q1-2026-00121,2026-02-14T08:19:03Z,CSE-BRAVO-CASE-Q1-2026-00121-EV-01,EDR Detection Record,SHA256:0c816f25e160832f,REF-529991,Cloud-Sec-Posture
CSE-BRAVO-ALT-Q1-2026-00397,CSE-BRAVO-AST-0034,AVAILABLE,CSE-BRAVO-CASE-Q1-2026-00121,2026-02-13T23:56:03Z,CSE-BRAVO-CASE-Q1-2026-00121-EV-02,Log Extract Reference,SHA256:70e7292aab67e2d5,REF-593737,IAM-Monitor
CSE-BRAVO-ALT-Q1-2026-00397,CSE-BRAVO-AST-0034,AVAILABLE,CSE-BRAVO-CASE-Q1-2026-00121,2026-02-14T08:29:03Z,CSE-BRAVO-CASE-Q1-2026-00121-EV-03,Log Extract Reference,SHA256:49dc70b92cf43df4,REF-458221,NIDS-Perimeter
CSE-BRAVO-ALT-Q1-2026-00397,CSE-BRAVO-AST-0034,AVAILABLE,CSE-BRAVO-CASE-Q1-2026-00121,2026-02-13T23:45:03Z,CSE-BRAVO-CASE-Q1-2026-00121-EV-04,Email Header Reference,,REF-110859,Firewall-Log
CSE-BRAVO-ALT-Q1-2026-00402,CSE-BRAVO-AST-0059,AVAILABLE,CSE-BRAVO-CASE-Q1-2026-00122,2026-02-12T12:57:37Z,CSE-BRAVO-CASE-Q1-2026-00122-EV-01,Packet Metadata Reference,SHA256:4d378c4522e88c42,REF-751814,OT-Historian-Watch
CSE-BRAVO-ALT-Q1-2026-00402,CSE-BRAVO-AST-0059,AVAILABLE,CSE-BRAVO-CASE-Q1-2026-00122,2026-02-12T13:02:37Z,CSE-BRAVO-CASE-Q1-2026-00122-EV-02,Email Header Reference,SHA256:b5f49886fe049fad,REF-105782,OT-Historian-Watch
CSE-BRAVO-ALT-Q1-2026-00402,CSE-BRAVO-AST-0059,AVAILABLE,CSE-BRAVO-CASE-Q1-2026-00122,2026-02-12T10:14:37Z,CSE-BRAVO-CASE-Q1-2026-00122-EV-03,Ticket Record,,REF-924977,Cloud-Sec-Posture
CSE-BRAVO-ALT-Q1-2026-00405,CSE-BRAVO-AST-0003,UNAVAILABLE,CSE-BRAVO-CASE-Q1-2026-00123,2026-03-14T19:09:02Z,CSE-BRAVO-CASE-Q1-2026-00123-EV-01,Log Extract Reference,SHA256:a87251a0a64d2456,REF-269775,IAM-Monitor
CSE-BRAVO-ALT-Q1-2026-00405,CSE-BRAVO-AST-0003,AVAILABLE,CSE-BRAVO-CASE-Q1-2026-00123,2026-03-14T19:44:02Z,CSE-BRAVO-CASE-Q1-2026-00123-EV-02,Access Log Reference,,REF-299747,OT-Historian-Watch
CSE-BRAVO-ALT-Q1-2026-00405,CSE-BRAVO-AST-0003,AVAILABLE,CSE-BRAVO-CASE-Q1-2026-00123,2026-03-14T18:17:02Z,CSE-BRAVO-CASE-Q1-2026-00123-EV-03,Log Extract Reference,SHA256:b28af6ba3c2f86d9,REF-273303,SIEM-Core
CSE-BRAVO-ALT-Q1-2026-00410,CSE-BRAVO-AST-0002,AVAILABLE,CSE-BRAVO-CASE-Q1-2026-00124,2026-03-26T11:39:24Z,CSE-BRAVO-CASE-Q1-2026-00124-EV-01,Packet Metadata Reference,,REF-565900,Cloud-Sec-Posture
CSE-BRAVO-ALT-Q1-2026-00410,CSE-BRAVO-AST-0002,AVAILABLE,CSE-BRAVO-CASE-Q1-2026-00124,2026-03-26T05:00:24Z,CSE-BRAVO-CASE-Q1-2026-00124-EV-02,Ticket Record,,REF-118144,SIEM-Core
CSE-BRAVO-ALT-Q1-2026-00410,CSE-BRAVO-AST-0002,AVAILABLE,CSE-BRAVO-CASE-Q1-2026-00124,2026-03-26T08:34:24Z,CSE-BRAVO-CASE-Q1-2026-00124-EV-03,Log Extract Reference,SHA256:b88a9c0f709c42c6,REF-438150,OT-Historian-Watch
CSE-BRAVO-ALT-Q1-2026-00410,CSE-BRAVO-AST-0002,AVAILABLE,CSE-BRAVO-CASE-Q1-2026-00124,2026-03-26T09:39:24Z,CSE-BRAVO-CASE-Q1-2026-00124-EV-04,Ticket Record,SHA256:674e853b764a6eb0,REF-498407,IAM-Monitor
CSE-BRAVO-ALT-Q1-2026-00410,CSE-BRAVO-AST-0002,AVAILABLE,CSE-BRAVO-CASE-Q1-2026-00124,2026-03-26T05:56:24Z,CSE-BRAVO-CASE-Q1-2026-00124-EV-05,Packet Metadata Reference,SHA256:556570bc4e385664,REF-131919,Firewall-Log
CSE-BRAVO-ALT-Q1-2026-00417,CSE-BRAVO-AST-0039,UNAVAILABLE,CSE-BRAVO-CASE-Q1-2026-00125,2026-02-28T11:27:45Z,CSE-BRAVO-CASE-Q1-2026-00125-EV-01,Packet Metadata Reference,,REF-519373,Cloud-Sec-Posture
CSE-BRAVO-ALT-Q1-2026-00423,CSE-BRAVO-AST-0039,AVAILABLE,CSE-BRAVO-CASE-Q1-2026-00126,2026-03-22T07:24:58Z,CSE-BRAVO-CASE-Q1-2026-00126-EV-01,Access Log Reference,SHA256:8a4347709fd06b0b,REF-627390,SIEM-Core
CSE-BRAVO-ALT-Q1-2026-00425,CSE-BRAVO-AST-0021,AVAILABLE,CSE-BRAVO-CASE-Q1-2026-00127,2026-03-12T08:15:25Z,CSE-BRAVO-CASE-Q1-2026-00127-EV-01,Config Snapshot Reference,SHA256:2e971e25c973f773,REF-306945,Cloud-Sec-Posture
CSE-BRAVO-ALT-Q1-2026-00425,CSE-BRAVO-AST-0021,REDACTED,CSE-BRAVO-CASE-Q1-2026-00127,2026-03-12T01:12:25Z,CSE-BRAVO-CASE-Q1-2026-00127-EV-02,Config Snapshot Reference,,REF-214434,Cloud-Sec-Posture
CSE-BRAVO-ALT-Q1-2026-00425,CSE-BRAVO-AST-0021,AVAILABLE,CSE-BRAVO-CASE-Q1-2026-00127,2026-03-12T08:46:25Z,CSE-BRAVO-CASE-Q1-2026-00127-EV-03,Config Snapshot Reference,,REF-581626,SIEM-Core
CSE-BRAVO-ALT-Q1-2026-00425,CSE-BRAVO-AST-0021,AVAILABLE,CSE-BRAVO-CASE-Q1-2026-00127,2026-03-12T09:04:25Z,CSE-BRAVO-CASE-Q1-2026-00127-EV-04,Log Extract Reference,SHA256:2ef5abdb5ea60823,REF-809256,OT-Historian-Watch
CSE-BRAVO-ALT-Q1-2026-00427,CSE-BRAVO-AST-0073,AVAILABLE,CSE-BRAVO-CASE-Q1-2026-00128,2026-03-13T04:12:19Z,CSE-BRAVO-CASE-Q1-2026-00128-EV-01,Ticket Record,SHA256:0b328f75d45e4385,REF-829067,OT-Historian-Watch
,CSE-BRAVO-AST-0036,AVAILABLE,,2026-01-11T15:44:33Z,CSE-BRAVO-EV-BASE-Q1-2026-00001,Log Extract Reference,,REF-785489,NIDS-Perimeter
,CSE-BRAVO-AST-0026,AVAILABLE,,2026-01-08T18:38:12Z,CSE-BRAVO-EV-BASE-Q1-2026-00002,Log Extract Reference,,REF-214110,NIDS-Perimeter
,CSE-BRAVO-AST-0063,AVAILABLE,,2026-01-08T00:50:17Z,CSE-BRAVO-EV-BASE-Q1-2026-00003,Log Extract Reference,,REF-221679,IAM-Monitor
,CSE-BRAVO-AST-0047,AVAILABLE,,2026-03-05T08:12:37Z,CSE-BRAVO-EV-BASE-Q1-2026-00004,Log Extract Reference,,REF-584541,SIEM-Core
,CSE-BRAVO-AST-0017,AVAILABLE,,2026-03-28T04:43:13Z,CSE-BRAVO-EV-BASE-Q1-2026-00005,Log Extract Reference,,REF-683002,Firewall-Log
,CSE-BRAVO-AST-0012,AVAILABLE,,2026-03-11T01:09:47Z,CSE-BRAVO-EV-BASE-Q1-2026-00006,Log Extract Reference,,REF-739745,IAM-Monitor
,CSE-BRAVO-AST-0061,AVAILABLE,,2026-02-10T05:49:14Z,CSE-BRAVO-EV-BASE-Q1-2026-00007,Log Extract Reference,,REF-431118,Cloud-Sec-Posture
,CSE-BRAVO-AST-0026,AVAILABLE,,2026-02-26T06:35:01Z,CSE-BRAVO-EV-BASE-Q1-2026-00008,Log Extract Reference,,REF-819063,EDR-Sentinel
,CSE-BRAVO-AST-0078,AVAILABLE,,2026-02-01T11:47:01Z,CSE-BRAVO-EV-BASE-Q1-2026-00009,Log Extract Reference,,REF-505822,SIEM-Core
,CSE-BRAVO-AST-0007,AVAILABLE,,2026-01-10T00:35:02Z,CSE-BRAVO-EV-BASE-Q1-2026-00010,Log Extract Reference,,REF-814604,IAM-Monitor
,CSE-BRAVO-AST-0012,AVAILABLE,,2026-01-30T18:14:29Z,CSE-BRAVO-EV-BASE-Q1-2026-00011,Log Extract Reference,,REF-540872,IAM-Monitor
,CSE-BRAVO-AST-0065,AVAILABLE,,2026-01-06T21:06:28Z,CSE-BRAVO-EV-BASE-Q1-2026-00012,Log Extract Reference,,REF-619519,EDR-Sentinel
,CSE-BRAVO-AST-0020,AVAILABLE,,2026-03-01T16:18:31Z,CSE-BRAVO-EV-BASE-Q1-2026-00013,Log Extract Reference,,REF-492927,SIEM-Core
,CSE-BRAVO-AST-0039,AVAILABLE,,2026-03-15T12:15:07Z,CSE-BRAVO-EV-BASE-Q1-2026-00014,Log Extract Reference,,REF-352742,Firewall-Log
,CSE-BRAVO-AST-0061,AVAILABLE,,2026-02-26T20:03:45Z,CSE-BRAVO-EV-BASE-Q1-2026-00015,Log Extract Reference,,REF-625570,SIEM-Core
,CSE-BRAVO-AST-0072,AVAILABLE,,2026-02-06T13:23:55Z,CSE-BRAVO-EV-BASE-Q1-2026-00016,Log Extract Reference,,REF-628700,OT-Historian-Watch
,CSE-BRAVO-AST-0003,AVAILABLE,,2026-01-22T23:58:21Z,CSE-BRAVO-EV-BASE-Q1-2026-00017,Log Extract Reference,,REF-437007,NIDS-Perimeter
,CSE-BRAVO-AST-0067,AVAILABLE,,2026-02-09T01:40:43Z,CSE-BRAVO-EV-BASE-Q1-2026-00018,Log Extract Reference,,REF-395710,SIEM-Core
,CSE-BRAVO-AST-0064,AVAILABLE,,2026-02-04T15:46:27Z,CSE-BRAVO-EV-BASE-Q1-2026-00019,Log Extract Reference,,REF-372928,SIEM-Core
,CSE-BRAVO-AST-0032,AVAILABLE,,2026-02-11T21:48:41Z,CSE-BRAVO-EV-BASE-Q1-2026-00020,Log Extract Reference,,REF-188885,SIEM-Core
,CSE-BRAVO-AST-0037,AVAILABLE,,2026-02-06T14:44:36Z,CSE-BRAVO-EV-BASE-Q1-2026-00021,Log Extract Reference,,REF-127487,NIDS-Perimeter
,CSE-BRAVO-AST-0028,REDACTED,,2026-01-08T18:37:29Z,CSE-BRAVO-EV-BASE-Q1-2026-00022,Log Extract Reference,,REF-401111,IAM-Monitor
,CSE-BRAVO-AST-0069,AVAILABLE,,2026-01-02T21:47:48Z,CSE-BRAVO-EV-BASE-Q1-2026-00023,Log Extract Reference,,REF-577185,EDR-Sentinel
,CSE-BRAVO-AST-0059,UNAVAILABLE,,2026-03-16T01:45:03Z,CSE-BRAVO-EV-BASE-Q1-2026-00024,Log Extract Reference,,REF-461315,SIEM-Core
,CSE-BRAVO-AST-0011,AVAILABLE,,2026-02-26T01:26:34Z,CSE-BRAVO-EV-BASE-Q1-2026-00025,Log Extract Reference,,REF-108684,Firewall-Log
,CSE-BRAVO-AST-0046,AVAILABLE,,2026-02-16T00:24:20Z,CSE-BRAVO-EV-BASE-Q1-2026-00026,Log Extract Reference,,REF-409691,NIDS-Perimeter
,CSE-BRAVO-AST-0048,AVAILABLE,,2026-03-08T10:14:18Z,CSE-BRAVO-EV-BASE-Q1-2026-00027,Log Extract Reference,,REF-919678,OT-Historian-Watch
,CSE-BRAVO-AST-0078,AVAILABLE,,2026-01-22T17:52:23Z,CSE-BRAVO-EV-BASE-Q1-2026-00028,Log Extract Reference,,REF-506388,Firewall-Log
,CSE-BRAVO-AST-0046,AVAILABLE,,2026-03-30T09:59:53Z,CSE-BRAVO-EV-BASE-Q1-2026-00029,Log Extract Reference,,REF-441732,OT-Historian-Watch
,CSE-BRAVO-AST-0078,AVAILABLE,,2026-02-15T21:28:34Z,CSE-BRAVO-EV-BASE-Q1-2026-00030,Log Extract Reference,,REF-440428,SIEM-Core
,CSE-BRAVO-AST-0034,AVAILABLE,,2026-02-17T15:16:26Z,CSE-BRAVO-EV-BASE-Q1-2026-00031,Log Extract Reference,,REF-540953,EDR-Sentinel
,CSE-BRAVO-AST-0070,REDACTED,,2026-02-21T15:55:13Z,CSE-BRAVO-EV-BASE-Q1-2026-00032,Log Extract Reference,,REF-841414,Cloud-Sec-Posture
,CSE-BRAVO-AST-0023,AVAILABLE,,2026-03-30T13:38:45Z,CSE-BRAVO-EV-BASE-Q1-2026-00033,Log Extract Reference,,REF-239936,SIEM-Core
,CSE-BRAVO-AST-0020,AVAILABLE,,2026-02-18T22:30:04Z,CSE-BRAVO-EV-BASE-Q1-2026-00034,Log Extract Reference,,REF-759697,Firewall-Log
,CSE-BRAVO-AST-0067,AVAILABLE,,2026-01-14T06:42:13Z,CSE-BRAVO-EV-BASE-Q1-2026-00035,Log Extract Reference,,REF-637978,NIDS-Perimeter
,CSE-BRAVO-AST-0035,AVAILABLE,,2026-03-15T07:06:03Z,CSE-BRAVO-EV-BASE-Q1-2026-00036,Log Extract Reference,,REF-520535,IAM-Monitor
,CSE-BRAVO-AST-0004,AVAILABLE,,2026-02-06T20:32:37Z,CSE-BRAVO-EV-BASE-Q1-2026-00037,Log Extract Reference,,REF-700414,IAM-Monitor
,CSE-BRAVO-AST-0028,AVAILABLE,,2026-01-08T11:39:01Z,CSE-BRAVO-EV-BASE-Q1-2026-00038,Log Extract Reference,,REF-676328,NIDS-Perimeter
,CSE-BRAVO-AST-0068,AVAILABLE,,2026-03-15T04:48:35Z,CSE-BRAVO-EV-BASE-Q1-2026-00039,Log Extract Reference,,REF-185552,Firewall-Log
,CSE-BRAVO-AST-0022,AVAILABLE,,2026-02-16T11:04:38Z,CSE-BRAVO-EV-BASE-Q1-2026-00040,Log Extract Reference,,REF-343058,IAM-Monitor
,CSE-BRAVO-AST-0040,AVAILABLE,,2026-03-17T19:50:14Z,CSE-BRAVO-EV-BASE-Q1-2026-00041,Log Extract Reference,,REF-622621,Cloud-Sec-Posture
,CSE-BRAVO-AST-0055,AVAILABLE,,2026-03-26T20:21:27Z,CSE-BRAVO-EV-BASE-Q1-2026-00042,Log Extract Reference,,REF-248490,EDR-Sentinel
,CSE-BRAVO-AST-0005,AVAILABLE,,2026-01-02T10:18:13Z,CSE-BRAVO-EV-BASE-Q1-2026-00043,Log Extract Reference,,REF-838840,Cloud-Sec-Posture
,CSE-BRAVO-AST-0011,AVAILABLE,,2026-03-31T17:01:32Z,CSE-BRAVO-EV-BASE-Q1-2026-00044,Log Extract Reference,,REF-743719,OT-Historian-Watch
,CSE-BRAVO-AST-0020,AVAILABLE,,2026-02-06T19:26:53Z,CSE-BRAVO-EV-BASE-Q1-2026-00045,Log Extract Reference,,REF-441909,Cloud-Sec-Posture
,CSE-BRAVO-AST-0026,AVAILABLE,,2026-03-09T22:41:28Z,CSE-BRAVO-EV-BASE-Q1-2026-00046,Log Extract Reference,,REF-323796,OT-Historian-Watch
,CSE-BRAVO-AST-0036,AVAILABLE,,2026-01-19T19:00:27Z,CSE-BRAVO-EV-BASE-Q1-2026-00047,Log Extract Reference,,REF-857585,SIEM-Core
,CSE-BRAVO-AST-0024,AVAILABLE,,2026-02-03T09:10:31Z,CSE-BRAVO-EV-BASE-Q1-2026-00048,Log Extract Reference,,REF-816010,OT-Historian-Watch
,CSE-BRAVO-AST-0004,AVAILABLE,,2026-01-19T10:53:12Z,CSE-BRAVO-EV-BASE-Q1-2026-00049,Log Extract Reference,,REF-134928,OT-Historian-Watch
,CSE-BRAVO-AST-0012,AVAILABLE,,2026-03-27T21:47:44Z,CSE-BRAVO-EV-BASE-Q1-2026-00050,Log Extract Reference,,REF-504566,EDR-Sentinel
,CSE-BRAVO-AST-0028,AVAILABLE,,2026-01-04T15:44:22Z,CSE-BRAVO-EV-BASE-Q1-2026-00051,Log Extract Reference,,REF-475912,IAM-Monitor
,CSE-BRAVO-AST-0054,AVAILABLE,,2026-01-11T06:40:48Z,CSE-BRAVO-EV-BASE-Q1-2026-00052,Log Extract Reference,,REF-449988,OT-Historian-Watch
,CSE-BRAVO-AST-0029,AVAILABLE,,2026-02-05T20:58:10Z,CSE-BRAVO-EV-BASE-Q1-2026-00053,Log Extract Reference,,REF-215351,Firewall-Log
,CSE-BRAVO-AST-0069,REDACTED,,2026-01-03T17:48:03Z,CSE-BRAVO-EV-BASE-Q1-2026-00054,Log Extract Reference,,REF-274246,IAM-Monitor
,CSE-BRAVO-AST-0067,AVAILABLE,,2026-03-28T22:51:14Z,CSE-BRAVO-EV-BASE-Q1-2026-00055,Log Extract Reference,,REF-726457,EDR-Sentinel
,CSE-BRAVO-AST-0049,AVAILABLE,,2026-01-19T14:48:39Z,CSE-BRAVO-EV-BASE-Q1-2026-00056,Log Extract Reference,,REF-681823,NIDS-Perimeter
,CSE-BRAVO-AST-0020,AVAILABLE,,2026-02-16T22:30:58Z,CSE-BRAVO-EV-BASE-Q1-2026-00057,Log Extract Reference,,REF-166247,NIDS-Perimeter
,CSE-BRAVO-AST-0032,AVAILABLE,,2026-03-14T00:22:44Z,CSE-BRAVO-EV-BASE-Q1-2026-00058,Log Extract Reference,,REF-720861,NIDS-Perimeter
,CSE-BRAVO-AST-0018,AVAILABLE,,2026-01-10T21:09:33Z,CSE-BRAVO-EV-BASE-Q1-2026-00059,Log Extract Reference,,REF-659111,OT-Historian-Watch
,CSE-BRAVO-AST-0069,AVAILABLE,,2026-03-10T14:50:45Z,CSE-BRAVO-EV-BASE-Q1-2026-00060,Log Extract Reference,,REF-441078,OT-Historian-Watch
,CSE-BRAVO-AST-0028,AVAILABLE,,2026-03-13T20:07:51Z,CSE-BRAVO-EV-BASE-Q1-2026-00061,Log Extract Reference,,REF-688764,EDR-Sentinel
,CSE-BRAVO-AST-0021,REDACTED,,2026-03-01T13:47:55Z,CSE-BRAVO-EV-BASE-Q1-2026-00062,Log Extract Reference,,REF-309724,SIEM-Core
,CSE-BRAVO-AST-0021,AVAILABLE,,2026-03-17T06:50:01Z,CSE-BRAVO-EV-BASE-Q1-2026-00063,Log Extract Reference,,REF-829239,Cloud-Sec-Posture
,CSE-BRAVO-AST-0059,AVAILABLE,,2026-03-11T20:12:02Z,CSE-BRAVO-EV-BASE-Q1-2026-00064,Log Extract Reference,,REF-415804,SIEM-Core
,CSE-BRAVO-AST-0030,UNAVAILABLE,,2026-02-16T05:23:48Z,CSE-BRAVO-EV-BASE-Q1-2026-00065,Log Extract Reference,,REF-286263,EDR-Sentinel
,CSE-BRAVO-AST-0036,AVAILABLE,,2026-03-22T16:32:21Z,CSE-BRAVO-EV-BASE-Q1-2026-00066,Log Extract Reference,,REF-539944,OT-Historian-Watch
,CSE-BRAVO-AST-0014,AVAILABLE,,2026-03-17T17:28:13Z,CSE-BRAVO-EV-BASE-Q1-2026-00067,Log Extract Reference,,REF-385074,OT-Historian-Watch
,CSE-BRAVO-AST-0031,AVAILABLE,,2026-03-01T04:41:27Z,CSE-BRAVO-EV-BASE-Q1-2026-00068,Log Extract Reference,,REF-789636,OT-Historian-Watch
,CSE-BRAVO-AST-0075,AVAILABLE,,2026-01-01T15:38:18Z,CSE-BRAVO-EV-BASE-Q1-2026-00069,Log Extract Reference,,REF-445338,IAM-Monitor
,CSE-BRAVO-AST-0024,AVAILABLE,,2026-01-16T16:06:44Z,CSE-BRAVO-EV-BASE-Q1-2026-00070,Log Extract Reference,,REF-780077,NIDS-Perimeter
,CSE-BRAVO-AST-0078,UNAVAILABLE,,2026-01-17T10:07:01Z,CSE-BRAVO-EV-BASE-Q1-2026-00071,Log Extract Reference,,REF-643615,OT-Historian-Watch
,CSE-BRAVO-AST-0012,AVAILABLE,,2026-01-21T02:50:45Z,CSE-BRAVO-EV-BASE-Q1-2026-00072,Log Extract Reference,,REF-391872,Cloud-Sec-Posture
,CSE-BRAVO-AST-0022,AVAILABLE,,2026-03-06T08:07:16Z,CSE-BRAVO-EV-BASE-Q1-2026-00073,Log Extract Reference,,REF-359255,Cloud-Sec-Posture
,CSE-BRAVO-AST-0051,AVAILABLE,,2026-01-19T04:50:50Z,CSE-BRAVO-EV-BASE-Q1-2026-00074,Log Extract Reference,,REF-414819,NIDS-Perimeter
,CSE-BRAVO-AST-0023,AVAILABLE,,2026-01-22T18:34:56Z,CSE-BRAVO-EV-BASE-Q1-2026-00075,Log Extract Reference,,REF-110066,Firewall-Log
,CSE-BRAVO-AST-0078,AVAILABLE,,2026-01-16T02:26:52Z,CSE-BRAVO-EV-BASE-Q1-2026-00076,Log Extract Reference,,REF-612031,Firewall-Log
,CSE-BRAVO-AST-0050,AVAILABLE,,2026-03-27T21:22:34Z,CSE-BRAVO-EV-BASE-Q1-2026-00077,Log Extract Reference,,REF-860967,Cloud-Sec-Posture
,CSE-BRAVO-AST-0051,AVAILABLE,,2026-01-10T04:35:16Z,CSE-BRAVO-EV-BASE-Q1-2026-00078,Log Extract Reference,,REF-509938,IAM-Monitor
,CSE-BRAVO-AST-0007,AVAILABLE,,2026-02-04T12:55:00Z,CSE-BRAVO-EV-BASE-Q1-2026-00079,Log Extract Reference,,REF-330960,IAM-Monitor
,CSE-BRAVO-AST-0040,REDACTED,,2026-01-04T07:03:29Z,CSE-BRAVO-EV-BASE-Q1-2026-00080,Log Extract Reference,,REF-152871,Cloud-Sec-Posture
,CSE-BRAVO-AST-0056,AVAILABLE,,2026-01-09T09:19:51Z,CSE-BRAVO-EV-BASE-Q1-2026-00081,Log Extract Reference,,REF-942139,SIEM-Core
,CSE-BRAVO-AST-0059,AVAILABLE,,2026-03-16T10:08:26Z,CSE-BRAVO-EV-BASE-Q1-2026-00082,Log Extract Reference,,REF-368252,EDR-Sentinel
,CSE-BRAVO-AST-0004,AVAILABLE,,2026-02-11T23:11:18Z,CSE-BRAVO-EV-BASE-Q1-2026-00083,Log Extract Reference,,REF-491610,NIDS-Perimeter
,CSE-BRAVO-AST-0036,AVAILABLE,,2026-03-23T12:18:39Z,CSE-BRAVO-EV-BASE-Q1-2026-00084,Log Extract Reference,,REF-924320,Cloud-Sec-Posture
,CSE-BRAVO-AST-0012,AVAILABLE,,2026-03-08T01:05:52Z,CSE-BRAVO-EV-BASE-Q1-2026-00085,Log Extract Reference,,REF-188891,EDR-Sentinel
,CSE-BRAVO-AST-0022,AVAILABLE,,2026-01-29T05:56:11Z,CSE-BRAVO-EV-BASE-Q1-2026-00086,Log Extract Reference,,REF-621151,EDR-Sentinel
,CSE-BRAVO-AST-0041,AVAILABLE,,2026-03-29T04:54:49Z,CSE-BRAVO-EV-BASE-Q1-2026-00087,Log Extract Reference,,REF-540640,SIEM-Core
,CSE-BRAVO-AST-0018,AVAILABLE,,2026-03-23T00:49:37Z,CSE-BRAVO-EV-BASE-Q1-2026-00088,Log Extract Reference,,REF-250784,SIEM-Core
,CSE-BRAVO-AST-0055,AVAILABLE,,2026-02-03T23:31:51Z,CSE-BRAVO-EV-BASE-Q1-2026-00089,Log Extract Reference,,REF-759264,Firewall-Log
,CSE-BRAVO-AST-0026,AVAILABLE,,2026-03-14T10:57:33Z,CSE-BRAVO-EV-BASE-Q1-2026-00090,Log Extract Reference,,REF-140781,NIDS-Perimeter
,CSE-BRAVO-AST-0065,AVAILABLE,,2026-03-08T08:41:30Z,CSE-BRAVO-EV-BASE-Q1-2026-00091,Log Extract Reference,,REF-473650,Firewall-Log
,CSE-BRAVO-AST-0063,AVAILABLE,,2026-02-02T22:36:39Z,CSE-BRAVO-EV-BASE-Q1-2026-00092,Log Extract Reference,,REF-736355,EDR-Sentinel
,CSE-BRAVO-AST-0058,UNAVAILABLE,,2026-03-19T19:56:18Z,CSE-BRAVO-EV-BASE-Q1-2026-00093,Log Extract Reference,,REF-128105,SIEM-Core
,CSE-BRAVO-AST-0022,AVAILABLE,,2026-01-01T15:04:29Z,CSE-BRAVO-EV-BASE-Q1-2026-00094,Log Extract Reference,,REF-485436,EDR-Sentinel
,CSE-BRAVO-AST-0049,AVAILABLE,,2026-01-11T20:13:52Z,CSE-BRAVO-EV-BASE-Q1-2026-00095,Log Extract Reference,,REF-583859,NIDS-Perimeter
,CSE-BRAVO-AST-0020,AVAILABLE,,2026-02-15T05:52:15Z,CSE-BRAVO-EV-BASE-Q1-2026-00096,Log Extract Reference,,REF-512805,NIDS-Perimeter
,CSE-BRAVO-AST-0075,AVAILABLE,,2026-01-24T22:57:17Z,CSE-BRAVO-EV-BASE-Q1-2026-00097,Log Extract Reference,,REF-238147,EDR-Sentinel
,CSE-BRAVO-AST-0017,AVAILABLE,,2026-01-08T08:13:11Z,CSE-BRAVO-EV-BASE-Q1-2026-00098,Log Extract Reference,,REF-503828,OT-Historian-Watch
,CSE-BRAVO-AST-0017,AVAILABLE,,2026-02-01T22:49:52Z,CSE-BRAVO-EV-BASE-Q1-2026-00099,Log Extract Reference,,REF-383893,Cloud-Sec-Posture
,CSE-BRAVO-AST-0018,AVAILABLE,,2026-01-01T00:35:52Z,CSE-BRAVO-EV-BASE-Q1-2026-00100,Log Extract Reference,,REF-426295,Cloud-Sec-Posture
,CSE-BRAVO-AST-0007,UNAVAILABLE,,2026-03-01T10:08:32Z,CSE-BRAVO-EV-BASE-Q1-2026-00101,Log Extract Reference,,REF-738882,NIDS-Perimeter
,CSE-BRAVO-AST-0014,AVAILABLE,,2026-01-31T15:32:30Z,CSE-BRAVO-EV-BASE-Q1-2026-00102,Log Extract Reference,,REF-346643,SIEM-Core
,CSE-BRAVO-AST-0052,AVAILABLE,,2026-03-01T02:00:32Z,CSE-BRAVO-EV-BASE-Q1-2026-00103,Log Extract Reference,,REF-381785,IAM-Monitor
,CSE-BRAVO-AST-0035,AVAILABLE,,2026-02-10T06:06:13Z,CSE-BRAVO-EV-BASE-Q1-2026-00104,Log Extract Reference,,REF-286648,OT-Historian-Watch
,CSE-BRAVO-AST-0044,AVAILABLE,,2026-02-06T05:43:06Z,CSE-BRAVO-EV-BASE-Q1-2026-00105,Log Extract Reference,,REF-571737,Cloud-Sec-Posture
,CSE-BRAVO-AST-0032,AVAILABLE,,2026-01-24T05:31:51Z,CSE-BRAVO-EV-BASE-Q1-2026-00106,Log Extract Reference,,REF-956862,IAM-Monitor
,CSE-BRAVO-AST-0009,AVAILABLE,,2026-02-05T12:02:14Z,CSE-BRAVO-EV-BASE-Q1-2026-00107,Log Extract Reference,,REF-863642,OT-Historian-Watch
,CSE-BRAVO-AST-0009,AVAILABLE,,2026-01-05T17:30:49Z,CSE-BRAVO-EV-BASE-Q1-2026-00108,Log Extract Reference,,REF-463453,SIEM-Core
,CSE-BRAVO-AST-0021,AVAILABLE,,2026-03-21T01:45:02Z,CSE-BRAVO-EV-BASE-Q1-2026-00109,Log Extract Reference,,REF-532193,EDR-Sentinel
,CSE-BRAVO-AST-0011,AVAILABLE,,2026-01-27T02:56:11Z,CSE-BRAVO-EV-BASE-Q1-2026-00110,Log Extract Reference,,REF-402213,NIDS-Perimeter
,CSE-BRAVO-AST-0003,AVAILABLE,,2026-02-27T05:25:31Z,CSE-BRAVO-EV-BASE-Q1-2026-00111,Log Extract Reference,,REF-369376,SIEM-Core
,CSE-BRAVO-AST-0063,AVAILABLE,,2026-01-13T14:18:24Z,CSE-BRAVO-EV-BASE-Q1-2026-00112,Log Extract Reference,,REF-218379,OT-Historian-Watch
,CSE-BRAVO-AST-0020,AVAILABLE,,2026-01-09T07:44:36Z,CSE-BRAVO-EV-BASE-Q1-2026-00113,Log Extract Reference,,REF-747154,SIEM-Core
,CSE-BRAVO-AST-0036,AVAILABLE,,2026-01-18T20:06:12Z,CSE-BRAVO-EV-BASE-Q1-2026-00114,Log Extract Reference,,REF-151914,Firewall-Log
,CSE-BRAVO-AST-0004,REDACTED,,2026-03-04T06:11:18Z,CSE-BRAVO-EV-BASE-Q1-2026-00115,Log Extract Reference,,REF-744090,NIDS-Perimeter
,CSE-BRAVO-AST-0077,AVAILABLE,,2026-03-05T08:49:43Z,CSE-BRAVO-EV-BASE-Q1-2026-00116,Log Extract Reference,,REF-705355,Firewall-Log
,CSE-BRAVO-AST-0078,AVAILABLE,,2026-03-26T07:30:15Z,CSE-BRAVO-EV-BASE-Q1-2026-00117,Log Extract Reference,,REF-357416,NIDS-Perimeter
,CSE-BRAVO-AST-0041,AVAILABLE,,2026-02-23T23:27:46Z,CSE-BRAVO-EV-BASE-Q1-2026-00118,Log Extract Reference,,REF-444007,Firewall-Log
,CSE-BRAVO-AST-0049,AVAILABLE,,2026-03-17T15:40:22Z,CSE-BRAVO-EV-BASE-Q1-2026-00119,Log Extract Reference,,REF-575144,SIEM-Core
,CSE-BRAVO-AST-0070,AVAILABLE,,2026-01-31T22:36:50Z,CSE-BRAVO-EV-BASE-Q1-2026-00120,Log Extract Reference,,REF-383404,Firewall-Log
,CSE-BRAVO-AST-0029,AVAILABLE,,2026-03-20T07:44:09Z,CSE-BRAVO-EV-BASE-Q1-2026-00121,Log Extract Reference,,REF-563640,Firewall-Log
,CSE-BRAVO-AST-0061,AVAILABLE,,2026-02-15T15:03:15Z,CSE-BRAVO-EV-BASE-Q1-2026-00122,Log Extract Reference,,REF-323557,IAM-Monitor
,CSE-BRAVO-AST-0054,AVAILABLE,,2026-03-13T02:07:20Z,CSE-BRAVO-EV-BASE-Q1-2026-00123,Log Extract Reference,,REF-957135,SIEM-Core
,CSE-BRAVO-AST-0071,AVAILABLE,,2026-03-09T05:29:23Z,CSE-BRAVO-EV-BASE-Q1-2026-00124,Log Extract Reference,,REF-236915,Cloud-Sec-Posture
,CSE-BRAVO-AST-0051,AVAILABLE,,2026-02-16T00:29:07Z,CSE-BRAVO-EV-BASE-Q1-2026-00125,Log Extract Reference,,REF-723299,Firewall-Log
,CSE-BRAVO-AST-0004,AVAILABLE,,2026-03-06T13:36:06Z,CSE-BRAVO-EV-BASE-Q1-2026-00126,Log Extract Reference,,REF-887656,SIEM-Core
,CSE-BRAVO-AST-0040,AVAILABLE,,2026-02-02T02:42:40Z,CSE-BRAVO-EV-BASE-Q1-2026-00127,Log Extract Reference,,REF-469420,IAM-Monitor
,CSE-BRAVO-AST-0051,AVAILABLE,,2026-03-28T00:54:55Z,CSE-BRAVO-EV-BASE-Q1-2026-00128,Log Extract Reference,,REF-246567,SIEM-Core
,CSE-BRAVO-AST-0003,AVAILABLE,,2026-02-03T12:26:21Z,CSE-BRAVO-EV-BASE-Q1-2026-00129,Log Extract Reference,,REF-300264,OT-Historian-Watch
,CSE-BRAVO-AST-0032,AVAILABLE,,2026-02-07T09:01:23Z,CSE-BRAVO-EV-BASE-Q1-2026-00130,Log Extract Reference,,REF-670533,SIEM-Core
,CSE-BRAVO-AST-0044,AVAILABLE,,2026-03-01T12:02:08Z,CSE-BRAVO-EV-BASE-Q1-2026-00131,Log Extract Reference,,REF-138335,EDR-Sentinel
,CSE-BRAVO-AST-0008,AVAILABLE,,2026-03-15T01:26:10Z,CSE-BRAVO-EV-BASE-Q1-2026-00132,Log Extract Reference,,REF-760947,EDR-Sentinel
,CSE-BRAVO-AST-0065,AVAILABLE,,2026-01-01T18:45:46Z,CSE-BRAVO-EV-BASE-Q1-2026-00133,Log Extract Reference,,REF-218712,Cloud-Sec-Posture
,CSE-BRAVO-AST-0014,AVAILABLE,,2026-03-09T01:37:06Z,CSE-BRAVO-EV-BASE-Q1-2026-00134,Log Extract Reference,,REF-619060,Cloud-Sec-Posture
,CSE-BRAVO-AST-0022,AVAILABLE,,2026-02-04T03:40:05Z,CSE-BRAVO-EV-BASE-Q1-2026-00135,Log Extract Reference,,REF-552633,Cloud-Sec-Posture
,CSE-BRAVO-AST-0064,AVAILABLE,,2026-02-21T04:47:53Z,CSE-BRAVO-EV-BASE-Q1-2026-00136,Log Extract Reference,,REF-230086,IAM-Monitor
,CSE-BRAVO-AST-0063,AVAILABLE,,2026-01-11T02:55:13Z,CSE-BRAVO-EV-BASE-Q1-2026-00137,Log Extract Reference,,REF-481529,IAM-Monitor
,CSE-BRAVO-AST-0064,AVAILABLE,,2026-02-23T08:22:11Z,CSE-BRAVO-EV-BASE-Q1-2026-00138,Log Extract Reference,,REF-288095,Cloud-Sec-Posture
,CSE-BRAVO-AST-0008,REDACTED,,2026-01-20T15:57:16Z,CSE-BRAVO-EV-BASE-Q1-2026-00139,Log Extract Reference,,REF-644628,Cloud-Sec-Posture
,CSE-BRAVO-AST-0078,AVAILABLE,,2026-03-11T17:17:19Z,CSE-BRAVO-EV-BASE-Q1-2026-00140,Log Extract Reference,,REF-461942,NIDS-Perimeter
,CSE-BRAVO-AST-0039,AVAILABLE,,2026-01-07T19:33:07Z,CSE-BRAVO-EV-BASE-Q1-2026-00141,Log Extract Reference,,REF-346410,EDR-Sentinel
,CSE-BRAVO-AST-0072,UNAVAILABLE,,2026-01-29T22:32:50Z,CSE-BRAVO-EV-BASE-Q1-2026-00142,Log Extract Reference,,REF-796685,IAM-Monitor
,CSE-BRAVO-AST-0050,AVAILABLE,,2026-03-30T02:05:54Z,CSE-BRAVO-EV-BASE-Q1-2026-00143,Log Extract Reference,,REF-339151,SIEM-Core
,CSE-BRAVO-AST-0070,AVAILABLE,,2026-03-10T09:45:01Z,CSE-BRAVO-EV-BASE-Q1-2026-00144,Log Extract Reference,,REF-244815,NIDS-Perimeter
,CSE-BRAVO-AST-0073,AVAILABLE,,2026-01-14T21:36:02Z,CSE-BRAVO-EV-BASE-Q1-2026-00145,Log Extract Reference,,REF-576361,Cloud-Sec-Posture
,CSE-BRAVO-AST-0063,AVAILABLE,,2026-02-05T01:43:39Z,CSE-BRAVO-EV-BASE-Q1-2026-00146,Log Extract Reference,,REF-132824,Cloud-Sec-Posture
,CSE-BRAVO-AST-0070,AVAILABLE,,2026-03-25T22:06:38Z,CSE-BRAVO-EV-BASE-Q1-2026-00147,Log Extract Reference,,REF-364666,IAM-Monitor
,CSE-BRAVO-AST-0065,REDACTED,,2026-01-27T21:00:01Z,CSE-BRAVO-EV-BASE-Q1-2026-00148,Log Extract Reference,,REF-884310,SIEM-Core
,CSE-BRAVO-AST-0020,UNAVAILABLE,,2026-01-19T12:41:08Z,CSE-BRAVO-EV-BASE-Q1-2026-00149,Log Extract Reference,,REF-193100,Cloud-Sec-Posture
,CSE-BRAVO-AST-0021,AVAILABLE,,2026-03-06T14:51:42Z,CSE-BRAVO-EV-BASE-Q1-2026-00150,Log Extract Reference,,REF-112567,Firewall-Log
,CSE-BRAVO-AST-0046,AVAILABLE,,2026-01-06T14:48:03Z,CSE-BRAVO-EV-BASE-Q1-2026-00151,Log Extract Reference,,REF-925355,Cloud-Sec-Posture
,CSE-BRAVO-AST-0022,AVAILABLE,,2026-03-04T19:12:52Z,CSE-BRAVO-EV-BASE-Q1-2026-00152,Log Extract Reference,,REF-482350,EDR-Sentinel
,CSE-BRAVO-AST-0014,AVAILABLE,,2026-03-11T23:12:19Z,CSE-BRAVO-EV-BASE-Q1-2026-00153,Log Extract Reference,,REF-364129,OT-Historian-Watch
,CSE-BRAVO-AST-0027,AVAILABLE,,2026-02-01T21:04:15Z,CSE-BRAVO-EV-BASE-Q1-2026-00154,Log Extract Reference,,REF-358485,OT-Historian-Watch
,CSE-BRAVO-AST-0027,AVAILABLE,,2026-01-19T21:10:37Z,CSE-BRAVO-EV-BASE-Q1-2026-00155,Log Extract Reference,,REF-247276,SIEM-Core
,CSE-BRAVO-AST-0019,AVAILABLE,,2026-01-10T12:15:06Z,CSE-BRAVO-EV-BASE-Q1-2026-00156,Log Extract Reference,,REF-391041,Firewall-Log
,CSE-BRAVO-AST-0018,AVAILABLE,,2026-01-30T04:50:31Z,CSE-BRAVO-EV-BASE-Q1-2026-00157,Log Extract Reference,,REF-296246,SIEM-Core
,CSE-BRAVO-AST-0052,AVAILABLE,,2026-01-08T18:32:10Z,CSE-BRAVO-EV-BASE-Q1-2026-00158,Log Extract Reference,,REF-793262,NIDS-Perimeter
,CSE-BRAVO-AST-0041,AVAILABLE,,2026-03-04T01:16:36Z,CSE-BRAVO-EV-BASE-Q1-2026-00159,Log Extract Reference,,REF-469282,EDR-Sentinel
,CSE-BRAVO-AST-0011,AVAILABLE,,2026-01-19T18:51:39Z,CSE-BRAVO-EV-BASE-Q1-2026-00160,Log Extract Reference,,REF-576276,SIEM-Core
,CSE-BRAVO-AST-0007,AVAILABLE,,2026-01-04T02:56:46Z,CSE-BRAVO-EV-BASE-Q1-2026-00161,Log Extract Reference,,REF-265941,OT-Historian-Watch
,CSE-BRAVO-AST-0029,AVAILABLE,,2026-03-02T23:12:12Z,CSE-BRAVO-EV-BASE-Q1-2026-00162,Log Extract Reference,,REF-249305,EDR-Sentinel
,CSE-BRAVO-AST-0005,AVAILABLE,,2026-02-21T22:55:36Z,CSE-BRAVO-EV-BASE-Q1-2026-00163,Log Extract Reference,,REF-868124,Firewall-Log
,CSE-BRAVO-AST-0027,AVAILABLE,,2026-01-26T23:03:25Z,CSE-BRAVO-EV-BASE-Q1-2026-00164,Log Extract Reference,,REF-540219,OT-Historian-Watch
,CSE-BRAVO-AST-0023,AVAILABLE,,2026-03-13T07:55:50Z,CSE-BRAVO-EV-BASE-Q1-2026-00165,Log Extract Reference,,REF-213662,IAM-Monitor
,CSE-BRAVO-AST-0068,AVAILABLE,,2026-01-08T04:30:12Z,CSE-BRAVO-EV-BASE-Q1-2026-00166,Log Extract Reference,,REF-665881,Firewall-Log
,CSE-BRAVO-AST-0032,AVAILABLE,,2026-01-05T14:13:01Z,CSE-BRAVO-EV-BASE-Q1-2026-00167,Log Extract Reference,,REF-485050,IAM-Monitor
,CSE-BRAVO-AST-0059,AVAILABLE,,2026-01-19T03:30:46Z,CSE-BRAVO-EV-BASE-Q1-2026-00168,Log Extract Reference,,REF-532490,Firewall-Log
,CSE-BRAVO-AST-0072,REDACTED,,2026-03-12T14:49:29Z,CSE-BRAVO-EV-BASE-Q1-2026-00169,Log Extract Reference,,REF-264295,OT-Historian-Watch
,CSE-BRAVO-AST-0032,AVAILABLE,,2026-01-09T02:41:48Z,CSE-BRAVO-EV-BASE-Q1-2026-00170,Log Extract Reference,,REF-666636,EDR-Sentinel
,CSE-BRAVO-AST-0006,AVAILABLE,,2026-01-02T21:56:19Z,CSE-BRAVO-EV-BASE-Q1-2026-00171,Log Extract Reference,,REF-761458,OT-Historian-Watch
,CSE-BRAVO-AST-0022,AVAILABLE,,2026-01-14T09:23:35Z,CSE-BRAVO-EV-BASE-Q1-2026-00172,Log Extract Reference,,REF-671727,OT-Historian-Watch
,CSE-BRAVO-AST-0058,AVAILABLE,,2026-01-20T03:13:46Z,CSE-BRAVO-EV-BASE-Q1-2026-00173,Log Extract Reference,,REF-119493,SIEM-Core
,CSE-BRAVO-AST-0045,AVAILABLE,,2026-03-18T10:05:46Z,CSE-BRAVO-EV-BASE-Q1-2026-00174,Log Extract Reference,,REF-961673,Cloud-Sec-Posture
,CSE-BRAVO-AST-0017,AVAILABLE,,2026-01-14T17:38:56Z,CSE-BRAVO-EV-BASE-Q1-2026-00175,Log Extract Reference,,REF-728571,OT-Historian-Watch
,CSE-BRAVO-AST-0044,AVAILABLE,,2026-01-12T10:47:29Z,CSE-BRAVO-EV-BASE-Q1-2026-00176,Log Extract Reference,,REF-118444,SIEM-Core
,CSE-BRAVO-AST-0013,AVAILABLE,,2026-01-29T21:13:00Z,CSE-BRAVO-EV-BASE-Q1-2026-00177,Log Extract Reference,,REF-688317,SIEM-Core
,CSE-BRAVO-AST-0022,AVAILABLE,,2026-01-18T21:46:40Z,CSE-BRAVO-EV-BASE-Q1-2026-00178,Log Extract Reference,,REF-846161,OT-Historian-Watch
,CSE-BRAVO-AST-0001,AVAILABLE,,2026-01-08T13:32:01Z,CSE-BRAVO-EV-BASE-Q1-2026-00179,Log Extract Reference,,REF-437259,IAM-Monitor
,CSE-BRAVO-AST-0031,AVAILABLE,,2026-02-15T16:36:16Z,CSE-BRAVO-EV-BASE-Q1-2026-00180,Log Extract Reference,,REF-177128,NIDS-Perimeter
,CSE-BRAVO-AST-0006,REDACTED,,2026-02-13T11:54:48Z,CSE-BRAVO-EV-BASE-Q1-2026-00181,Log Extract Reference,,REF-294813,OT-Historian-Watch
,CSE-BRAVO-AST-0039,AVAILABLE,,2026-03-01T10:51:09Z,CSE-BRAVO-EV-BASE-Q1-2026-00182,Log Extract Reference,,REF-685285,Firewall-Log
,CSE-BRAVO-AST-0064,AVAILABLE,,2026-03-24T13:13:19Z,CSE-BRAVO-EV-BASE-Q1-2026-00183,Log Extract Reference,,REF-324916,EDR-Sentinel
,CSE-BRAVO-AST-0012,AVAILABLE,,2026-03-15T17:55:46Z,CSE-BRAVO-EV-BASE-Q1-2026-00184,Log Extract Reference,,REF-661448,EDR-Sentinel
,CSE-BRAVO-AST-0034,REDACTED,,2026-03-13T11:55:55Z,CSE-BRAVO-EV-BASE-Q1-2026-00185,Log Extract Reference,,REF-495722,Firewall-Log
,CSE-BRAVO-AST-0013,AVAILABLE,,2026-01-16T05:08:52Z,CSE-BRAVO-EV-BASE-Q1-2026-00186,Log Extract Reference,,REF-953691,SIEM-Core
,CSE-BRAVO-AST-0011,AVAILABLE,,2026-01-30T09:19:14Z,CSE-BRAVO-EV-BASE-Q1-2026-00187,Log Extract Reference,,REF-115733,Cloud-Sec-Posture
,CSE-BRAVO-AST-0031,AVAILABLE,,2026-03-27T00:52:11Z,CSE-BRAVO-EV-BASE-Q1-2026-00188,Log Extract Reference,,REF-157139,IAM-Monitor
,CSE-BRAVO-AST-0037,AVAILABLE,,2026-01-29T07:21:54Z,CSE-BRAVO-EV-BASE-Q1-2026-00189,Log Extract Reference,,REF-621381,IAM-Monitor
,CSE-BRAVO-AST-0055,AVAILABLE,,2026-01-26T01:40:44Z,CSE-BRAVO-EV-BASE-Q1-2026-00190,Log Extract Reference,,REF-885146,SIEM-Core
,CSE-BRAVO-AST-0061,AVAILABLE,,2026-03-24T23:53:18Z,CSE-BRAVO-EV-BASE-Q1-2026-00191,Log Extract Reference,,REF-888369,Cloud-Sec-Posture
,CSE-BRAVO-AST-0044,AVAILABLE,,2026-03-08T16:48:44Z,CSE-BRAVO-EV-BASE-Q1-2026-00192,Log Extract Reference,,REF-981542,SIEM-Core
,CSE-BRAVO-AST-0007,REDACTED,,2026-02-01T00:20:47Z,CSE-BRAVO-EV-BASE-Q1-2026-00193,Log Extract Reference,,REF-926385,NIDS-Perimeter
,CSE-BRAVO-AST-0061,AVAILABLE,,2026-02-22T21:35:32Z,CSE-BRAVO-EV-BASE-Q1-2026-00194,Log Extract Reference,,REF-604952,IAM-Monitor
,CSE-BRAVO-AST-0067,AVAILABLE,,2026-02-22T09:31:19Z,CSE-BRAVO-EV-BASE-Q1-2026-00195,Log Extract Reference,,REF-945620,NIDS-Perimeter
