action_timestamp,action_type,actor_id,case_id,disposition_recorded,escalation_decision_recorded,evidence_reference,finding_recorded,investigation_action_id,remediation_recorded
2026-01-23T08:32:57Z,Log Correlation Performed,ANALYST-013,CSE-BRAVO-CASE-Q1-2026-00001,False,False,EVREF-CSE-BRAVO-CASE-Q1-2026-00001-01,True,CSE-BRAVO-CASE-Q1-2026-00001-INV-01,False
2026-01-23T12:01:07Z,Root Cause Analysis,ANALYST-009,CSE-BRAVO-CASE-Q1-2026-00001,True,False,EVREF-CSE-BRAVO-CASE-Q1-2026-00001-02,True,CSE-BRAVO-CASE-Q1-2026-00001-INV-02,False
2026-01-23T15:29:16Z,Affected Asset Identified,ANALYST-016,CSE-BRAVO-CASE-Q1-2026-00001,False,False,EVREF-CSE-BRAVO-CASE-Q1-2026-00001-03,True,CSE-BRAVO-CASE-Q1-2026-00001-INV-03,False
2026-01-23T18:57:26Z,Containment Action Taken,ANALYST-013,CSE-BRAVO-CASE-Q1-2026-00001,True,True,EVREF-CSE-BRAVO-CASE-Q1-2026-00001-04,True,CSE-BRAVO-CASE-Q1-2026-00001-INV-04,False
2026-01-23T22:25:36Z,Escalation Decision Documented,ANALYST-006,CSE-BRAVO-CASE-Q1-2026-00001,False,True,,False,CSE-BRAVO-CASE-Q1-2026-00001-INV-05,False
2026-01-24T01:53:45Z,Evidence Examined,ANALYST-001,CSE-BRAVO-CASE-Q1-2026-00001,False,False,EVREF-CSE-BRAVO-CASE-Q1-2026-00001-06,True,CSE-BRAVO-CASE-Q1-2026-00001-INV-06,False
2026-01-24T05:21:55Z,Alert Reviewed,ANALYST-017,CSE-BRAVO-CASE-Q1-2026-00001,True,True,EVREF-CSE-BRAVO-CASE-Q1-2026-00001-07,False,CSE-BRAVO-CASE-Q1-2026-00001-INV-07,False
2026-01-24T08:50:05Z,Disposition Documented,ANALYST-009,CSE-BRAVO-CASE-Q1-2026-00001,True,False,EVREF-CSE-BRAVO-CASE-Q1-2026-00001-08,False,CSE-BRAVO-CASE-Q1-2026-00001-INV-08,False
2026-01-15T10:11:39Z,Finding Documented,ANALYST-001,CSE-BRAVO-CASE-Q1-2026-00002,False,True,EVREF-CSE-BRAVO-CASE-Q1-2026-00002-01,True,CSE-BRAVO-CASE-Q1-2026-00002-INV-01,False
2026-01-15T15:20:30Z,Disposition Documented,ANALYST-001,CSE-BRAVO-CASE-Q1-2026-00002,True,False,EVREF-CSE-BRAVO-CASE-Q1-2026-00002-02,False,CSE-BRAVO-CASE-Q1-2026-00002-INV-02,False
2026-01-15T20:29:21Z,Affected Asset Identified,ANALYST-017,CSE-BRAVO-CASE-Q1-2026-00002,False,False,EVREF-CSE-BRAVO-CASE-Q1-2026-00002-03,False,CSE-BRAVO-CASE-Q1-2026-00002-INV-03,False
2026-01-16T01:38:12Z,Root Cause Analysis,ANALYST-008,CSE-BRAVO-CASE-Q1-2026-00002,True,False,EVREF-CSE-BRAVO-CASE-Q1-2026-00002-04,True,CSE-BRAVO-CASE-Q1-2026-00002-INV-04,False
2026-01-16T06:47:03Z,Evidence Examined,ANALYST-017,CSE-BRAVO-CASE-Q1-2026-00002,False,False,,True,CSE-BRAVO-CASE-Q1-2026-00002-INV-05,False
2026-01-16T11:55:54Z,Log Correlation Performed,ANALYST-018,CSE-BRAVO-CASE-Q1-2026-00002,False,True,EVREF-CSE-BRAVO-CASE-Q1-2026-00002-06,False,CSE-BRAVO-CASE-Q1-2026-00002-INV-06,False
2026-01-16T17:04:45Z,Alert Reviewed,ANALYST-005,CSE-BRAVO-CASE-Q1-2026-00002,False,False,EVREF-CSE-BRAVO-CASE-Q1-2026-00002-07,False,CSE-BRAVO-CASE-Q1-2026-00002-INV-07,False
2026-01-16T20:16:30Z,Root Cause Analysis,ANALYST-005,CSE-BRAVO-CASE-Q1-2026-00003,True,True,EVREF-CSE-BRAVO-CASE-Q1-2026-00003-01,True,CSE-BRAVO-CASE-Q1-2026-00003-INV-01,False
2026-01-17T00:16:55Z,Disposition Documented,ANALYST-001,CSE-BRAVO-CASE-Q1-2026-00003,True,False,EVREF-CSE-BRAVO-CASE-Q1-2026-00003-02,False,CSE-BRAVO-CASE-Q1-2026-00003-INV-02,False
2026-01-17T04:17:21Z,Affected Asset Identified,ANALYST-004,CSE-BRAVO-CASE-Q1-2026-00003,True,True,EVREF-CSE-BRAVO-CASE-Q1-2026-00003-03,True,CSE-BRAVO-CASE-Q1-2026-00003-INV-03,False
2026-01-17T08:17:47Z,Containment Action Taken,ANALYST-006,CSE-BRAVO-CASE-Q1-2026-00003,False,False,EVREF-CSE-BRAVO-CASE-Q1-2026-00003-04,False,CSE-BRAVO-CASE-Q1-2026-00003-INV-04,False
2026-01-17T12:18:13Z,Alert Reviewed,ANALYST-018,CSE-BRAVO-CASE-Q1-2026-00003,False,False,,True,CSE-BRAVO-CASE-Q1-2026-00003-INV-05,False
2026-01-17T16:18:39Z,Finding Documented,ANALYST-007,CSE-BRAVO-CASE-Q1-2026-00003,False,True,EVREF-CSE-BRAVO-CASE-Q1-2026-00003-06,True,CSE-BRAVO-CASE-Q1-2026-00003-INV-06,False
2026-01-17T20:19:05Z,Evidence Examined,ANALYST-007,CSE-BRAVO-CASE-Q1-2026-00003,False,False,EVREF-CSE-BRAVO-CASE-Q1-2026-00003-07,False,CSE-BRAVO-CASE-Q1-2026-00003-INV-07,False
2026-01-30T06:15:19Z,Disposition Documented,ANALYST-008,CSE-BRAVO-CASE-Q1-2026-00004,True,False,EVREF-CSE-BRAVO-CASE-Q1-2026-00004-01,False,CSE-BRAVO-CASE-Q1-2026-00004-INV-01,False
2026-01-30T11:02:25Z,Evidence Examined,ANALYST-016,CSE-BRAVO-CASE-Q1-2026-00004,False,False,,True,CSE-BRAVO-CASE-Q1-2026-00004-INV-02,False
2026-01-30T15:49:32Z,Finding Documented,ANALYST-008,CSE-BRAVO-CASE-Q1-2026-00004,False,False,,True,CSE-BRAVO-CASE-Q1-2026-00004-INV-03,False
2026-01-30T20:36:39Z,Containment Action Taken,ANALYST-007,CSE-BRAVO-CASE-Q1-2026-00004,False,False,EVREF-CSE-BRAVO-CASE-Q1-2026-00004-04,True,CSE-BRAVO-CASE-Q1-2026-00004-INV-04,False
2026-01-31T01:23:45Z,Affected Asset Identified,ANALYST-005,CSE-BRAVO-CASE-Q1-2026-00004,False,False,,False,CSE-BRAVO-CASE-Q1-2026-00004-INV-05,False
2026-01-31T06:10:52Z,Alert Reviewed,ANALYST-003,CSE-BRAVO-CASE-Q1-2026-00004,False,False,EVREF-CSE-BRAVO-CASE-Q1-2026-00004-06,False,CSE-BRAVO-CASE-Q1-2026-00004-INV-06,False
2026-01-31T10:57:58Z,Remediation Recorded,ANALYST-012,CSE-BRAVO-CASE-Q1-2026-00004,False,True,EVREF-CSE-BRAVO-CASE-Q1-2026-00004-07,False,CSE-BRAVO-CASE-Q1-2026-00004-INV-07,True
2026-01-31T15:45:05Z,Root Cause Analysis,ANALYST-009,CSE-BRAVO-CASE-Q1-2026-00004,False,False,EVREF-CSE-BRAVO-CASE-Q1-2026-00004-08,True,CSE-BRAVO-CASE-Q1-2026-00004-INV-08,False
2026-01-04T01:23:57Z,Log Correlation Performed,ANALYST-002,CSE-BRAVO-CASE-Q1-2026-00005,True,False,EVREF-CSE-BRAVO-CASE-Q1-2026-00005-01,False,CSE-BRAVO-CASE-Q1-2026-00005-INV-01,False
2026-01-04T05:13:08Z,Root Cause Analysis,ANALYST-016,CSE-BRAVO-CASE-Q1-2026-00005,True,False,EVREF-CSE-BRAVO-CASE-Q1-2026-00005-02,False,CSE-BRAVO-CASE-Q1-2026-00005-INV-02,False
2026-01-04T09:02:20Z,Evidence Examined,ANALYST-015,CSE-BRAVO-CASE-Q1-2026-00005,False,False,,True,CSE-BRAVO-CASE-Q1-2026-00005-INV-03,False
2026-01-04T12:51:32Z,Affected Asset Identified,ANALYST-001,CSE-BRAVO-CASE-Q1-2026-00005,False,False,EVREF-CSE-BRAVO-CASE-Q1-2026-00005-04,False,CSE-BRAVO-CASE-Q1-2026-00005-INV-04,False
2026-01-04T16:40:44Z,Remediation Recorded,ANALYST-005,CSE-BRAVO-CASE-Q1-2026-00005,True,False,EVREF-CSE-BRAVO-CASE-Q1-2026-00005-05,False,CSE-BRAVO-CASE-Q1-2026-00005-INV-05,False
2026-01-04T20:29:55Z,Disposition Documented,ANALYST-015,CSE-BRAVO-CASE-Q1-2026-00005,True,False,EVREF-CSE-BRAVO-CASE-Q1-2026-00005-06,True,CSE-BRAVO-CASE-Q1-2026-00005-INV-06,False
2026-01-05T00:19:07Z,Containment Action Taken,ANALYST-017,CSE-BRAVO-CASE-Q1-2026-00005,False,True,EVREF-CSE-BRAVO-CASE-Q1-2026-00005-07,False,CSE-BRAVO-CASE-Q1-2026-00005-INV-07,False
2026-01-05T04:08:19Z,Finding Documented,ANALYST-009,CSE-BRAVO-CASE-Q1-2026-00005,False,False,EVREF-CSE-BRAVO-CASE-Q1-2026-00005-08,True,CSE-BRAVO-CASE-Q1-2026-00005-INV-08,False
2026-01-04T13:38:17Z,Finding Documented,ANALYST-007,CSE-BRAVO-CASE-Q1-2026-00006,False,False,EVREF-CSE-BRAVO-CASE-Q1-2026-00006-01,True,CSE-BRAVO-CASE-Q1-2026-00006-INV-01,False
2026-01-04T21:11:01Z,Root Cause Analysis,ANALYST-001,CSE-BRAVO-CASE-Q1-2026-00006,True,False,EVREF-CSE-BRAVO-CASE-Q1-2026-00006-02,False,CSE-BRAVO-CASE-Q1-2026-00006-INV-02,False
2026-01-05T04:43:46Z,Containment Action Taken,ANALYST-005,CSE-BRAVO-CASE-Q1-2026-00006,False,False,EVREF-CSE-BRAVO-CASE-Q1-2026-00006-03,False,CSE-BRAVO-CASE-Q1-2026-00006-INV-03,False
2026-01-05T12:16:31Z,Evidence Examined,ANALYST-014,CSE-BRAVO-CASE-Q1-2026-00006,False,False,EVREF-CSE-BRAVO-CASE-Q1-2026-00006-04,False,CSE-BRAVO-CASE-Q1-2026-00006-INV-04,False
2026-01-05T19:49:15Z,Remediation Recorded,ANALYST-011,CSE-BRAVO-CASE-Q1-2026-00006,False,True,,False,CSE-BRAVO-CASE-Q1-2026-00006-INV-05,True
2026-01-06T03:22:00Z,Disposition Documented,ANALYST-007,CSE-BRAVO-CASE-Q1-2026-00006,True,False,EVREF-CSE-BRAVO-CASE-Q1-2026-00006-06,True,CSE-BRAVO-CASE-Q1-2026-00006-INV-06,False
2026-01-06T10:54:45Z,Alert Reviewed,ANALYST-001,CSE-BRAVO-CASE-Q1-2026-00006,True,False,EVREF-CSE-BRAVO-CASE-Q1-2026-00006-07,False,CSE-BRAVO-CASE-Q1-2026-00006-INV-07,False
2026-01-07T19:31:20Z,Containment Action Taken,ANALYST-004,CSE-BRAVO-CASE-Q1-2026-00007,False,True,EVREF-CSE-BRAVO-CASE-Q1-2026-00007-01,True,CSE-BRAVO-CASE-Q1-2026-00007-INV-01,False
2026-01-07T23:21:31Z,Escalation Decision Documented,ANALYST-013,CSE-BRAVO-CASE-Q1-2026-00007,False,True,EVREF-CSE-BRAVO-CASE-Q1-2026-00007-02,False,CSE-BRAVO-CASE-Q1-2026-00007-INV-02,False
2026-01-08T03:11:43Z,Log Correlation Performed,ANALYST-018,CSE-BRAVO-CASE-Q1-2026-00007,True,True,EVREF-CSE-BRAVO-CASE-Q1-2026-00007-03,True,CSE-BRAVO-CASE-Q1-2026-00007-INV-03,False
2026-01-08T07:01:54Z,Alert Reviewed,ANALYST-008,CSE-BRAVO-CASE-Q1-2026-00007,True,False,EVREF-CSE-BRAVO-CASE-Q1-2026-00007-04,False,CSE-BRAVO-CASE-Q1-2026-00007-INV-04,False
2026-01-08T10:52:06Z,Disposition Documented,ANALYST-009,CSE-BRAVO-CASE-Q1-2026-00007,True,False,EVREF-CSE-BRAVO-CASE-Q1-2026-00007-05,False,CSE-BRAVO-CASE-Q1-2026-00007-INV-05,False
2026-01-08T14:42:17Z,Root Cause Analysis,ANALYST-001,CSE-BRAVO-CASE-Q1-2026-00007,False,False,EVREF-CSE-BRAVO-CASE-Q1-2026-00007-06,False,CSE-BRAVO-CASE-Q1-2026-00007-INV-06,False
2026-01-08T18:32:29Z,Evidence Examined,ANALYST-004,CSE-BRAVO-CASE-Q1-2026-00007,True,False,EVREF-CSE-BRAVO-CASE-Q1-2026-00007-07,True,CSE-BRAVO-CASE-Q1-2026-00007-INV-07,False
2026-01-08T22:22:40Z,Affected Asset Identified,ANALYST-015,CSE-BRAVO-CASE-Q1-2026-00007,False,False,,False,CSE-BRAVO-CASE-Q1-2026-00007-INV-08,False
2026-02-04T22:27:35Z,Log Correlation Performed,ANALYST-015,CSE-BRAVO-CASE-Q1-2026-00008,True,False,EVREF-CSE-BRAVO-CASE-Q1-2026-00008-01,False,CSE-BRAVO-CASE-Q1-2026-00008-INV-01,False
2026-02-05T04:22:46Z,Finding Documented,ANALYST-009,CSE-BRAVO-CASE-Q1-2026-00008,False,False,EVREF-CSE-BRAVO-CASE-Q1-2026-00008-02,True,CSE-BRAVO-CASE-Q1-2026-00008-INV-02,False
2026-02-05T10:17:57Z,Root Cause Analysis,ANALYST-008,CSE-BRAVO-CASE-Q1-2026-00008,True,False,EVREF-CSE-BRAVO-CASE-Q1-2026-00008-03,False,CSE-BRAVO-CASE-Q1-2026-00008-INV-03,False
2026-02-05T16:13:08Z,Disposition Documented,ANALYST-014,CSE-BRAVO-CASE-Q1-2026-00008,True,True,EVREF-CSE-BRAVO-CASE-Q1-2026-00008-04,True,CSE-BRAVO-CASE-Q1-2026-00008-INV-04,False
2026-02-05T22:08:19Z,Affected Asset Identified,ANALYST-006,CSE-BRAVO-CASE-Q1-2026-00008,False,False,EVREF-CSE-BRAVO-CASE-Q1-2026-00008-05,False,CSE-BRAVO-CASE-Q1-2026-00008-INV-05,False
2026-02-06T04:03:30Z,Alert Reviewed,ANALYST-016,CSE-BRAVO-CASE-Q1-2026-00008,False,False,,False,CSE-BRAVO-CASE-Q1-2026-00008-INV-06,False
2026-02-06T09:58:41Z,Remediation Recorded,ANALYST-002,CSE-BRAVO-CASE-Q1-2026-00008,False,True,,False,CSE-BRAVO-CASE-Q1-2026-00008-INV-07,True
2026-02-06T15:53:52Z,Evidence Examined,ANALYST-018,CSE-BRAVO-CASE-Q1-2026-00008,False,False,EVREF-CSE-BRAVO-CASE-Q1-2026-00008-08,False,CSE-BRAVO-CASE-Q1-2026-00008-INV-08,False
2026-03-08T05:01:53Z,Disposition Documented,ANALYST-004,CSE-BRAVO-CASE-Q1-2026-00009,True,False,EVREF-CSE-BRAVO-CASE-Q1-2026-00009-01,True,CSE-BRAVO-CASE-Q1-2026-00009-INV-01,False
2026-03-08T09:18:07Z,Log Correlation Performed,ANALYST-012,CSE-BRAVO-CASE-Q1-2026-00009,True,False,EVREF-CSE-BRAVO-CASE-Q1-2026-00009-02,True,CSE-BRAVO-CASE-Q1-2026-00009-INV-02,False
2026-03-08T13:34:21Z,Alert Reviewed,ANALYST-011,CSE-BRAVO-CASE-Q1-2026-00009,False,False,EVREF-CSE-BRAVO-CASE-Q1-2026-00009-03,True,CSE-BRAVO-CASE-Q1-2026-00009-INV-03,False
2026-03-08T17:50:34Z,Evidence Examined,ANALYST-014,CSE-BRAVO-CASE-Q1-2026-00009,False,False,,False,CSE-BRAVO-CASE-Q1-2026-00009-INV-04,False
2026-03-08T22:06:48Z,Escalation Decision Documented,ANALYST-006,CSE-BRAVO-CASE-Q1-2026-00009,True,True,EVREF-CSE-BRAVO-CASE-Q1-2026-00009-05,False,CSE-BRAVO-CASE-Q1-2026-00009-INV-05,False
2026-03-09T02:23:02Z,Remediation Recorded,ANALYST-005,CSE-BRAVO-CASE-Q1-2026-00009,True,False,EVREF-CSE-BRAVO-CASE-Q1-2026-00009-06,True,CSE-BRAVO-CASE-Q1-2026-00009-INV-06,True
2026-03-09T06:39:15Z,Root Cause Analysis,ANALYST-011,CSE-BRAVO-CASE-Q1-2026-00009,True,False,,False,CSE-BRAVO-CASE-Q1-2026-00009-INV-07,False
2026-03-20T16:33:30Z,Log Correlation Performed,ANALYST-001,CSE-BRAVO-CASE-Q1-2026-00010,False,False,EVREF-CSE-BRAVO-CASE-Q1-2026-00010-01,False,CSE-BRAVO-CASE-Q1-2026-00010-INV-01,False
2026-03-21T00:17:35Z,Remediation Recorded,ANALYST-012,CSE-BRAVO-CASE-Q1-2026-00010,False,True,,False,CSE-BRAVO-CASE-Q1-2026-00010-INV-02,False
2026-03-21T08:01:40Z,Evidence Examined,ANALYST-018,CSE-BRAVO-CASE-Q1-2026-00010,True,False,EVREF-CSE-BRAVO-CASE-Q1-2026-00010-03,True,CSE-BRAVO-CASE-Q1-2026-00010-INV-03,False
2026-03-21T15:45:46Z,Alert Reviewed,ANALYST-012,CSE-BRAVO-CASE-Q1-2026-00010,False,False,EVREF-CSE-BRAVO-CASE-Q1-2026-00010-04,False,CSE-BRAVO-CASE-Q1-2026-00010-INV-04,False
2026-03-21T23:29:51Z,Containment Action Taken,ANALYST-003,CSE-BRAVO-CASE-Q1-2026-00010,False,False,EVREF-CSE-BRAVO-CASE-Q1-2026-00010-05,False,CSE-BRAVO-CASE-Q1-2026-00010-INV-05,False
2026-03-22T07:13:56Z,Affected Asset Identified,ANALYST-010,CSE-BRAVO-CASE-Q1-2026-00010,False,False,EVREF-CSE-BRAVO-CASE-Q1-2026-00010-06,False,CSE-BRAVO-CASE-Q1-2026-00010-INV-06,False
2026-03-22T14:58:02Z,Finding Documented,ANALYST-012,CSE-BRAVO-CASE-Q1-2026-00010,False,False,EVREF-CSE-BRAVO-CASE-Q1-2026-00010-07,True,CSE-BRAVO-CASE-Q1-2026-00010-INV-07,False
2026-01-29T05:37:44Z,Alert Reviewed,ANALYST-010,CSE-BRAVO-CASE-Q1-2026-00011,False,False,EVREF-CSE-BRAVO-CASE-Q1-2026-00011-01,True,CSE-BRAVO-CASE-Q1-2026-00011-INV-01,False
2026-01-29T09:14:25Z,Finding Documented,ANALYST-011,CSE-BRAVO-CASE-Q1-2026-00011,False,True,EVREF-CSE-BRAVO-CASE-Q1-2026-00011-02,True,CSE-BRAVO-CASE-Q1-2026-00011-INV-02,False
2026-01-29T12:51:07Z,Log Correlation Performed,ANALYST-014,CSE-BRAVO-CASE-Q1-2026-00011,False,False,EVREF-CSE-BRAVO-CASE-Q1-2026-00011-03,False,CSE-BRAVO-CASE-Q1-2026-00011-INV-03,False
2026-01-29T16:27:48Z,Evidence Examined,ANALYST-013,CSE-BRAVO-CASE-Q1-2026-00011,False,False,EVREF-CSE-BRAVO-CASE-Q1-2026-00011-04,False,CSE-BRAVO-CASE-Q1-2026-00011-INV-04,False
2026-01-29T20:04:29Z,Remediation Recorded,ANALYST-014,CSE-BRAVO-CASE-Q1-2026-00011,False,False,EVREF-CSE-BRAVO-CASE-Q1-2026-00011-05,True,CSE-BRAVO-CASE-Q1-2026-00011-INV-05,False
2026-01-29T23:41:11Z,Containment Action Taken,ANALYST-006,CSE-BRAVO-CASE-Q1-2026-00011,False,False,EVREF-CSE-BRAVO-CASE-Q1-2026-00011-06,True,CSE-BRAVO-CASE-Q1-2026-00011-INV-06,False
2026-01-30T03:17:52Z,Affected Asset Identified,ANALYST-016,CSE-BRAVO-CASE-Q1-2026-00011,False,False,EVREF-CSE-BRAVO-CASE-Q1-2026-00011-07,False,CSE-BRAVO-CASE-Q1-2026-00011-INV-07,False
2026-02-15T11:17:35Z,Alert Reviewed,ANALYST-004,CSE-BRAVO-CASE-Q1-2026-00012,True,False,EVREF-CSE-BRAVO-CASE-Q1-2026-00012-01,False,CSE-BRAVO-CASE-Q1-2026-00012-INV-01,False
2026-02-15T18:22:19Z,Remediation Recorded,ANALYST-001,CSE-BRAVO-CASE-Q1-2026-00012,False,True,,True,CSE-BRAVO-CASE-Q1-2026-00012-INV-02,False
2026-02-16T01:27:03Z,Escalation Decision Documented,ANALYST-003,CSE-BRAVO-CASE-Q1-2026-00012,True,True,EVREF-CSE-BRAVO-CASE-Q1-2026-00012-03,True,CSE-BRAVO-CASE-Q1-2026-00012-INV-03,False
2026-02-16T08:31:48Z,Disposition Documented,ANALYST-014,CSE-BRAVO-CASE-Q1-2026-00012,True,False,EVREF-CSE-BRAVO-CASE-Q1-2026-00012-04,True,CSE-BRAVO-CASE-Q1-2026-00012-INV-04,False
2026-02-16T15:36:32Z,Finding Documented,ANALYST-016,CSE-BRAVO-CASE-Q1-2026-00012,False,False,EVREF-CSE-BRAVO-CASE-Q1-2026-00012-05,True,CSE-BRAVO-CASE-Q1-2026-00012-INV-05,False
2026-02-16T22:41:16Z,Root Cause Analysis,ANALYST-015,CSE-BRAVO-CASE-Q1-2026-00012,False,False,,True,CSE-BRAVO-CASE-Q1-2026-00012-INV-06,False
2026-02-17T05:46:00Z,Evidence Examined,ANALYST-004,CSE-BRAVO-CASE-Q1-2026-00012,True,False,,True,CSE-BRAVO-CASE-Q1-2026-00012-INV-07,False
2026-02-17T12:50:45Z,Affected Asset Identified,ANALYST-002,CSE-BRAVO-CASE-Q1-2026-00012,False,False,EVREF-CSE-BRAVO-CASE-Q1-2026-00012-08,False,CSE-BRAVO-CASE-Q1-2026-00012-INV-08,False
2026-02-21T03:33:37Z,Escalation Decision Documented,ANALYST-005,CSE-BRAVO-CASE-Q1-2026-00013,False,True,EVREF-CSE-BRAVO-CASE-Q1-2026-00013-01,True,CSE-BRAVO-CASE-Q1-2026-00013-INV-01,False
2026-02-21T09:16:54Z,Alert Reviewed,ANALYST-012,CSE-BRAVO-CASE-Q1-2026-00013,False,False,EVREF-CSE-BRAVO-CASE-Q1-2026-00013-02,False,CSE-BRAVO-CASE-Q1-2026-00013-INV-02,False
2026-02-21T15:00:11Z,Evidence Examined,ANALYST-006,CSE-BRAVO-CASE-Q1-2026-00013,True,False,EVREF-CSE-BRAVO-CASE-Q1-2026-00013-03,False,CSE-BRAVO-CASE-Q1-2026-00013-INV-03,False
2026-02-21T20:43:27Z,Finding Documented,ANALYST-002,CSE-BRAVO-CASE-Q1-2026-00013,False,False,EVREF-CSE-BRAVO-CASE-Q1-2026-00013-04,True,CSE-BRAVO-CASE-Q1-2026-00013-INV-04,False
2026-02-22T02:26:44Z,Affected Asset Identified,ANALYST-016,CSE-BRAVO-CASE-Q1-2026-00013,True,False,,False,CSE-BRAVO-CASE-Q1-2026-00013-INV-05,False
2026-02-22T08:10:01Z,Root Cause Analysis,ANALYST-015,CSE-BRAVO-CASE-Q1-2026-00013,False,False,EVREF-CSE-BRAVO-CASE-Q1-2026-00013-06,False,CSE-BRAVO-CASE-Q1-2026-00013-INV-06,False
2026-02-22T13:53:17Z,Containment Action Taken,ANALYST-012,CSE-BRAVO-CASE-Q1-2026-00013,True,False,EVREF-CSE-BRAVO-CASE-Q1-2026-00013-07,False,CSE-BRAVO-CASE-Q1-2026-00013-INV-07,False
2026-03-26T22:18:57Z,Finding Documented,ANALYST-001,CSE-BRAVO-CASE-Q1-2026-00014,True,False,EVREF-CSE-BRAVO-CASE-Q1-2026-00014-01,True,CSE-BRAVO-CASE-Q1-2026-00014-INV-01,False
2026-03-27T08:23:07Z,Containment Action Taken,ANALYST-014,CSE-BRAVO-CASE-Q1-2026-00014,False,True,,False,CSE-BRAVO-CASE-Q1-2026-00014-INV-02,False
2026-03-27T18:27:17Z,Escalation Decision Documented,ANALYST-013,CSE-BRAVO-CASE-Q1-2026-00014,True,True,EVREF-CSE-BRAVO-CASE-Q1-2026-00014-03,False,CSE-BRAVO-CASE-Q1-2026-00014-INV-03,False
2026-03-28T04:31:27Z,Evidence Examined,ANALYST-008,CSE-BRAVO-CASE-Q1-2026-00014,False,False,,True,CSE-BRAVO-CASE-Q1-2026-00014-INV-04,False
2026-03-28T14:35:37Z,Disposition Documented,ANALYST-017,CSE-BRAVO-CASE-Q1-2026-00014,True,True,EVREF-CSE-BRAVO-CASE-Q1-2026-00014-05,False,CSE-BRAVO-CASE-Q1-2026-00014-INV-05,False
2026-03-29T00:39:47Z,Remediation Recorded,ANALYST-002,CSE-BRAVO-CASE-Q1-2026-00014,False,False,EVREF-CSE-BRAVO-CASE-Q1-2026-00014-06,True,CSE-BRAVO-CASE-Q1-2026-00014-INV-06,False
2026-03-29T10:43:58Z,Affected Asset Identified,ANALYST-006,CSE-BRAVO-CASE-Q1-2026-00014,False,False,EVREF-CSE-BRAVO-CASE-Q1-2026-00014-07,False,CSE-BRAVO-CASE-Q1-2026-00014-INV-07,False
2026-03-29T20:48:08Z,Root Cause Analysis,ANALYST-002,CSE-BRAVO-CASE-Q1-2026-00014,False,True,EVREF-CSE-BRAVO-CASE-Q1-2026-00014-08,False,CSE-BRAVO-CASE-Q1-2026-00014-INV-08,False
2026-02-28T09:35:20Z,Containment Action Taken,ANALYST-008,CSE-BRAVO-CASE-Q1-2026-00015,False,False,EVREF-CSE-BRAVO-CASE-Q1-2026-00015-01,True,CSE-BRAVO-CASE-Q1-2026-00015-INV-01,False
2026-02-28T16:30:23Z,Escalation Decision Documented,ANALYST-013,CSE-BRAVO-CASE-Q1-2026-00015,True,True,,False,CSE-BRAVO-CASE-Q1-2026-00015-INV-02,False
2026-02-28T23:25:25Z,Finding Documented,ANALYST-017,CSE-BRAVO-CASE-Q1-2026-00015,False,True,EVREF-CSE-BRAVO-CASE-Q1-2026-00015-03,True,CSE-BRAVO-CASE-Q1-2026-00015-INV-03,False
2026-03-01T06:20:27Z,Remediation Recorded,ANALYST-001,CSE-BRAVO-CASE-Q1-2026-00015,False,False,EVREF-CSE-BRAVO-CASE-Q1-2026-00015-04,True,CSE-BRAVO-CASE-Q1-2026-00015-INV-04,True
2026-03-01T13:15:29Z,Disposition Documented,ANALYST-007,CSE-BRAVO-CASE-Q1-2026-00015,True,False,EVREF-CSE-BRAVO-CASE-Q1-2026-00015-05,False,CSE-BRAVO-CASE-Q1-2026-00015-INV-05,False
2026-03-01T20:10:31Z,Alert Reviewed,ANALYST-006,CSE-BRAVO-CASE-Q1-2026-00015,True,False,,True,CSE-BRAVO-CASE-Q1-2026-00015-INV-06,False
2026-03-02T03:05:33Z,Evidence Examined,ANALYST-016,CSE-BRAVO-CASE-Q1-2026-00015,False,False,EVREF-CSE-BRAVO-CASE-Q1-2026-00015-07,True,CSE-BRAVO-CASE-Q1-2026-00015-INV-07,False
2026-01-30T08:56:31Z,Affected Asset Identified,ANALYST-016,CSE-BRAVO-CASE-Q1-2026-00016,False,False,EVREF-CSE-BRAVO-CASE-Q1-2026-00016-01,True,CSE-BRAVO-CASE-Q1-2026-00016-INV-01,False
2026-01-30T12:32:42Z,Evidence Examined,ANALYST-018,CSE-BRAVO-CASE-Q1-2026-00016,False,True,,False,CSE-BRAVO-CASE-Q1-2026-00016-INV-02,False
2026-01-30T16:08:54Z,Alert Reviewed,ANALYST-002,CSE-BRAVO-CASE-Q1-2026-00016,False,False,EVREF-CSE-BRAVO-CASE-Q1-2026-00016-03,True,CSE-BRAVO-CASE-Q1-2026-00016-INV-03,False
2026-01-30T19:45:05Z,Escalation Decision Documented,ANALYST-003,CSE-BRAVO-CASE-Q1-2026-00016,True,True,EVREF-CSE-BRAVO-CASE-Q1-2026-00016-04,False,CSE-BRAVO-CASE-Q1-2026-00016-INV-04,False
2026-01-30T23:21:17Z,Containment Action Taken,ANALYST-008,CSE-BRAVO-CASE-Q1-2026-00016,True,False,EVREF-CSE-BRAVO-CASE-Q1-2026-00016-05,True,CSE-BRAVO-CASE-Q1-2026-00016-INV-05,False
2026-01-31T02:57:28Z,Log Correlation Performed,ANALYST-012,CSE-BRAVO-CASE-Q1-2026-00016,False,False,EVREF-CSE-BRAVO-CASE-Q1-2026-00016-06,False,CSE-BRAVO-CASE-Q1-2026-00016-INV-06,False
2026-01-31T06:33:40Z,Remediation Recorded,ANALYST-017,CSE-BRAVO-CASE-Q1-2026-00016,False,True,EVREF-CSE-BRAVO-CASE-Q1-2026-00016-07,False,CSE-BRAVO-CASE-Q1-2026-00016-INV-07,True
2026-03-22T11:24:43Z,Remediation Recorded,ANALYST-009,CSE-BRAVO-CASE-Q1-2026-00017,False,False,EVREF-CSE-BRAVO-CASE-Q1-2026-00017-01,False,CSE-BRAVO-CASE-Q1-2026-00017-INV-01,True
2026-03-22T14:08:36Z,Alert Reviewed,ANALYST-005,CSE-BRAVO-CASE-Q1-2026-00017,False,False,EVREF-CSE-BRAVO-CASE-Q1-2026-00017-02,False,CSE-BRAVO-CASE-Q1-2026-00017-INV-02,False
2026-03-22T16:52:30Z,Containment Action Taken,ANALYST-004,CSE-BRAVO-CASE-Q1-2026-00017,True,False,EVREF-CSE-BRAVO-CASE-Q1-2026-00017-03,False,CSE-BRAVO-CASE-Q1-2026-00017-INV-03,False
2026-03-22T19:36:23Z,Affected Asset Identified,ANALYST-017,CSE-BRAVO-CASE-Q1-2026-00017,True,False,EVREF-CSE-BRAVO-CASE-Q1-2026-00017-04,False,CSE-BRAVO-CASE-Q1-2026-00017-INV-04,False
2026-03-22T22:20:17Z,Disposition Documented,ANALYST-001,CSE-BRAVO-CASE-Q1-2026-00017,True,True,EVREF-CSE-BRAVO-CASE-Q1-2026-00017-05,False,CSE-BRAVO-CASE-Q1-2026-00017-INV-05,False
2026-01-10T06:39:21Z,Alert Reviewed,ANALYST-003,CSE-BRAVO-CASE-Q1-2026-00018,False,False,EVREF-CSE-BRAVO-CASE-Q1-2026-00018-01,False,CSE-BRAVO-CASE-Q1-2026-00018-INV-01,False
2026-01-10T12:36:29Z,Escalation Decision Documented,ANALYST-001,CSE-BRAVO-CASE-Q1-2026-00018,False,True,EVREF-CSE-BRAVO-CASE-Q1-2026-00018-02,False,CSE-BRAVO-CASE-Q1-2026-00018-INV-02,False
2026-01-10T18:33:37Z,Affected Asset Identified,ANALYST-007,CSE-BRAVO-CASE-Q1-2026-00018,False,False,EVREF-CSE-BRAVO-CASE-Q1-2026-00018-03,True,CSE-BRAVO-CASE-Q1-2026-00018-INV-03,False
2026-01-11T00:30:46Z,Log Correlation Performed,ANALYST-017,CSE-BRAVO-CASE-Q1-2026-00018,False,True,,False,CSE-BRAVO-CASE-Q1-2026-00018-INV-04,False
2026-01-11T06:27:54Z,Disposition Documented,ANALYST-017,CSE-BRAVO-CASE-Q1-2026-00018,True,False,EVREF-CSE-BRAVO-CASE-Q1-2026-00018-05,True,CSE-BRAVO-CASE-Q1-2026-00018-INV-05,False
2026-01-11T12:25:02Z,Finding Documented,ANALYST-006,CSE-BRAVO-CASE-Q1-2026-00018,False,False,,True,CSE-BRAVO-CASE-Q1-2026-00018-INV-06,False
2026-01-11T18:22:10Z,Root Cause Analysis,ANALYST-012,CSE-BRAVO-CASE-Q1-2026-00018,False,False,EVREF-CSE-BRAVO-CASE-Q1-2026-00018-07,True,CSE-BRAVO-CASE-Q1-2026-00018-INV-07,False
2026-01-12T00:19:19Z,Remediation Recorded,ANALYST-018,CSE-BRAVO-CASE-Q1-2026-00018,False,False,EVREF-CSE-BRAVO-CASE-Q1-2026-00018-08,True,CSE-BRAVO-CASE-Q1-2026-00018-INV-08,False
2026-01-29T23:18:30Z,Log Correlation Performed,ANALYST-002,CSE-BRAVO-CASE-Q1-2026-00019,True,False,,True,CSE-BRAVO-CASE-Q1-2026-00019-INV-01,False
2026-01-30T03:44:19Z,Disposition Documented,ANALYST-003,CSE-BRAVO-CASE-Q1-2026-00019,True,True,EVREF-CSE-BRAVO-CASE-Q1-2026-00019-02,True,CSE-BRAVO-CASE-Q1-2026-00019-INV-02,False
2026-01-30T08:10:09Z,Escalation Decision Documented,ANALYST-005,CSE-BRAVO-CASE-Q1-2026-00019,False,True,EVREF-CSE-BRAVO-CASE-Q1-2026-00019-03,False,CSE-BRAVO-CASE-Q1-2026-00019-INV-03,False
2026-01-30T12:35:58Z,Alert Reviewed,ANALYST-002,CSE-BRAVO-CASE-Q1-2026-00019,True,False,EVREF-CSE-BRAVO-CASE-Q1-2026-00019-04,True,CSE-BRAVO-CASE-Q1-2026-00019-INV-04,False
2026-01-30T17:01:47Z,Remediation Recorded,ANALYST-016,CSE-BRAVO-CASE-Q1-2026-00019,False,False,EVREF-CSE-BRAVO-CASE-Q1-2026-00019-05,False,CSE-BRAVO-CASE-Q1-2026-00019-INV-05,True
2026-01-30T21:27:36Z,Finding Documented,ANALYST-008,CSE-BRAVO-CASE-Q1-2026-00019,False,False,EVREF-CSE-BRAVO-CASE-Q1-2026-00019-06,True,CSE-BRAVO-CASE-Q1-2026-00019-INV-06,False
2026-01-31T01:53:26Z,Affected Asset Identified,ANALYST-010,CSE-BRAVO-CASE-Q1-2026-00019,True,False,EVREF-CSE-BRAVO-CASE-Q1-2026-00019-07,False,CSE-BRAVO-CASE-Q1-2026-00019-INV-07,False
2026-02-20T22:56:28Z,Evidence Examined,ANALYST-012,CSE-BRAVO-CASE-Q1-2026-00020,True,False,EVREF-CSE-BRAVO-CASE-Q1-2026-00020-01,False,CSE-BRAVO-CASE-Q1-2026-00020-INV-01,False
2026-02-21T01:19:23Z,Finding Documented,ANALYST-016,CSE-BRAVO-CASE-Q1-2026-00020,False,False,,True,CSE-BRAVO-CASE-Q1-2026-00020-INV-02,False
2026-02-21T03:42:18Z,Disposition Documented,ANALYST-009,CSE-BRAVO-CASE-Q1-2026-00020,True,False,EVREF-CSE-BRAVO-CASE-Q1-2026-00020-03,True,CSE-BRAVO-CASE-Q1-2026-00020-INV-03,False
2026-02-21T06:05:13Z,Log Correlation Performed,ANALYST-002,CSE-BRAVO-CASE-Q1-2026-00020,False,True,EVREF-CSE-BRAVO-CASE-Q1-2026-00020-04,True,CSE-BRAVO-CASE-Q1-2026-00020-INV-04,False
2026-02-21T08:28:08Z,Root Cause Analysis,ANALYST-016,CSE-BRAVO-CASE-Q1-2026-00020,False,True,EVREF-CSE-BRAVO-CASE-Q1-2026-00020-05,False,CSE-BRAVO-CASE-Q1-2026-00020-INV-05,False
2026-02-21T10:51:03Z,Alert Reviewed,ANALYST-017,CSE-BRAVO-CASE-Q1-2026-00020,False,False,EVREF-CSE-BRAVO-CASE-Q1-2026-00020-06,True,CSE-BRAVO-CASE-Q1-2026-00020-INV-06,False
2026-02-21T13:13:58Z,Affected Asset Identified,ANALYST-007,CSE-BRAVO-CASE-Q1-2026-00020,False,False,EVREF-CSE-BRAVO-CASE-Q1-2026-00020-07,True,CSE-BRAVO-CASE-Q1-2026-00020-INV-07,False
2026-01-04T00:37:27Z,Escalation Decision Documented,ANALYST-005,CSE-BRAVO-CASE-Q1-2026-00021,False,True,EVREF-CSE-BRAVO-CASE-Q1-2026-00021-01,True,CSE-BRAVO-CASE-Q1-2026-00021-INV-01,False
2026-01-04T00:42:14Z,Root Cause Analysis,ANALYST-009,CSE-BRAVO-CASE-Q1-2026-00021,False,True,,True,CSE-BRAVO-CASE-Q1-2026-00021-INV-02,False
2026-01-21T19:31:38Z,Log Correlation Performed,ANALYST-013,CSE-BRAVO-CASE-Q1-2026-00022,False,False,EVREF-CSE-BRAVO-CASE-Q1-2026-00022-01,True,CSE-BRAVO-CASE-Q1-2026-00022-INV-01,False
2026-01-22T00:11:44Z,Remediation Recorded,ANALYST-018,CSE-BRAVO-CASE-Q1-2026-00022,True,False,EVREF-CSE-BRAVO-CASE-Q1-2026-00022-02,False,CSE-BRAVO-CASE-Q1-2026-00022-INV-02,True
2026-01-22T04:51:50Z,Affected Asset Identified,ANALYST-016,CSE-BRAVO-CASE-Q1-2026-00022,False,False,EVREF-CSE-BRAVO-CASE-Q1-2026-00022-03,False,CSE-BRAVO-CASE-Q1-2026-00022-INV-03,False
2026-01-22T09:31:56Z,Evidence Examined,ANALYST-017,CSE-BRAVO-CASE-Q1-2026-00022,False,False,,True,CSE-BRAVO-CASE-Q1-2026-00022-INV-04,False
2026-01-22T14:12:03Z,Escalation Decision Documented,ANALYST-004,CSE-BRAVO-CASE-Q1-2026-00022,False,True,EVREF-CSE-BRAVO-CASE-Q1-2026-00022-05,False,CSE-BRAVO-CASE-Q1-2026-00022-INV-05,False
2026-01-22T18:52:09Z,Finding Documented,ANALYST-011,CSE-BRAVO-CASE-Q1-2026-00022,False,True,EVREF-CSE-BRAVO-CASE-Q1-2026-00022-06,True,CSE-BRAVO-CASE-Q1-2026-00022-INV-06,False
2026-01-22T23:32:15Z,Disposition Documented,ANALYST-013,CSE-BRAVO-CASE-Q1-2026-00022,True,False,EVREF-CSE-BRAVO-CASE-Q1-2026-00022-07,False,CSE-BRAVO-CASE-Q1-2026-00022-INV-07,False
2026-01-10T11:58:51Z,Alert Reviewed,ANALYST-015,CSE-BRAVO-CASE-Q1-2026-00023,False,False,,True,CSE-BRAVO-CASE-Q1-2026-00023-INV-01,False
2026-01-10T15:33:21Z,Evidence Examined,ANALYST-001,CSE-BRAVO-CASE-Q1-2026-00023,False,False,EVREF-CSE-BRAVO-CASE-Q1-2026-00023-02,True,CSE-BRAVO-CASE-Q1-2026-00023-INV-02,False
2026-01-10T19:07:50Z,Escalation Decision Documented,ANALYST-018,CSE-BRAVO-CASE-Q1-2026-00023,True,True,EVREF-CSE-BRAVO-CASE-Q1-2026-00023-03,False,CSE-BRAVO-CASE-Q1-2026-00023-INV-03,False
2026-01-10T22:42:20Z,Affected Asset Identified,ANALYST-015,CSE-BRAVO-CASE-Q1-2026-00023,False,False,EVREF-CSE-BRAVO-CASE-Q1-2026-00023-04,False,CSE-BRAVO-CASE-Q1-2026-00023-INV-04,False
2026-01-11T02:16:50Z,Containment Action Taken,ANALYST-003,CSE-BRAVO-CASE-Q1-2026-00023,False,True,EVREF-CSE-BRAVO-CASE-Q1-2026-00023-05,False,CSE-BRAVO-CASE-Q1-2026-00023-INV-05,False
2026-01-11T05:51:19Z,Finding Documented,ANALYST-017,CSE-BRAVO-CASE-Q1-2026-00023,True,False,,True,CSE-BRAVO-CASE-Q1-2026-00023-INV-06,False
2026-01-11T09:25:49Z,Log Correlation Performed,ANALYST-008,CSE-BRAVO-CASE-Q1-2026-00023,False,False,,False,CSE-BRAVO-CASE-Q1-2026-00023-INV-07,False
2026-03-19T08:33:20Z,Affected Asset Identified,ANALYST-007,CSE-BRAVO-CASE-Q1-2026-00024,False,True,EVREF-CSE-BRAVO-CASE-Q1-2026-00024-01,True,CSE-BRAVO-CASE-Q1-2026-00024-INV-01,False
2026-03-19T12:46:31Z,Escalation Decision Documented,ANALYST-015,CSE-BRAVO-CASE-Q1-2026-00024,False,True,,False,CSE-BRAVO-CASE-Q1-2026-00024-INV-02,False
2026-03-19T16:59:41Z,Evidence Examined,ANALYST-017,CSE-BRAVO-CASE-Q1-2026-00024,True,True,EVREF-CSE-BRAVO-CASE-Q1-2026-00024-03,True,CSE-BRAVO-CASE-Q1-2026-00024-INV-03,False
2026-03-19T21:12:52Z,Log Correlation Performed,ANALYST-002,CSE-BRAVO-CASE-Q1-2026-00024,False,False,EVREF-CSE-BRAVO-CASE-Q1-2026-00024-04,False,CSE-BRAVO-CASE-Q1-2026-00024-INV-04,False
2026-03-20T01:26:03Z,Root Cause Analysis,ANALYST-002,CSE-BRAVO-CASE-Q1-2026-00024,False,True,EVREF-CSE-BRAVO-CASE-Q1-2026-00024-05,False,CSE-BRAVO-CASE-Q1-2026-00024-INV-05,False
2026-03-20T05:39:13Z,Disposition Documented,ANALYST-012,CSE-BRAVO-CASE-Q1-2026-00024,True,False,EVREF-CSE-BRAVO-CASE-Q1-2026-00024-06,False,CSE-BRAVO-CASE-Q1-2026-00024-INV-06,False
2026-03-20T09:52:24Z,Alert Reviewed,ANALYST-002,CSE-BRAVO-CASE-Q1-2026-00024,True,False,EVREF-CSE-BRAVO-CASE-Q1-2026-00024-07,False,CSE-BRAVO-CASE-Q1-2026-00024-INV-07,False
2026-03-20T14:05:35Z,Finding Documented,ANALYST-012,CSE-BRAVO-CASE-Q1-2026-00024,False,True,EVREF-CSE-BRAVO-CASE-Q1-2026-00024-08,True,CSE-BRAVO-CASE-Q1-2026-00024-INV-08,False
2026-01-29T21:17:25Z,Affected Asset Identified,ANALYST-014,CSE-BRAVO-CASE-Q1-2026-00025,False,False,,True,CSE-BRAVO-CASE-Q1-2026-00025-INV-01,False
2026-01-30T02:27:31Z,Alert Reviewed,ANALYST-009,CSE-BRAVO-CASE-Q1-2026-00025,False,True,EVREF-CSE-BRAVO-CASE-Q1-2026-00025-02,True,CSE-BRAVO-CASE-Q1-2026-00025-INV-02,False
2026-01-30T07:37:37Z,Escalation Decision Documented,ANALYST-002,CSE-BRAVO-CASE-Q1-2026-00025,False,True,EVREF-CSE-BRAVO-CASE-Q1-2026-00025-03,False,CSE-BRAVO-CASE-Q1-2026-00025-INV-03,False
2026-01-30T12:47:43Z,Containment Action Taken,ANALYST-001,CSE-BRAVO-CASE-Q1-2026-00025,False,False,EVREF-CSE-BRAVO-CASE-Q1-2026-00025-04,False,CSE-BRAVO-CASE-Q1-2026-00025-INV-04,False
2026-01-30T17:57:49Z,Root Cause Analysis,ANALYST-014,CSE-BRAVO-CASE-Q1-2026-00025,True,True,EVREF-CSE-BRAVO-CASE-Q1-2026-00025-05,False,CSE-BRAVO-CASE-Q1-2026-00025-INV-05,False
2026-01-30T23:07:55Z,Evidence Examined,ANALYST-003,CSE-BRAVO-CASE-Q1-2026-00025,False,False,,False,CSE-BRAVO-CASE-Q1-2026-00025-INV-06,False
2026-01-31T04:18:01Z,Remediation Recorded,ANALYST-010,CSE-BRAVO-CASE-Q1-2026-00025,False,False,EVREF-CSE-BRAVO-CASE-Q1-2026-00025-07,False,CSE-BRAVO-CASE-Q1-2026-00025-INV-07,True
2026-01-31T09:28:08Z,Disposition Documented,ANALYST-001,CSE-BRAVO-CASE-Q1-2026-00025,True,False,EVREF-CSE-BRAVO-CASE-Q1-2026-00025-08,False,CSE-BRAVO-CASE-Q1-2026-00025-INV-08,False
2026-02-20T00:49:24Z,Finding Documented,ANALYST-018,CSE-BRAVO-CASE-Q1-2026-00026,True,False,EVREF-CSE-BRAVO-CASE-Q1-2026-00026-01,True,CSE-BRAVO-CASE-Q1-2026-00026-INV-01,False
2026-02-20T04:37:38Z,Containment Action Taken,ANALYST-011,CSE-BRAVO-CASE-Q1-2026-00026,True,False,EVREF-CSE-BRAVO-CASE-Q1-2026-00026-02,False,CSE-BRAVO-CASE-Q1-2026-00026-INV-02,False
2026-02-20T08:25:52Z,Alert Reviewed,ANALYST-018,CSE-BRAVO-CASE-Q1-2026-00026,False,False,EVREF-CSE-BRAVO-CASE-Q1-2026-00026-03,True,CSE-BRAVO-CASE-Q1-2026-00026-INV-03,False
2026-02-20T12:14:05Z,Root Cause Analysis,ANALYST-011,CSE-BRAVO-CASE-Q1-2026-00026,False,True,EVREF-CSE-BRAVO-CASE-Q1-2026-00026-04,False,CSE-BRAVO-CASE-Q1-2026-00026-INV-04,False
2026-02-20T16:02:19Z,Affected Asset Identified,ANALYST-004,CSE-BRAVO-CASE-Q1-2026-00026,False,True,EVREF-CSE-BRAVO-CASE-Q1-2026-00026-05,True,CSE-BRAVO-CASE-Q1-2026-00026-INV-05,False
2026-02-20T19:50:33Z,Remediation Recorded,ANALYST-009,CSE-BRAVO-CASE-Q1-2026-00026,False,False,EVREF-CSE-BRAVO-CASE-Q1-2026-00026-06,True,CSE-BRAVO-CASE-Q1-2026-00026-INV-06,True
2026-02-20T23:38:47Z,Disposition Documented,ANALYST-012,CSE-BRAVO-CASE-Q1-2026-00026,True,False,,False,CSE-BRAVO-CASE-Q1-2026-00026-INV-07,False
2026-03-08T08:35:13Z,Affected Asset Identified,ANALYST-009,CSE-BRAVO-CASE-Q1-2026-00027,False,False,EVREF-CSE-BRAVO-CASE-Q1-2026-00027-01,True,CSE-BRAVO-CASE-Q1-2026-00027-INV-01,False
2026-03-08T15:21:47Z,Finding Documented,ANALYST-009,CSE-BRAVO-CASE-Q1-2026-00027,False,False,EVREF-CSE-BRAVO-CASE-Q1-2026-00027-02,True,CSE-BRAVO-CASE-Q1-2026-00027-INV-02,False
2026-03-08T22:08:21Z,Disposition Documented,ANALYST-018,CSE-BRAVO-CASE-Q1-2026-00027,True,True,EVREF-CSE-BRAVO-CASE-Q1-2026-00027-03,False,CSE-BRAVO-CASE-Q1-2026-00027-INV-03,False
2026-03-09T04:54:55Z,Containment Action Taken,ANALYST-006,CSE-BRAVO-CASE-Q1-2026-00027,False,True,,False,CSE-BRAVO-CASE-Q1-2026-00027-INV-04,False
2026-03-09T11:41:29Z,Log Correlation Performed,ANALYST-008,CSE-BRAVO-CASE-Q1-2026-00027,False,False,,True,CSE-BRAVO-CASE-Q1-2026-00027-INV-05,False
2026-03-09T18:28:04Z,Root Cause Analysis,ANALYST-009,CSE-BRAVO-CASE-Q1-2026-00027,True,False,EVREF-CSE-BRAVO-CASE-Q1-2026-00027-06,False,CSE-BRAVO-CASE-Q1-2026-00027-INV-06,False
2026-03-10T01:14:38Z,Escalation Decision Documented,ANALYST-016,CSE-BRAVO-CASE-Q1-2026-00027,False,True,EVREF-CSE-BRAVO-CASE-Q1-2026-00027-07,True,CSE-BRAVO-CASE-Q1-2026-00027-INV-07,False
2026-03-10T08:01:12Z,Evidence Examined,ANALYST-005,CSE-BRAVO-CASE-Q1-2026-00027,False,False,,True,CSE-BRAVO-CASE-Q1-2026-00027-INV-08,False
2026-03-03T15:18:37Z,Escalation Decision Documented,ANALYST-007,CSE-BRAVO-CASE-Q1-2026-00028,False,True,EVREF-CSE-BRAVO-CASE-Q1-2026-00028-01,True,CSE-BRAVO-CASE-Q1-2026-00028-INV-01,False
2026-03-03T20:07:31Z,Root Cause Analysis,ANALYST-016,CSE-BRAVO-CASE-Q1-2026-00028,False,True,EVREF-CSE-BRAVO-CASE-Q1-2026-00028-02,False,CSE-BRAVO-CASE-Q1-2026-00028-INV-02,False
2026-03-04T00:56:25Z,Alert Reviewed,ANALYST-008,CSE-BRAVO-CASE-Q1-2026-00028,True,False,EVREF-CSE-BRAVO-CASE-Q1-2026-00028-03,False,CSE-BRAVO-CASE-Q1-2026-00028-INV-03,False
2026-03-04T05:45:19Z,Affected Asset Identified,ANALYST-006,CSE-BRAVO-CASE-Q1-2026-00028,False,False,EVREF-CSE-BRAVO-CASE-Q1-2026-00028-04,False,CSE-BRAVO-CASE-Q1-2026-00028-INV-04,False
2026-03-04T10:34:14Z,Log Correlation Performed,ANALYST-002,CSE-BRAVO-CASE-Q1-2026-00028,False,False,EVREF-CSE-BRAVO-CASE-Q1-2026-00028-05,False,CSE-BRAVO-CASE-Q1-2026-00028-INV-05,False
2026-03-04T15:23:08Z,Containment Action Taken,ANALYST-013,CSE-BRAVO-CASE-Q1-2026-00028,True,False,EVREF-CSE-BRAVO-CASE-Q1-2026-00028-06,False,CSE-BRAVO-CASE-Q1-2026-00028-INV-06,False
2026-03-04T20:12:02Z,Evidence Examined,ANALYST-012,CSE-BRAVO-CASE-Q1-2026-00028,False,True,EVREF-CSE-BRAVO-CASE-Q1-2026-00028-07,True,CSE-BRAVO-CASE-Q1-2026-00028-INV-07,False
2026-02-16T20:41:11Z,Log Correlation Performed,ANALYST-013,CSE-BRAVO-CASE-Q1-2026-00029,False,False,EVREF-CSE-BRAVO-CASE-Q1-2026-00029-01,True,CSE-BRAVO-CASE-Q1-2026-00029-INV-01,False
2026-02-16T22:10:44Z,Affected Asset Identified,ANALYST-010,CSE-BRAVO-CASE-Q1-2026-00029,False,False,EVREF-CSE-BRAVO-CASE-Q1-2026-00029-02,False,CSE-BRAVO-CASE-Q1-2026-00029-INV-02,False
2026-02-16T23:40:17Z,Root Cause Analysis,ANALYST-013,CSE-BRAVO-CASE-Q1-2026-00029,False,True,,True,CSE-BRAVO-CASE-Q1-2026-00029-INV-03,False
2026-02-17T01:09:50Z,Finding Documented,ANALYST-002,CSE-BRAVO-CASE-Q1-2026-00029,True,False,EVREF-CSE-BRAVO-CASE-Q1-2026-00029-04,True,CSE-BRAVO-CASE-Q1-2026-00029-INV-04,False
2026-02-17T02:39:23Z,Remediation Recorded,ANALYST-011,CSE-BRAVO-CASE-Q1-2026-00029,False,False,,False,CSE-BRAVO-CASE-Q1-2026-00029-INV-05,True
2026-02-17T04:08:56Z,Containment Action Taken,ANALYST-006,CSE-BRAVO-CASE-Q1-2026-00029,False,False,EVREF-CSE-BRAVO-CASE-Q1-2026-00029-06,True,CSE-BRAVO-CASE-Q1-2026-00029-INV-06,False
2026-01-15T23:27:39Z,Alert Reviewed,ANALYST-010,CSE-BRAVO-CASE-Q1-2026-00030,False,False,EVREF-CSE-BRAVO-CASE-Q1-2026-00030-01,False,CSE-BRAVO-CASE-Q1-2026-00030-INV-01,False
2026-01-16T04:48:45Z,Finding Documented,ANALYST-009,CSE-BRAVO-CASE-Q1-2026-00030,False,False,EVREF-CSE-BRAVO-CASE-Q1-2026-00030-02,True,CSE-BRAVO-CASE-Q1-2026-00030-INV-02,False
2026-01-16T10:09:51Z,Root Cause Analysis,ANALYST-005,CSE-BRAVO-CASE-Q1-2026-00030,True,False,EVREF-CSE-BRAVO-CASE-Q1-2026-00030-03,False,CSE-BRAVO-CASE-Q1-2026-00030-INV-03,False
2026-01-16T15:30:57Z,Log Correlation Performed,ANALYST-009,CSE-BRAVO-CASE-Q1-2026-00030,True,True,EVREF-CSE-BRAVO-CASE-Q1-2026-00030-04,False,CSE-BRAVO-CASE-Q1-2026-00030-INV-04,False
2026-01-16T20:52:04Z,Affected Asset Identified,ANALYST-007,CSE-BRAVO-CASE-Q1-2026-00030,False,True,EVREF-CSE-BRAVO-CASE-Q1-2026-00030-05,False,CSE-BRAVO-CASE-Q1-2026-00030-INV-05,False
2026-01-17T02:13:10Z,Disposition Documented,ANALYST-006,CSE-BRAVO-CASE-Q1-2026-00030,True,False,EVREF-CSE-BRAVO-CASE-Q1-2026-00030-06,False,CSE-BRAVO-CASE-Q1-2026-00030-INV-06,False
2026-01-17T07:34:16Z,Evidence Examined,ANALYST-006,CSE-BRAVO-CASE-Q1-2026-00030,False,False,EVREF-CSE-BRAVO-CASE-Q1-2026-00030-07,False,CSE-BRAVO-CASE-Q1-2026-00030-INV-07,False
2026-01-17T12:55:22Z,Escalation Decision Documented,ANALYST-005,CSE-BRAVO-CASE-Q1-2026-00030,True,True,EVREF-CSE-BRAVO-CASE-Q1-2026-00030-08,False,CSE-BRAVO-CASE-Q1-2026-00030-INV-08,False
2026-02-02T03:51:01Z,Escalation Decision Documented,ANALYST-014,CSE-BRAVO-CASE-Q1-2026-00031,False,True,EVREF-CSE-BRAVO-CASE-Q1-2026-00031-01,True,CSE-BRAVO-CASE-Q1-2026-00031-INV-01,False
2026-02-02T10:33:37Z,Affected Asset Identified,ANALYST-012,CSE-BRAVO-CASE-Q1-2026-00031,False,False,,False,CSE-BRAVO-CASE-Q1-2026-00031-INV-02,False
2026-02-02T17:16:13Z,Remediation Recorded,ANALYST-013,CSE-BRAVO-CASE-Q1-2026-00031,False,True,EVREF-CSE-BRAVO-CASE-Q1-2026-00031-03,False,CSE-BRAVO-CASE-Q1-2026-00031-INV-03,False
2026-02-02T23:58:49Z,Root Cause Analysis,ANALYST-012,CSE-BRAVO-CASE-Q1-2026-00031,False,False,,False,CSE-BRAVO-CASE-Q1-2026-00031-INV-04,False
2026-02-03T06:41:25Z,Evidence Examined,ANALYST-002,CSE-BRAVO-CASE-Q1-2026-00031,True,False,EVREF-CSE-BRAVO-CASE-Q1-2026-00031-05,False,CSE-BRAVO-CASE-Q1-2026-00031-INV-05,False
2026-02-03T13:24:01Z,Finding Documented,ANALYST-018,CSE-BRAVO-CASE-Q1-2026-00031,False,False,EVREF-CSE-BRAVO-CASE-Q1-2026-00031-06,True,CSE-BRAVO-CASE-Q1-2026-00031-INV-06,False
2026-02-03T20:06:37Z,Alert Reviewed,ANALYST-018,CSE-BRAVO-CASE-Q1-2026-00031,False,True,EVREF-CSE-BRAVO-CASE-Q1-2026-00031-07,True,CSE-BRAVO-CASE-Q1-2026-00031-INV-07,False
2026-02-04T02:49:13Z,Disposition Documented,ANALYST-017,CSE-BRAVO-CASE-Q1-2026-00031,True,False,EVREF-CSE-BRAVO-CASE-Q1-2026-00031-08,False,CSE-BRAVO-CASE-Q1-2026-00031-INV-08,False
2026-03-05T19:24:40Z,Containment Action Taken,ANALYST-012,CSE-BRAVO-CASE-Q1-2026-00032,False,False,EVREF-CSE-BRAVO-CASE-Q1-2026-00032-01,True,CSE-BRAVO-CASE-Q1-2026-00032-INV-01,False
2026-03-06T01:30:38Z,Root Cause Analysis,ANALYST-008,CSE-BRAVO-CASE-Q1-2026-00032,False,False,EVREF-CSE-BRAVO-CASE-Q1-2026-00032-02,True,CSE-BRAVO-CASE-Q1-2026-00032-INV-02,False
2026-03-06T07:36:36Z,Remediation Recorded,ANALYST-002,CSE-BRAVO-CASE-Q1-2026-00032,False,False,,True,CSE-BRAVO-CASE-Q1-2026-00032-INV-03,False
2026-03-06T13:42:34Z,Escalation Decision Documented,ANALYST-003,CSE-BRAVO-CASE-Q1-2026-00032,False,True,EVREF-CSE-BRAVO-CASE-Q1-2026-00032-04,False,CSE-BRAVO-CASE-Q1-2026-00032-INV-04,False
2026-03-06T19:48:32Z,Finding Documented,ANALYST-014,CSE-BRAVO-CASE-Q1-2026-00032,False,False,EVREF-CSE-BRAVO-CASE-Q1-2026-00032-05,True,CSE-BRAVO-CASE-Q1-2026-00032-INV-05,False
2026-03-07T01:54:30Z,Log Correlation Performed,ANALYST-013,CSE-BRAVO-CASE-Q1-2026-00032,False,False,,True,CSE-BRAVO-CASE-Q1-2026-00032-INV-06,False
2026-01-18T09:43:09Z,Evidence Examined,ANALYST-009,CSE-BRAVO-CASE-Q1-2026-00033,True,False,,True,CSE-BRAVO-CASE-Q1-2026-00033-INV-01,False
2026-01-18T13:45:43Z,Disposition Documented,ANALYST-002,CSE-BRAVO-CASE-Q1-2026-00033,True,True,EVREF-CSE-BRAVO-CASE-Q1-2026-00033-02,False,CSE-BRAVO-CASE-Q1-2026-00033-INV-02,False
2026-01-18T17:48:17Z,Remediation Recorded,ANALYST-003,CSE-BRAVO-CASE-Q1-2026-00033,False,False,EVREF-CSE-BRAVO-CASE-Q1-2026-00033-03,True,CSE-BRAVO-CASE-Q1-2026-00033-INV-03,True
2026-01-18T21:50:51Z,Alert Reviewed,ANALYST-008,CSE-BRAVO-CASE-Q1-2026-00033,False,False,EVREF-CSE-BRAVO-CASE-Q1-2026-00033-04,False,CSE-BRAVO-CASE-Q1-2026-00033-INV-04,False
2026-01-19T01:53:25Z,Containment Action Taken,ANALYST-009,CSE-BRAVO-CASE-Q1-2026-00033,False,False,EVREF-CSE-BRAVO-CASE-Q1-2026-00033-05,False,CSE-BRAVO-CASE-Q1-2026-00033-INV-05,False
2026-01-19T05:55:59Z,Root Cause Analysis,ANALYST-010,CSE-BRAVO-CASE-Q1-2026-00033,True,True,EVREF-CSE-BRAVO-CASE-Q1-2026-00033-06,True,CSE-BRAVO-CASE-Q1-2026-00033-INV-06,False
2026-03-24T09:11:39Z,Finding Documented,ANALYST-002,CSE-BRAVO-CASE-Q1-2026-00034,True,False,,True,CSE-BRAVO-CASE-Q1-2026-00034-INV-01,False
2026-03-24T12:00:09Z,Alert Reviewed,ANALYST-002,CSE-BRAVO-CASE-Q1-2026-00034,True,False,EVREF-CSE-BRAVO-CASE-Q1-2026-00034-02,False,CSE-BRAVO-CASE-Q1-2026-00034-INV-02,False
2026-03-24T14:48:38Z,Evidence Examined,ANALYST-013,CSE-BRAVO-CASE-Q1-2026-00034,False,True,,True,CSE-BRAVO-CASE-Q1-2026-00034-INV-03,False
2026-03-24T17:37:07Z,Escalation Decision Documented,ANALYST-016,CSE-BRAVO-CASE-Q1-2026-00034,False,True,EVREF-CSE-BRAVO-CASE-Q1-2026-00034-04,False,CSE-BRAVO-CASE-Q1-2026-00034-INV-04,False
2026-03-24T20:25:36Z,Remediation Recorded,ANALYST-008,CSE-BRAVO-CASE-Q1-2026-00034,False,False,EVREF-CSE-BRAVO-CASE-Q1-2026-00034-05,True,CSE-BRAVO-CASE-Q1-2026-00034-INV-05,True
2026-03-24T23:14:05Z,Disposition Documented,ANALYST-018,CSE-BRAVO-CASE-Q1-2026-00034,True,False,EVREF-CSE-BRAVO-CASE-Q1-2026-00034-06,False,CSE-BRAVO-CASE-Q1-2026-00034-INV-06,False
2026-03-25T02:02:35Z,Affected Asset Identified,ANALYST-006,CSE-BRAVO-CASE-Q1-2026-00034,False,False,,False,CSE-BRAVO-CASE-Q1-2026-00034-INV-07,False
2026-03-25T04:51:04Z,Log Correlation Performed,ANALYST-008,CSE-BRAVO-CASE-Q1-2026-00034,False,False,EVREF-CSE-BRAVO-CASE-Q1-2026-00034-08,False,CSE-BRAVO-CASE-Q1-2026-00034-INV-08,False
2026-03-29T11:23:35Z,Remediation Recorded,ANALYST-004,CSE-BRAVO-CASE-Q1-2026-00035,True,True,EVREF-CSE-BRAVO-CASE-Q1-2026-00035-01,True,CSE-BRAVO-CASE-Q1-2026-00035-INV-01,False
2026-03-29T18:43:26Z,Disposition Documented,ANALYST-003,CSE-BRAVO-CASE-Q1-2026-00035,True,False,EVREF-CSE-BRAVO-CASE-Q1-2026-00035-02,True,CSE-BRAVO-CASE-Q1-2026-00035-INV-02,False
2026-03-30T02:03:17Z,Log Correlation Performed,ANALYST-015,CSE-BRAVO-CASE-Q1-2026-00035,True,True,EVREF-CSE-BRAVO-CASE-Q1-2026-00035-03,True,CSE-BRAVO-CASE-Q1-2026-00035-INV-03,False
2026-03-30T09:23:08Z,Evidence Examined,ANALYST-017,CSE-BRAVO-CASE-Q1-2026-00035,False,True,,False,CSE-BRAVO-CASE-Q1-2026-00035-INV-04,False
2026-03-30T16:42:59Z,Escalation Decision Documented,ANALYST-002,CSE-BRAVO-CASE-Q1-2026-00035,False,True,EVREF-CSE-BRAVO-CASE-Q1-2026-00035-05,False,CSE-BRAVO-CASE-Q1-2026-00035-INV-05,False
2026-03-31T00:02:50Z,Alert Reviewed,ANALYST-006,CSE-BRAVO-CASE-Q1-2026-00035,False,False,EVREF-CSE-BRAVO-CASE-Q1-2026-00035-06,True,CSE-BRAVO-CASE-Q1-2026-00035-INV-06,False
2026-03-31T07:22:41Z,Finding Documented,ANALYST-002,CSE-BRAVO-CASE-Q1-2026-00035,False,True,EVREF-CSE-BRAVO-CASE-Q1-2026-00035-07,True,CSE-BRAVO-CASE-Q1-2026-00035-INV-07,False
2026-03-31T14:42:32Z,Containment Action Taken,ANALYST-014,CSE-BRAVO-CASE-Q1-2026-00035,True,True,EVREF-CSE-BRAVO-CASE-Q1-2026-00035-08,True,CSE-BRAVO-CASE-Q1-2026-00035-INV-08,False
2026-01-03T22:18:07Z,Disposition Documented,ANALYST-009,CSE-BRAVO-CASE-Q1-2026-00036,True,True,EVREF-CSE-BRAVO-CASE-Q1-2026-00036-01,False,CSE-BRAVO-CASE-Q1-2026-00036-INV-01,False
2026-01-04T07:05:25Z,Alert Reviewed,ANALYST-006,CSE-BRAVO-CASE-Q1-2026-00036,True,False,EVREF-CSE-BRAVO-CASE-Q1-2026-00036-02,False,CSE-BRAVO-CASE-Q1-2026-00036-INV-02,False
2026-01-04T15:52:44Z,Log Correlation Performed,ANALYST-015,CSE-BRAVO-CASE-Q1-2026-00036,True,False,EVREF-CSE-BRAVO-CASE-Q1-2026-00036-03,False,CSE-BRAVO-CASE-Q1-2026-00036-INV-03,False
2026-01-05T00:40:02Z,Escalation Decision Documented,ANALYST-008,CSE-BRAVO-CASE-Q1-2026-00036,True,True,EVREF-CSE-BRAVO-CASE-Q1-2026-00036-04,False,CSE-BRAVO-CASE-Q1-2026-00036-INV-04,False
2026-01-05T09:27:20Z,Root Cause Analysis,ANALYST-016,CSE-BRAVO-CASE-Q1-2026-00036,False,True,EVREF-CSE-BRAVO-CASE-Q1-2026-00036-05,False,CSE-BRAVO-CASE-Q1-2026-00036-INV-05,False
2026-01-05T18:14:38Z,Evidence Examined,ANALYST-004,CSE-BRAVO-CASE-Q1-2026-00036,False,False,EVREF-CSE-BRAVO-CASE-Q1-2026-00036-06,False,CSE-BRAVO-CASE-Q1-2026-00036-INV-06,False
2026-01-06T03:01:56Z,Remediation Recorded,ANALYST-008,CSE-BRAVO-CASE-Q1-2026-00036,False,False,EVREF-CSE-BRAVO-CASE-Q1-2026-00036-07,False,CSE-BRAVO-CASE-Q1-2026-00036-INV-07,True
2026-01-06T11:49:14Z,Containment Action Taken,ANALYST-009,CSE-BRAVO-CASE-Q1-2026-00036,False,False,,True,CSE-BRAVO-CASE-Q1-2026-00036-INV-08,False
2026-03-08T08:40:39Z,Finding Documented,ANALYST-013,CSE-BRAVO-CASE-Q1-2026-00037,False,True,,True,CSE-BRAVO-CASE-Q1-2026-00037-INV-01,False
2026-03-08T17:03:52Z,Evidence Examined,ANALYST-012,CSE-BRAVO-CASE-Q1-2026-00037,True,True,EVREF-CSE-BRAVO-CASE-Q1-2026-00037-02,True,CSE-BRAVO-CASE-Q1-2026-00037-INV-02,False
2026-03-09T01:27:05Z,Root Cause Analysis,ANALYST-011,CSE-BRAVO-CASE-Q1-2026-00037,False,False,EVREF-CSE-BRAVO-CASE-Q1-2026-00037-03,False,CSE-BRAVO-CASE-Q1-2026-00037-INV-03,False
2026-03-09T09:50:18Z,Alert Reviewed,ANALYST-005,CSE-BRAVO-CASE-Q1-2026-00037,False,False,EVREF-CSE-BRAVO-CASE-Q1-2026-00037-04,False,CSE-BRAVO-CASE-Q1-2026-00037-INV-04,False
2026-03-09T18:13:31Z,Escalation Decision Documented,ANALYST-004,CSE-BRAVO-CASE-Q1-2026-00037,True,True,EVREF-CSE-BRAVO-CASE-Q1-2026-00037-05,True,CSE-BRAVO-CASE-Q1-2026-00037-INV-05,False
2026-03-10T02:36:44Z,Log Correlation Performed,ANALYST-002,CSE-BRAVO-CASE-Q1-2026-00037,False,False,EVREF-CSE-BRAVO-CASE-Q1-2026-00037-06,False,CSE-BRAVO-CASE-Q1-2026-00037-INV-06,False
2026-01-30T22:12:36Z,Containment Action Taken,ANALYST-016,CSE-BRAVO-CASE-Q1-2026-00038,False,False,EVREF-CSE-BRAVO-CASE-Q1-2026-00038-01,True,CSE-BRAVO-CASE-Q1-2026-00038-INV-01,False
2026-01-31T07:20:18Z,Alert Reviewed,ANALYST-004,CSE-BRAVO-CASE-Q1-2026-00038,False,False,EVREF-CSE-BRAVO-CASE-Q1-2026-00038-02,False,CSE-BRAVO-CASE-Q1-2026-00038-INV-02,False
2026-01-31T16:28:00Z,Escalation Decision Documented,ANALYST-013,CSE-BRAVO-CASE-Q1-2026-00038,False,True,EVREF-CSE-BRAVO-CASE-Q1-2026-00038-03,False,CSE-BRAVO-CASE-Q1-2026-00038-INV-03,False
2026-02-01T01:35:43Z,Finding Documented,ANALYST-003,CSE-BRAVO-CASE-Q1-2026-00038,False,False,EVREF-CSE-BRAVO-CASE-Q1-2026-00038-04,True,CSE-BRAVO-CASE-Q1-2026-00038-INV-04,False
2026-02-01T10:43:25Z,Evidence Examined,ANALYST-008,CSE-BRAVO-CASE-Q1-2026-00038,False,False,EVREF-CSE-BRAVO-CASE-Q1-2026-00038-05,False,CSE-BRAVO-CASE-Q1-2026-00038-INV-05,False
2026-02-01T19:51:07Z,Log Correlation Performed,ANALYST-001,CSE-BRAVO-CASE-Q1-2026-00038,False,False,EVREF-CSE-BRAVO-CASE-Q1-2026-00038-06,False,CSE-BRAVO-CASE-Q1-2026-00038-INV-06,False
2026-02-02T04:58:49Z,Root Cause Analysis,ANALYST-004,CSE-BRAVO-CASE-Q1-2026-00038,False,False,EVREF-CSE-BRAVO-CASE-Q1-2026-00038-07,False,CSE-BRAVO-CASE-Q1-2026-00038-INV-07,False
2026-01-23T10:16:43Z,Alert Reviewed,ANALYST-004,CSE-BRAVO-CASE-Q1-2026-00039,False,False,EVREF-CSE-BRAVO-CASE-Q1-2026-00039-01,False,CSE-BRAVO-CASE-Q1-2026-00039-INV-01,False
2026-01-23T12:50:25Z,Disposition Documented,ANALYST-014,CSE-BRAVO-CASE-Q1-2026-00039,True,False,EVREF-CSE-BRAVO-CASE-Q1-2026-00039-02,False,CSE-BRAVO-CASE-Q1-2026-00039-INV-02,False
2026-01-23T15:24:07Z,Finding Documented,ANALYST-004,CSE-BRAVO-CASE-Q1-2026-00039,False,True,EVREF-CSE-BRAVO-CASE-Q1-2026-00039-03,True,CSE-BRAVO-CASE-Q1-2026-00039-INV-03,False
2026-01-23T17:57:49Z,Affected Asset Identified,ANALYST-009,CSE-BRAVO-CASE-Q1-2026-00039,False,True,EVREF-CSE-BRAVO-CASE-Q1-2026-00039-04,True,CSE-BRAVO-CASE-Q1-2026-00039-INV-04,False
2026-01-23T20:31:31Z,Evidence Examined,ANALYST-007,CSE-BRAVO-CASE-Q1-2026-00039,False,False,,False,CSE-BRAVO-CASE-Q1-2026-00039-INV-05,False
2026-01-23T23:05:13Z,Containment Action Taken,ANALYST-010,CSE-BRAVO-CASE-Q1-2026-00039,True,False,EVREF-CSE-BRAVO-CASE-Q1-2026-00039-06,True,CSE-BRAVO-CASE-Q1-2026-00039-INV-06,False
2026-01-24T01:38:54Z,Log Correlation Performed,ANALYST-002,CSE-BRAVO-CASE-Q1-2026-00039,False,False,EVREF-CSE-BRAVO-CASE-Q1-2026-00039-07,True,CSE-BRAVO-CASE-Q1-2026-00039-INV-07,False
2026-01-24T04:12:36Z,Root Cause Analysis,ANALYST-011,CSE-BRAVO-CASE-Q1-2026-00039,True,False,EVREF-CSE-BRAVO-CASE-Q1-2026-00039-08,False,CSE-BRAVO-CASE-Q1-2026-00039-INV-08,False
2026-01-24T13:27:25Z,Remediation Recorded,ANALYST-006,CSE-BRAVO-CASE-Q1-2026-00040,True,True,EVREF-CSE-BRAVO-CASE-Q1-2026-00040-01,True,CSE-BRAVO-CASE-Q1-2026-00040-INV-01,True
2026-01-24T19:04:53Z,Disposition Documented,ANALYST-003,CSE-BRAVO-CASE-Q1-2026-00040,True,False,EVREF-CSE-BRAVO-CASE-Q1-2026-00040-02,False,CSE-BRAVO-CASE-Q1-2026-00040-INV-02,False
2026-01-25T00:42:21Z,Alert Reviewed,ANALYST-003,CSE-BRAVO-CASE-Q1-2026-00040,False,False,EVREF-CSE-BRAVO-CASE-Q1-2026-00040-03,False,CSE-BRAVO-CASE-Q1-2026-00040-INV-03,False
2026-01-25T06:19:49Z,Escalation Decision Documented,ANALYST-014,CSE-BRAVO-CASE-Q1-2026-00040,True,True,,False,CSE-BRAVO-CASE-Q1-2026-00040-INV-04,False
2026-01-25T11:57:17Z,Evidence Examined,ANALYST-012,CSE-BRAVO-CASE-Q1-2026-00040,False,False,EVREF-CSE-BRAVO-CASE-Q1-2026-00040-05,True,CSE-BRAVO-CASE-Q1-2026-00040-INV-05,False
2026-01-25T17:34:45Z,Finding Documented,ANALYST-005,CSE-BRAVO-CASE-Q1-2026-00040,False,True,EVREF-CSE-BRAVO-CASE-Q1-2026-00040-06,True,CSE-BRAVO-CASE-Q1-2026-00040-INV-06,False
2026-01-25T23:12:13Z,Affected Asset Identified,ANALYST-003,CSE-BRAVO-CASE-Q1-2026-00040,False,False,EVREF-CSE-BRAVO-CASE-Q1-2026-00040-07,True,CSE-BRAVO-CASE-Q1-2026-00040-INV-07,False
2026-01-26T04:49:41Z,Log Correlation Performed,ANALYST-018,CSE-BRAVO-CASE-Q1-2026-00040,True,False,EVREF-CSE-BRAVO-CASE-Q1-2026-00040-08,False,CSE-BRAVO-CASE-Q1-2026-00040-INV-08,False
2026-03-25T15:56:07Z,Log Correlation Performed,ANALYST-008,CSE-BRAVO-CASE-Q1-2026-00041,True,False,EVREF-CSE-BRAVO-CASE-Q1-2026-00041-01,False,CSE-BRAVO-CASE-Q1-2026-00041-INV-01,False
2026-03-26T00:26:38Z,Evidence Examined,ANALYST-008,CSE-BRAVO-CASE-Q1-2026-00041,False,False,EVREF-CSE-BRAVO-CASE-Q1-2026-00041-02,True,CSE-BRAVO-CASE-Q1-2026-00041-INV-02,False
2026-03-26T08:57:10Z,Alert Reviewed,ANALYST-014,CSE-BRAVO-CASE-Q1-2026-00041,False,False,EVREF-CSE-BRAVO-CASE-Q1-2026-00041-03,True,CSE-BRAVO-CASE-Q1-2026-00041-INV-03,False
2026-03-26T17:27:42Z,Root Cause Analysis,ANALYST-009,CSE-BRAVO-CASE-Q1-2026-00041,True,False,,True,CSE-BRAVO-CASE-Q1-2026-00041-INV-04,False
2026-03-27T01:58:14Z,Escalation Decision Documented,ANALYST-015,CSE-BRAVO-CASE-Q1-2026-00041,False,True,EVREF-CSE-BRAVO-CASE-Q1-2026-00041-05,True,CSE-BRAVO-CASE-Q1-2026-00041-INV-05,False
2026-03-27T10:28:46Z,Finding Documented,ANALYST-018,CSE-BRAVO-CASE-Q1-2026-00041,False,False,EVREF-CSE-BRAVO-CASE-Q1-2026-00041-06,True,CSE-BRAVO-CASE-Q1-2026-00041-INV-06,False
2026-03-04T07:14:00Z,Escalation Decision Documented,ANALYST-002,CSE-BRAVO-CASE-Q1-2026-00042,False,True,EVREF-CSE-BRAVO-CASE-Q1-2026-00042-01,False,CSE-BRAVO-CASE-Q1-2026-00042-INV-01,False
2026-03-04T10:32:04Z,Root Cause Analysis,ANALYST-016,CSE-BRAVO-CASE-Q1-2026-00042,False,False,,True,CSE-BRAVO-CASE-Q1-2026-00042-INV-02,False
2026-03-04T13:50:07Z,Containment Action Taken,ANALYST-001,CSE-BRAVO-CASE-Q1-2026-00042,True,False,EVREF-CSE-BRAVO-CASE-Q1-2026-00042-03,False,CSE-BRAVO-CASE-Q1-2026-00042-INV-03,False
2026-03-04T17:08:11Z,Finding Documented,ANALYST-012,CSE-BRAVO-CASE-Q1-2026-00042,True,False,EVREF-CSE-BRAVO-CASE-Q1-2026-00042-04,True,CSE-BRAVO-CASE-Q1-2026-00042-INV-04,False
2026-03-04T20:26:14Z,Disposition Documented,ANALYST-010,CSE-BRAVO-CASE-Q1-2026-00042,True,False,,False,CSE-BRAVO-CASE-Q1-2026-00042-INV-05,False
2026-03-04T23:44:18Z,Affected Asset Identified,ANALYST-006,CSE-BRAVO-CASE-Q1-2026-00042,False,False,EVREF-CSE-BRAVO-CASE-Q1-2026-00042-06,True,CSE-BRAVO-CASE-Q1-2026-00042-INV-06,False
2026-03-05T03:02:21Z,Evidence Examined,ANALYST-004,CSE-BRAVO-CASE-Q1-2026-00042,True,True,EVREF-CSE-BRAVO-CASE-Q1-2026-00042-07,False,CSE-BRAVO-CASE-Q1-2026-00042-INV-07,False
2026-03-18T13:16:28Z,Finding Documented,ANALYST-002,CSE-BRAVO-CASE-Q1-2026-00043,True,False,,True,CSE-BRAVO-CASE-Q1-2026-00043-INV-01,False
2026-03-18T20:01:09Z,Containment Action Taken,ANALYST-013,CSE-BRAVO-CASE-Q1-2026-00043,True,False,EVREF-CSE-BRAVO-CASE-Q1-2026-00043-02,False,CSE-BRAVO-CASE-Q1-2026-00043-INV-02,False
2026-03-19T02:45:50Z,Disposition Documented,ANALYST-003,CSE-BRAVO-CASE-Q1-2026-00043,True,False,,False,CSE-BRAVO-CASE-Q1-2026-00043-INV-03,False
2026-03-19T09:30:30Z,Alert Reviewed,ANALYST-011,CSE-BRAVO-CASE-Q1-2026-00043,False,False,,True,CSE-BRAVO-CASE-Q1-2026-00043-INV-04,False
2026-03-19T16:15:11Z,Evidence Examined,ANALYST-002,CSE-BRAVO-CASE-Q1-2026-00043,False,False,EVREF-CSE-BRAVO-CASE-Q1-2026-00043-05,False,CSE-BRAVO-CASE-Q1-2026-00043-INV-05,False
2026-03-19T22:59:52Z,Affected Asset Identified,ANALYST-007,CSE-BRAVO-CASE-Q1-2026-00043,True,True,EVREF-CSE-BRAVO-CASE-Q1-2026-00043-06,False,CSE-BRAVO-CASE-Q1-2026-00043-INV-06,False
2026-03-20T05:44:33Z,Root Cause Analysis,ANALYST-004,CSE-BRAVO-CASE-Q1-2026-00043,False,False,EVREF-CSE-BRAVO-CASE-Q1-2026-00043-07,True,CSE-BRAVO-CASE-Q1-2026-00043-INV-07,False
2026-03-20T12:29:14Z,Remediation Recorded,ANALYST-016,CSE-BRAVO-CASE-Q1-2026-00043,False,False,EVREF-CSE-BRAVO-CASE-Q1-2026-00043-08,True,CSE-BRAVO-CASE-Q1-2026-00043-INV-08,True
2026-01-14T05:21:23Z,Evidence Examined,ANALYST-007,CSE-BRAVO-CASE-Q1-2026-00044,False,True,,False,CSE-BRAVO-CASE-Q1-2026-00044-INV-01,False
2026-01-14T09:07:31Z,Finding Documented,ANALYST-012,CSE-BRAVO-CASE-Q1-2026-00044,True,False,EVREF-CSE-BRAVO-CASE-Q1-2026-00044-02,True,CSE-BRAVO-CASE-Q1-2026-00044-INV-02,False
2026-01-14T12:53:39Z,Alert Reviewed,ANALYST-002,CSE-BRAVO-CASE-Q1-2026-00044,False,False,EVREF-CSE-BRAVO-CASE-Q1-2026-00044-03,True,CSE-BRAVO-CASE-Q1-2026-00044-INV-03,False
2026-01-14T16:39:47Z,Log Correlation Performed,ANALYST-014,CSE-BRAVO-CASE-Q1-2026-00044,False,False,EVREF-CSE-BRAVO-CASE-Q1-2026-00044-04,False,CSE-BRAVO-CASE-Q1-2026-00044-INV-04,False
2026-01-14T20:25:55Z,Containment Action Taken,ANALYST-003,CSE-BRAVO-CASE-Q1-2026-00044,False,False,,True,CSE-BRAVO-CASE-Q1-2026-00044-INV-05,False
2026-01-15T00:12:04Z,Remediation Recorded,ANALYST-014,CSE-BRAVO-CASE-Q1-2026-00044,False,False,,False,CSE-BRAVO-CASE-Q1-2026-00044-INV-06,True
2026-03-28T22:41:42Z,Affected Asset Identified,ANALYST-016,CSE-BRAVO-CASE-Q1-2026-00045,True,True,,True,CSE-BRAVO-CASE-Q1-2026-00045-INV-01,False
2026-03-29T05:24:54Z,Containment Action Taken,ANALYST-012,CSE-BRAVO-CASE-Q1-2026-00045,False,False,EVREF-CSE-BRAVO-CASE-Q1-2026-00045-02,False,CSE-BRAVO-CASE-Q1-2026-00045-INV-02,False
2026-03-29T12:08:05Z,Disposition Documented,ANALYST-002,CSE-BRAVO-CASE-Q1-2026-00045,True,False,EVREF-CSE-BRAVO-CASE-Q1-2026-00045-03,True,CSE-BRAVO-CASE-Q1-2026-00045-INV-03,False
2026-03-29T18:51:16Z,Evidence Examined,ANALYST-017,CSE-BRAVO-CASE-Q1-2026-00045,True,True,EVREF-CSE-BRAVO-CASE-Q1-2026-00045-04,True,CSE-BRAVO-CASE-Q1-2026-00045-INV-04,False
2026-03-30T01:34:27Z,Log Correlation Performed,ANALYST-008,CSE-BRAVO-CASE-Q1-2026-00045,True,True,,False,CSE-BRAVO-CASE-Q1-2026-00045-INV-05,False
2026-03-30T08:17:39Z,Alert Reviewed,ANALYST-013,CSE-BRAVO-CASE-Q1-2026-00045,False,False,EVREF-CSE-BRAVO-CASE-Q1-2026-00045-06,False,CSE-BRAVO-CASE-Q1-2026-00045-INV-06,False
2026-03-30T15:00:50Z,Remediation Recorded,ANALYST-005,CSE-BRAVO-CASE-Q1-2026-00045,True,False,EVREF-CSE-BRAVO-CASE-Q1-2026-00045-07,False,CSE-BRAVO-CASE-Q1-2026-00045-INV-07,True
2026-03-30T21:44:01Z,Escalation Decision Documented,ANALYST-013,CSE-BRAVO-CASE-Q1-2026-00045,False,True,,True,CSE-BRAVO-CASE-Q1-2026-00045-INV-08,False
2026-03-24T13:55:07Z,Evidence Examined,ANALYST-014,CSE-BRAVO-CASE-Q1-2026-00046,True,False,EVREF-CSE-BRAVO-CASE-Q1-2026-00046-01,False,CSE-BRAVO-CASE-Q1-2026-00046-INV-01,False
2026-03-24T17:36:24Z,Root Cause Analysis,ANALYST-018,CSE-BRAVO-CASE-Q1-2026-00046,False,False,EVREF-CSE-BRAVO-CASE-Q1-2026-00046-02,False,CSE-BRAVO-CASE-Q1-2026-00046-INV-02,False
2026-03-24T21:17:41Z,Affected Asset Identified,ANALYST-008,CSE-BRAVO-CASE-Q1-2026-00046,False,True,EVREF-CSE-BRAVO-CASE-Q1-2026-00046-03,True,CSE-BRAVO-CASE-Q1-2026-00046-INV-03,False
2026-03-25T00:58:58Z,Escalation Decision Documented,ANALYST-003,CSE-BRAVO-CASE-Q1-2026-00046,False,True,EVREF-CSE-BRAVO-CASE-Q1-2026-00046-04,False,CSE-BRAVO-CASE-Q1-2026-00046-INV-04,False
2026-03-25T04:40:14Z,Containment Action Taken,ANALYST-009,CSE-BRAVO-CASE-Q1-2026-00046,False,False,EVREF-CSE-BRAVO-CASE-Q1-2026-00046-05,False,CSE-BRAVO-CASE-Q1-2026-00046-INV-05,False
2026-03-25T08:21:31Z,Disposition Documented,ANALYST-010,CSE-BRAVO-CASE-Q1-2026-00046,True,True,EVREF-CSE-BRAVO-CASE-Q1-2026-00046-06,False,CSE-BRAVO-CASE-Q1-2026-00046-INV-06,False
2026-03-25T12:02:48Z,Remediation Recorded,ANALYST-004,CSE-BRAVO-CASE-Q1-2026-00046,False,False,EVREF-CSE-BRAVO-CASE-Q1-2026-00046-07,True,CSE-BRAVO-CASE-Q1-2026-00046-INV-07,True
2026-03-25T15:44:05Z,Finding Documented,ANALYST-009,CSE-BRAVO-CASE-Q1-2026-00046,True,False,EVREF-CSE-BRAVO-CASE-Q1-2026-00046-08,True,CSE-BRAVO-CASE-Q1-2026-00046-INV-08,False
2026-02-01T02:50:14Z,Remediation Recorded,ANALYST-016,CSE-BRAVO-CASE-Q1-2026-00047,True,True,EVREF-CSE-BRAVO-CASE-Q1-2026-00047-01,True,CSE-BRAVO-CASE-Q1-2026-00047-INV-01,False
2026-02-01T09:32:22Z,Containment Action Taken,ANALYST-009,CSE-BRAVO-CASE-Q1-2026-00047,True,True,,False,CSE-BRAVO-CASE-Q1-2026-00047-INV-02,False
2026-02-01T16:14:29Z,Affected Asset Identified,ANALYST-011,CSE-BRAVO-CASE-Q1-2026-00047,False,False,EVREF-CSE-BRAVO-CASE-Q1-2026-00047-03,False,CSE-BRAVO-CASE-Q1-2026-00047-INV-03,False
2026-02-01T22:56:37Z,Escalation Decision Documented,ANALYST-002,CSE-BRAVO-CASE-Q1-2026-00047,True,True,EVREF-CSE-BRAVO-CASE-Q1-2026-00047-04,True,CSE-BRAVO-CASE-Q1-2026-00047-INV-04,False
2026-02-02T05:38:44Z,Log Correlation Performed,ANALYST-017,CSE-BRAVO-CASE-Q1-2026-00047,True,True,EVREF-CSE-BRAVO-CASE-Q1-2026-00047-05,False,CSE-BRAVO-CASE-Q1-2026-00047-INV-05,False
2026-02-02T12:20:52Z,Root Cause Analysis,ANALYST-004,CSE-BRAVO-CASE-Q1-2026-00047,False,False,EVREF-CSE-BRAVO-CASE-Q1-2026-00047-06,True,CSE-BRAVO-CASE-Q1-2026-00047-INV-06,False
2026-03-22T02:24:09Z,Evidence Examined,ANALYST-011,CSE-BRAVO-CASE-Q1-2026-00048,True,False,EVREF-CSE-BRAVO-CASE-Q1-2026-00048-01,False,CSE-BRAVO-CASE-Q1-2026-00048-INV-01,False
2026-03-22T08:27:29Z,Finding Documented,ANALYST-011,CSE-BRAVO-CASE-Q1-2026-00048,False,False,EVREF-CSE-BRAVO-CASE-Q1-2026-00048-02,True,CSE-BRAVO-CASE-Q1-2026-00048-INV-02,False
2026-03-22T14:30:48Z,Containment Action Taken,ANALYST-007,CSE-BRAVO-CASE-Q1-2026-00048,False,False,EVREF-CSE-BRAVO-CASE-Q1-2026-00048-03,False,CSE-BRAVO-CASE-Q1-2026-00048-INV-03,False
2026-03-22T20:34:08Z,Affected Asset Identified,ANALYST-008,CSE-BRAVO-CASE-Q1-2026-00048,False,False,EVREF-CSE-BRAVO-CASE-Q1-2026-00048-04,False,CSE-BRAVO-CASE-Q1-2026-00048-INV-04,False
2026-03-23T02:37:28Z,Root Cause Analysis,ANALYST-018,CSE-BRAVO-CASE-Q1-2026-00048,True,True,EVREF-CSE-BRAVO-CASE-Q1-2026-00048-05,False,CSE-BRAVO-CASE-Q1-2026-00048-INV-05,False
2026-03-23T08:40:48Z,Escalation Decision Documented,ANALYST-012,CSE-BRAVO-CASE-Q1-2026-00048,False,True,EVREF-CSE-BRAVO-CASE-Q1-2026-00048-06,False,CSE-BRAVO-CASE-Q1-2026-00048-INV-06,False
2026-03-23T14:44:08Z,Disposition Documented,ANALYST-011,CSE-BRAVO-CASE-Q1-2026-00048,True,True,,True,CSE-BRAVO-CASE-Q1-2026-00048-INV-07,False
2026-02-12T18:15:48Z,Log Correlation Performed,ANALYST-017,CSE-BRAVO-CASE-Q1-2026-00049,False,False,EVREF-CSE-BRAVO-CASE-Q1-2026-00049-01,True,CSE-BRAVO-CASE-Q1-2026-00049-INV-01,False
2026-02-13T03:42:33Z,Remediation Recorded,ANALYST-016,CSE-BRAVO-CASE-Q1-2026-00049,False,False,,True,CSE-BRAVO-CASE-Q1-2026-00049-INV-02,False
2026-02-13T13:09:19Z,Evidence Examined,ANALYST-009,CSE-BRAVO-CASE-Q1-2026-00049,False,False,,False,CSE-BRAVO-CASE-Q1-2026-00049-INV-03,False
2026-02-13T22:36:05Z,Affected Asset Identified,ANALYST-004,CSE-BRAVO-CASE-Q1-2026-00049,False,False,,False,CSE-BRAVO-CASE-Q1-2026-00049-INV-04,False
2026-02-14T08:02:50Z,Finding Documented,ANALYST-018,CSE-BRAVO-CASE-Q1-2026-00049,True,False,EVREF-CSE-BRAVO-CASE-Q1-2026-00049-05,True,CSE-BRAVO-CASE-Q1-2026-00049-INV-05,False
2026-02-14T17:29:36Z,Disposition Documented,ANALYST-002,CSE-BRAVO-CASE-Q1-2026-00049,True,False,EVREF-CSE-BRAVO-CASE-Q1-2026-00049-06,True,CSE-BRAVO-CASE-Q1-2026-00049-INV-06,False
2026-03-07T07:12:49Z,Finding Documented,ANALYST-017,CSE-BRAVO-CASE-Q1-2026-00050,False,False,EVREF-CSE-BRAVO-CASE-Q1-2026-00050-01,True,CSE-BRAVO-CASE-Q1-2026-00050-INV-01,False
2026-03-07T11:02:00Z,Evidence Examined,ANALYST-018,CSE-BRAVO-CASE-Q1-2026-00050,False,False,EVREF-CSE-BRAVO-CASE-Q1-2026-00050-02,False,CSE-BRAVO-CASE-Q1-2026-00050-INV-02,False
2026-03-07T14:51:10Z,Remediation Recorded,ANALYST-001,CSE-BRAVO-CASE-Q1-2026-00050,False,False,EVREF-CSE-BRAVO-CASE-Q1-2026-00050-03,True,CSE-BRAVO-CASE-Q1-2026-00050-INV-03,True
2026-03-07T18:40:21Z,Log Correlation Performed,ANALYST-013,CSE-BRAVO-CASE-Q1-2026-00050,True,False,EVREF-CSE-BRAVO-CASE-Q1-2026-00050-04,True,CSE-BRAVO-CASE-Q1-2026-00050-INV-04,False
2026-03-07T22:29:31Z,Disposition Documented,ANALYST-004,CSE-BRAVO-CASE-Q1-2026-00050,True,True,EVREF-CSE-BRAVO-CASE-Q1-2026-00050-05,False,CSE-BRAVO-CASE-Q1-2026-00050-INV-05,False
2026-03-08T02:18:42Z,Escalation Decision Documented,ANALYST-001,CSE-BRAVO-CASE-Q1-2026-00050,False,True,EVREF-CSE-BRAVO-CASE-Q1-2026-00050-06,True,CSE-BRAVO-CASE-Q1-2026-00050-INV-06,False
2026-03-08T06:07:52Z,Alert Reviewed,ANALYST-010,CSE-BRAVO-CASE-Q1-2026-00050,False,False,EVREF-CSE-BRAVO-CASE-Q1-2026-00050-07,False,CSE-BRAVO-CASE-Q1-2026-00050-INV-07,False
2026-03-08T09:57:03Z,Root Cause Analysis,ANALYST-014,CSE-BRAVO-CASE-Q1-2026-00050,False,True,EVREF-CSE-BRAVO-CASE-Q1-2026-00050-08,False,CSE-BRAVO-CASE-Q1-2026-00050-INV-08,False
2026-03-31T22:19:11Z,Disposition Documented,ANALYST-015,CSE-BRAVO-CASE-Q1-2026-00051,True,True,EVREF-CSE-BRAVO-CASE-Q1-2026-00051-01,False,CSE-BRAVO-CASE-Q1-2026-00051-INV-01,False
2026-03-31T22:26:52Z,Escalation Decision Documented,ANALYST-007,CSE-BRAVO-CASE-Q1-2026-00051,True,True,,False,CSE-BRAVO-CASE-Q1-2026-00051-INV-02,False
2026-03-31T22:34:33Z,Evidence Examined,ANALYST-009,CSE-BRAVO-CASE-Q1-2026-00051,False,False,EVREF-CSE-BRAVO-CASE-Q1-2026-00051-03,True,CSE-BRAVO-CASE-Q1-2026-00051-INV-03,False
2026-03-31T22:42:14Z,Finding Documented,ANALYST-018,CSE-BRAVO-CASE-Q1-2026-00051,True,False,,True,CSE-BRAVO-CASE-Q1-2026-00051-INV-04,False
2026-03-31T22:49:55Z,Alert Reviewed,ANALYST-009,CSE-BRAVO-CASE-Q1-2026-00051,False,False,EVREF-CSE-BRAVO-CASE-Q1-2026-00051-05,False,CSE-BRAVO-CASE-Q1-2026-00051-INV-05,False
2026-03-31T22:57:36Z,Root Cause Analysis,ANALYST-001,CSE-BRAVO-CASE-Q1-2026-00051,False,False,EVREF-CSE-BRAVO-CASE-Q1-2026-00051-06,True,CSE-BRAVO-CASE-Q1-2026-00051-INV-06,False
2026-03-31T23:05:17Z,Affected Asset Identified,ANALYST-007,CSE-BRAVO-CASE-Q1-2026-00051,True,True,EVREF-CSE-BRAVO-CASE-Q1-2026-00051-07,False,CSE-BRAVO-CASE-Q1-2026-00051-INV-07,False
2026-03-13T00:36:16Z,Containment Action Taken,ANALYST-009,CSE-BRAVO-CASE-Q1-2026-00052,False,False,EVREF-CSE-BRAVO-CASE-Q1-2026-00052-01,False,CSE-BRAVO-CASE-Q1-2026-00052-INV-01,False
2026-03-13T06:35:28Z,Escalation Decision Documented,ANALYST-009,CSE-BRAVO-CASE-Q1-2026-00052,True,True,,True,CSE-BRAVO-CASE-Q1-2026-00052-INV-02,False
2026-03-13T12:34:41Z,Remediation Recorded,ANALYST-018,CSE-BRAVO-CASE-Q1-2026-00052,True,False,,False,CSE-BRAVO-CASE-Q1-2026-00052-INV-03,False
2026-03-13T18:33:54Z,Affected Asset Identified,ANALYST-011,CSE-BRAVO-CASE-Q1-2026-00052,False,False,EVREF-CSE-BRAVO-CASE-Q1-2026-00052-04,False,CSE-BRAVO-CASE-Q1-2026-00052-INV-04,False
2026-03-14T00:33:07Z,Alert Reviewed,ANALYST-007,CSE-BRAVO-CASE-Q1-2026-00052,False,True,EVREF-CSE-BRAVO-CASE-Q1-2026-00052-05,True,CSE-BRAVO-CASE-Q1-2026-00052-INV-05,False
2026-03-14T06:32:20Z,Root Cause Analysis,ANALYST-002,CSE-BRAVO-CASE-Q1-2026-00052,True,False,EVREF-CSE-BRAVO-CASE-Q1-2026-00052-06,True,CSE-BRAVO-CASE-Q1-2026-00052-INV-06,False
2026-03-14T12:31:32Z,Evidence Examined,ANALYST-013,CSE-BRAVO-CASE-Q1-2026-00052,True,False,,False,CSE-BRAVO-CASE-Q1-2026-00052-INV-07,False
2026-03-10T04:26:18Z,Remediation Recorded,ANALYST-003,CSE-BRAVO-CASE-Q1-2026-00053,True,False,EVREF-CSE-BRAVO-CASE-Q1-2026-00053-01,True,CSE-BRAVO-CASE-Q1-2026-00053-INV-01,False
2026-03-10T07:24:34Z,Evidence Examined,ANALYST-014,CSE-BRAVO-CASE-Q1-2026-00053,True,True,,False,CSE-BRAVO-CASE-Q1-2026-00053-INV-02,False
2026-03-10T10:22:50Z,Alert Reviewed,ANALYST-005,CSE-BRAVO-CASE-Q1-2026-00053,False,False,EVREF-CSE-BRAVO-CASE-Q1-2026-00053-03,False,CSE-BRAVO-CASE-Q1-2026-00053-INV-03,False
2026-03-10T13:21:07Z,Affected Asset Identified,ANALYST-012,CSE-BRAVO-CASE-Q1-2026-00053,True,False,EVREF-CSE-BRAVO-CASE-Q1-2026-00053-04,False,CSE-BRAVO-CASE-Q1-2026-00053-INV-04,False
2026-03-10T16:19:23Z,Disposition Documented,ANALYST-008,CSE-BRAVO-CASE-Q1-2026-00053,True,True,EVREF-CSE-BRAVO-CASE-Q1-2026-00053-05,False,CSE-BRAVO-CASE-Q1-2026-00053-INV-05,False
2026-03-10T19:17:39Z,Finding Documented,ANALYST-007,CSE-BRAVO-CASE-Q1-2026-00053,True,True,EVREF-CSE-BRAVO-CASE-Q1-2026-00053-06,True,CSE-BRAVO-CASE-Q1-2026-00053-INV-06,False
2026-03-10T22:15:56Z,Log Correlation Performed,ANALYST-007,CSE-BRAVO-CASE-Q1-2026-00053,False,True,EVREF-CSE-BRAVO-CASE-Q1-2026-00053-07,False,CSE-BRAVO-CASE-Q1-2026-00053-INV-07,False
2026-03-29T02:48:02Z,Escalation Decision Documented,ANALYST-003,CSE-BRAVO-CASE-Q1-2026-00054,False,True,,True,CSE-BRAVO-CASE-Q1-2026-00054-INV-01,False
2026-03-29T09:11:41Z,Alert Reviewed,ANALYST-014,CSE-BRAVO-CASE-Q1-2026-00054,False,False,,False,CSE-BRAVO-CASE-Q1-2026-00054-INV-02,False
2026-03-29T15:35:21Z,Affected Asset Identified,ANALYST-009,CSE-BRAVO-CASE-Q1-2026-00054,True,False,EVREF-CSE-BRAVO-CASE-Q1-2026-00054-03,False,CSE-BRAVO-CASE-Q1-2026-00054-INV-03,False
2026-03-29T21:59:00Z,Finding Documented,ANALYST-016,CSE-BRAVO-CASE-Q1-2026-00054,False,False,,True,CSE-BRAVO-CASE-Q1-2026-00054-INV-04,False
2026-03-30T04:22:40Z,Log Correlation Performed,ANALYST-010,CSE-BRAVO-CASE-Q1-2026-00054,False,True,EVREF-CSE-BRAVO-CASE-Q1-2026-00054-05,True,CSE-BRAVO-CASE-Q1-2026-00054-INV-05,False
2026-03-30T10:46:19Z,Containment Action Taken,ANALYST-015,CSE-BRAVO-CASE-Q1-2026-00054,False,True,EVREF-CSE-BRAVO-CASE-Q1-2026-00054-06,True,CSE-BRAVO-CASE-Q1-2026-00054-INV-06,False
2026-03-30T17:09:59Z,Evidence Examined,ANALYST-011,CSE-BRAVO-CASE-Q1-2026-00054,False,False,EVREF-CSE-BRAVO-CASE-Q1-2026-00054-07,False,CSE-BRAVO-CASE-Q1-2026-00054-INV-07,False
2026-03-30T23:33:38Z,Disposition Documented,ANALYST-006,CSE-BRAVO-CASE-Q1-2026-00054,True,False,EVREF-CSE-BRAVO-CASE-Q1-2026-00054-08,False,CSE-BRAVO-CASE-Q1-2026-00054-INV-08,False
2026-01-08T10:17:14Z,Disposition Documented,ANALYST-011,CSE-BRAVO-CASE-Q1-2026-00055,True,False,EVREF-CSE-BRAVO-CASE-Q1-2026-00055-01,False,CSE-BRAVO-CASE-Q1-2026-00055-INV-01,False
2026-01-08T15:53:02Z,Containment Action Taken,ANALYST-002,CSE-BRAVO-CASE-Q1-2026-00055,False,False,EVREF-CSE-BRAVO-CASE-Q1-2026-00055-02,False,CSE-BRAVO-CASE-Q1-2026-00055-INV-02,False
2026-01-08T21:28:50Z,Remediation Recorded,ANALYST-017,CSE-BRAVO-CASE-Q1-2026-00055,True,True,EVREF-CSE-BRAVO-CASE-Q1-2026-00055-03,False,CSE-BRAVO-CASE-Q1-2026-00055-INV-03,True
2026-01-09T03:04:39Z,Alert Reviewed,ANALYST-014,CSE-BRAVO-CASE-Q1-2026-00055,True,False,,False,CSE-BRAVO-CASE-Q1-2026-00055-INV-04,False
2026-01-09T08:40:27Z,Evidence Examined,ANALYST-013,CSE-BRAVO-CASE-Q1-2026-00055,False,False,EVREF-CSE-BRAVO-CASE-Q1-2026-00055-05,False,CSE-BRAVO-CASE-Q1-2026-00055-INV-05,False
2026-01-09T14:16:15Z,Root Cause Analysis,ANALYST-004,CSE-BRAVO-CASE-Q1-2026-00055,False,False,EVREF-CSE-BRAVO-CASE-Q1-2026-00055-06,False,CSE-BRAVO-CASE-Q1-2026-00055-INV-06,False
2026-01-09T19:52:03Z,Log Correlation Performed,ANALYST-010,CSE-BRAVO-CASE-Q1-2026-00055,True,False,,False,CSE-BRAVO-CASE-Q1-2026-00055-INV-07,False
2026-02-26T21:22:44Z,Remediation Recorded,ANALYST-018,CSE-BRAVO-CASE-Q1-2026-00056,False,True,EVREF-CSE-BRAVO-CASE-Q1-2026-00056-01,False,CSE-BRAVO-CASE-Q1-2026-00056-INV-01,True
2026-02-27T00:07:37Z,Alert Reviewed,ANALYST-017,CSE-BRAVO-CASE-Q1-2026-00056,True,True,EVREF-CSE-BRAVO-CASE-Q1-2026-00056-02,False,CSE-BRAVO-CASE-Q1-2026-00056-INV-02,False
2026-02-27T02:52:30Z,Escalation Decision Documented,ANALYST-012,CSE-BRAVO-CASE-Q1-2026-00056,False,True,EVREF-CSE-BRAVO-CASE-Q1-2026-00056-03,True,CSE-BRAVO-CASE-Q1-2026-00056-INV-03,False
2026-02-27T05:37:24Z,Affected Asset Identified,ANALYST-017,CSE-BRAVO-CASE-Q1-2026-00056,False,False,,False,CSE-BRAVO-CASE-Q1-2026-00056-INV-04,False
2026-02-27T08:22:17Z,Containment Action Taken,ANALYST-008,CSE-BRAVO-CASE-Q1-2026-00056,True,False,EVREF-CSE-BRAVO-CASE-Q1-2026-00056-05,False,CSE-BRAVO-CASE-Q1-2026-00056-INV-05,False
2026-02-27T11:07:10Z,Root Cause Analysis,ANALYST-001,CSE-BRAVO-CASE-Q1-2026-00056,True,False,,False,CSE-BRAVO-CASE-Q1-2026-00056-INV-06,False
2026-02-27T13:52:04Z,Evidence Examined,ANALYST-008,CSE-BRAVO-CASE-Q1-2026-00056,True,True,EVREF-CSE-BRAVO-CASE-Q1-2026-00056-07,True,CSE-BRAVO-CASE-Q1-2026-00056-INV-07,False
2026-02-16T22:53:43Z,Containment Action Taken,ANALYST-010,CSE-BRAVO-CASE-Q1-2026-00057,True,False,EVREF-CSE-BRAVO-CASE-Q1-2026-00057-01,False,CSE-BRAVO-CASE-Q1-2026-00057-INV-01,False
2026-02-17T05:28:55Z,Affected Asset Identified,ANALYST-017,CSE-BRAVO-CASE-Q1-2026-00057,False,False,EVREF-CSE-BRAVO-CASE-Q1-2026-00057-02,False,CSE-BRAVO-CASE-Q1-2026-00057-INV-02,False
2026-02-17T12:04:07Z,Disposition Documented,ANALYST-004,CSE-BRAVO-CASE-Q1-2026-00057,True,False,EVREF-CSE-BRAVO-CASE-Q1-2026-00057-03,True,CSE-BRAVO-CASE-Q1-2026-00057-INV-03,False
2026-02-17T18:39:19Z,Log Correlation Performed,ANALYST-002,CSE-BRAVO-CASE-Q1-2026-00057,False,False,EVREF-CSE-BRAVO-CASE-Q1-2026-00057-04,False,CSE-BRAVO-CASE-Q1-2026-00057-INV-04,False
2026-02-18T01:14:31Z,Remediation Recorded,ANALYST-016,CSE-BRAVO-CASE-Q1-2026-00057,True,False,,False,CSE-BRAVO-CASE-Q1-2026-00057-INV-05,True
2026-02-18T07:49:43Z,Root Cause Analysis,ANALYST-009,CSE-BRAVO-CASE-Q1-2026-00057,True,True,EVREF-CSE-BRAVO-CASE-Q1-2026-00057-06,True,CSE-BRAVO-CASE-Q1-2026-00057-INV-06,False
2026-02-18T14:24:55Z,Evidence Examined,ANALYST-009,CSE-BRAVO-CASE-Q1-2026-00057,False,False,EVREF-CSE-BRAVO-CASE-Q1-2026-00057-07,True,CSE-BRAVO-CASE-Q1-2026-00057-INV-07,False
2026-01-15T23:44:52Z,Escalation Decision Documented,ANALYST-003,CSE-BRAVO-CASE-Q1-2026-00058,False,True,EVREF-CSE-BRAVO-CASE-Q1-2026-00058-01,True,CSE-BRAVO-CASE-Q1-2026-00058-INV-01,False
2026-01-16T03:55:54Z,Log Correlation Performed,ANALYST-003,CSE-BRAVO-CASE-Q1-2026-00058,False,True,EVREF-CSE-BRAVO-CASE-Q1-2026-00058-02,False,CSE-BRAVO-CASE-Q1-2026-00058-INV-02,False
2026-01-16T08:06:56Z,Affected Asset Identified,ANALYST-001,CSE-BRAVO-CASE-Q1-2026-00058,False,False,,False,CSE-BRAVO-CASE-Q1-2026-00058-INV-03,False
2026-01-16T12:17:58Z,Disposition Documented,ANALYST-008,CSE-BRAVO-CASE-Q1-2026-00058,True,False,EVREF-CSE-BRAVO-CASE-Q1-2026-00058-04,True,CSE-BRAVO-CASE-Q1-2026-00058-INV-04,False
2026-01-16T16:29:00Z,Evidence Examined,ANALYST-014,CSE-BRAVO-CASE-Q1-2026-00058,False,False,,False,CSE-BRAVO-CASE-Q1-2026-00058-INV-05,False
2026-01-16T20:40:02Z,Root Cause Analysis,ANALYST-014,CSE-BRAVO-CASE-Q1-2026-00058,False,False,EVREF-CSE-BRAVO-CASE-Q1-2026-00058-06,False,CSE-BRAVO-CASE-Q1-2026-00058-INV-06,False
2026-01-17T00:51:03Z,Finding Documented,ANALYST-004,CSE-BRAVO-CASE-Q1-2026-00058,False,True,,True,CSE-BRAVO-CASE-Q1-2026-00058-INV-07,False
2026-03-02T16:28:51Z,Evidence Examined,ANALYST-008,CSE-BRAVO-CASE-Q1-2026-00059,False,False,EVREF-CSE-BRAVO-CASE-Q1-2026-00059-01,False,CSE-BRAVO-CASE-Q1-2026-00059-INV-01,False
2026-03-02T21:51:32Z,Root Cause Analysis,ANALYST-012,CSE-BRAVO-CASE-Q1-2026-00059,False,True,EVREF-CSE-BRAVO-CASE-Q1-2026-00059-02,False,CSE-BRAVO-CASE-Q1-2026-00059-INV-02,False
2026-03-03T03:14:13Z,Remediation Recorded,ANALYST-013,CSE-BRAVO-CASE-Q1-2026-00059,False,True,EVREF-CSE-BRAVO-CASE-Q1-2026-00059-03,True,CSE-BRAVO-CASE-Q1-2026-00059-INV-03,False
2026-03-03T08:36:53Z,Affected Asset Identified,ANALYST-005,CSE-BRAVO-CASE-Q1-2026-00059,False,True,EVREF-CSE-BRAVO-CASE-Q1-2026-00059-04,True,CSE-BRAVO-CASE-Q1-2026-00059-INV-04,False
2026-02-09T08:52:17Z,Escalation Decision Documented,ANALYST-012,CSE-BRAVO-CASE-Q1-2026-00060,False,True,EVREF-CSE-BRAVO-CASE-Q1-2026-00060-01,False,CSE-BRAVO-CASE-Q1-2026-00060-INV-01,False
2026-02-09T11:47:34Z,Alert Reviewed,ANALYST-014,CSE-BRAVO-CASE-Q1-2026-00060,True,True,EVREF-CSE-BRAVO-CASE-Q1-2026-00060-02,False,CSE-BRAVO-CASE-Q1-2026-00060-INV-02,False
2026-02-09T14:42:51Z,Evidence Examined,ANALYST-018,CSE-BRAVO-CASE-Q1-2026-00060,False,False,EVREF-CSE-BRAVO-CASE-Q1-2026-00060-03,False,CSE-BRAVO-CASE-Q1-2026-00060-INV-03,False
2026-02-09T17:38:08Z,Log Correlation Performed,ANALYST-017,CSE-BRAVO-CASE-Q1-2026-00060,False,False,,True,CSE-BRAVO-CASE-Q1-2026-00060-INV-04,False
2026-02-09T20:33:25Z,Root Cause Analysis,ANALYST-002,CSE-BRAVO-CASE-Q1-2026-00060,True,True,EVREF-CSE-BRAVO-CASE-Q1-2026-00060-05,False,CSE-BRAVO-CASE-Q1-2026-00060-INV-05,False
2026-02-09T23:28:43Z,Containment Action Taken,ANALYST-003,CSE-BRAVO-CASE-Q1-2026-00060,False,False,EVREF-CSE-BRAVO-CASE-Q1-2026-00060-06,False,CSE-BRAVO-CASE-Q1-2026-00060-INV-06,False
2026-02-20T19:23:32Z,Containment Action Taken,ANALYST-004,CSE-BRAVO-CASE-Q1-2026-00061,True,False,EVREF-CSE-BRAVO-CASE-Q1-2026-00061-01,False,CSE-BRAVO-CASE-Q1-2026-00061-INV-01,False
2026-02-21T05:46:52Z,Root Cause Analysis,ANALYST-002,CSE-BRAVO-CASE-Q1-2026-00061,False,False,EVREF-CSE-BRAVO-CASE-Q1-2026-00061-02,False,CSE-BRAVO-CASE-Q1-2026-00061-INV-02,False
2026-02-21T16:10:11Z,Alert Reviewed,ANALYST-011,CSE-BRAVO-CASE-Q1-2026-00061,False,True,,False,CSE-BRAVO-CASE-Q1-2026-00061-INV-03,False
2026-02-22T02:33:31Z,Finding Documented,ANALYST-001,CSE-BRAVO-CASE-Q1-2026-00061,False,True,EVREF-CSE-BRAVO-CASE-Q1-2026-00061-04,True,CSE-BRAVO-CASE-Q1-2026-00061-INV-04,False
2026-02-22T12:56:51Z,Log Correlation Performed,ANALYST-009,CSE-BRAVO-CASE-Q1-2026-00061,False,False,EVREF-CSE-BRAVO-CASE-Q1-2026-00061-05,True,CSE-BRAVO-CASE-Q1-2026-00061-INV-05,False
2026-02-22T23:20:10Z,Remediation Recorded,ANALYST-006,CSE-BRAVO-CASE-Q1-2026-00061,False,False,,False,CSE-BRAVO-CASE-Q1-2026-00061-INV-06,True
2026-03-14T00:48:46Z,Containment Action Taken,ANALYST-003,CSE-BRAVO-CASE-Q1-2026-00062,False,True,,False,CSE-BRAVO-CASE-Q1-2026-00062-INV-01,False
2026-03-14T08:05:50Z,Log Correlation Performed,ANALYST-016,CSE-BRAVO-CASE-Q1-2026-00062,False,False,EVREF-CSE-BRAVO-CASE-Q1-2026-00062-02,False,CSE-BRAVO-CASE-Q1-2026-00062-INV-02,False
2026-03-14T15:22:55Z,Finding Documented,ANALYST-006,CSE-BRAVO-CASE-Q1-2026-00062,False,False,,True,CSE-BRAVO-CASE-Q1-2026-00062-INV-03,False
2026-03-14T22:39:59Z,Remediation Recorded,ANALYST-002,CSE-BRAVO-CASE-Q1-2026-00062,False,False,EVREF-CSE-BRAVO-CASE-Q1-2026-00062-04,True,CSE-BRAVO-CASE-Q1-2026-00062-INV-04,False
2026-03-15T05:57:03Z,Affected Asset Identified,ANALYST-002,CSE-BRAVO-CASE-Q1-2026-00062,False,False,EVREF-CSE-BRAVO-CASE-Q1-2026-00062-05,True,CSE-BRAVO-CASE-Q1-2026-00062-INV-05,False
2026-03-15T13:14:08Z,Alert Reviewed,ANALYST-011,CSE-BRAVO-CASE-Q1-2026-00062,True,False,,True,CSE-BRAVO-CASE-Q1-2026-00062-INV-06,False
2026-01-28T17:52:21Z,Root Cause Analysis,ANALYST-002,CSE-BRAVO-CASE-Q1-2026-00063,True,False,EVREF-CSE-BRAVO-CASE-Q1-2026-00063-01,True,CSE-BRAVO-CASE-Q1-2026-00063-INV-01,False
2026-03-25T14:55:24Z,Log Correlation Performed,ANALYST-004,CSE-BRAVO-CASE-Q1-2026-00064,False,False,EVREF-CSE-BRAVO-CASE-Q1-2026-00064-01,False,CSE-BRAVO-CASE-Q1-2026-00064-INV-01,False
2026-03-25T19:23:11Z,Containment Action Taken,ANALYST-012,CSE-BRAVO-CASE-Q1-2026-00064,False,False,EVREF-CSE-BRAVO-CASE-Q1-2026-00064-02,True,CSE-BRAVO-CASE-Q1-2026-00064-INV-02,False
2026-03-25T23:50:58Z,Remediation Recorded,ANALYST-004,CSE-BRAVO-CASE-Q1-2026-00064,False,False,EVREF-CSE-BRAVO-CASE-Q1-2026-00064-03,True,CSE-BRAVO-CASE-Q1-2026-00064-INV-03,True
2026-03-26T04:18:45Z,Affected Asset Identified,ANALYST-007,CSE-BRAVO-CASE-Q1-2026-00064,False,False,EVREF-CSE-BRAVO-CASE-Q1-2026-00064-04,True,CSE-BRAVO-CASE-Q1-2026-00064-INV-04,False
2026-03-26T08:46:33Z,Finding Documented,ANALYST-015,CSE-BRAVO-CASE-Q1-2026-00064,True,False,EVREF-CSE-BRAVO-CASE-Q1-2026-00064-05,True,CSE-BRAVO-CASE-Q1-2026-00064-INV-05,False
2026-03-26T13:14:20Z,Disposition Documented,ANALYST-014,CSE-BRAVO-CASE-Q1-2026-00064,True,False,EVREF-CSE-BRAVO-CASE-Q1-2026-00064-06,False,CSE-BRAVO-CASE-Q1-2026-00064-INV-06,False
2026-03-26T17:42:07Z,Escalation Decision Documented,ANALYST-002,CSE-BRAVO-CASE-Q1-2026-00064,False,True,EVREF-CSE-BRAVO-CASE-Q1-2026-00064-07,False,CSE-BRAVO-CASE-Q1-2026-00064-INV-07,False
2026-03-26T22:09:55Z,Alert Reviewed,ANALYST-015,CSE-BRAVO-CASE-Q1-2026-00064,False,False,EVREF-CSE-BRAVO-CASE-Q1-2026-00064-08,False,CSE-BRAVO-CASE-Q1-2026-00064-INV-08,False
2026-03-09T15:44:40Z,Root Cause Analysis,ANALYST-013,CSE-BRAVO-CASE-Q1-2026-00065,False,False,EVREF-CSE-BRAVO-CASE-Q1-2026-00065-01,False,CSE-BRAVO-CASE-Q1-2026-00065-INV-01,False
2026-03-09T20:41:04Z,Remediation Recorded,ANALYST-005,CSE-BRAVO-CASE-Q1-2026-00065,False,False,EVREF-CSE-BRAVO-CASE-Q1-2026-00065-02,True,CSE-BRAVO-CASE-Q1-2026-00065-INV-02,True
2026-03-10T01:37:28Z,Log Correlation Performed,ANALYST-007,CSE-BRAVO-CASE-Q1-2026-00065,True,True,,True,CSE-BRAVO-CASE-Q1-2026-00065-INV-03,False
2026-03-10T06:33:52Z,Disposition Documented,ANALYST-011,CSE-BRAVO-CASE-Q1-2026-00065,True,False,EVREF-CSE-BRAVO-CASE-Q1-2026-00065-04,False,CSE-BRAVO-CASE-Q1-2026-00065-INV-04,False
2026-03-10T11:30:16Z,Alert Reviewed,ANALYST-007,CSE-BRAVO-CASE-Q1-2026-00065,False,False,EVREF-CSE-BRAVO-CASE-Q1-2026-00065-05,True,CSE-BRAVO-CASE-Q1-2026-00065-INV-05,False
2026-03-10T16:26:40Z,Evidence Examined,ANALYST-018,CSE-BRAVO-CASE-Q1-2026-00065,False,False,EVREF-CSE-BRAVO-CASE-Q1-2026-00065-06,True,CSE-BRAVO-CASE-Q1-2026-00065-INV-06,False
2026-03-10T21:23:04Z,Finding Documented,ANALYST-015,CSE-BRAVO-CASE-Q1-2026-00065,False,False,EVREF-CSE-BRAVO-CASE-Q1-2026-00065-07,True,CSE-BRAVO-CASE-Q1-2026-00065-INV-07,False
2026-01-03T05:33:26Z,Escalation Decision Documented,ANALYST-007,CSE-BRAVO-CASE-Q1-2026-00066,True,True,EVREF-CSE-BRAVO-CASE-Q1-2026-00066-01,True,CSE-BRAVO-CASE-Q1-2026-00066-INV-01,False
2026-01-03T07:22:16Z,Finding Documented,ANALYST-009,CSE-BRAVO-CASE-Q1-2026-00066,False,False,,True,CSE-BRAVO-CASE-Q1-2026-00066-INV-02,False
2026-01-03T09:11:07Z,Containment Action Taken,ANALYST-007,CSE-BRAVO-CASE-Q1-2026-00066,False,False,EVREF-CSE-BRAVO-CASE-Q1-2026-00066-03,False,CSE-BRAVO-CASE-Q1-2026-00066-INV-03,False
2026-01-03T10:59:57Z,Remediation Recorded,ANALYST-005,CSE-BRAVO-CASE-Q1-2026-00066,True,False,EVREF-CSE-BRAVO-CASE-Q1-2026-00066-04,False,CSE-BRAVO-CASE-Q1-2026-00066-INV-04,True
2026-01-03T12:48:47Z,Affected Asset Identified,ANALYST-013,CSE-BRAVO-CASE-Q1-2026-00066,False,False,EVREF-CSE-BRAVO-CASE-Q1-2026-00066-05,False,CSE-BRAVO-CASE-Q1-2026-00066-INV-05,False
2026-01-03T14:37:38Z,Evidence Examined,ANALYST-001,CSE-BRAVO-CASE-Q1-2026-00066,False,False,EVREF-CSE-BRAVO-CASE-Q1-2026-00066-06,False,CSE-BRAVO-CASE-Q1-2026-00066-INV-06,False
2026-01-03T16:26:28Z,Alert Reviewed,ANALYST-016,CSE-BRAVO-CASE-Q1-2026-00066,True,False,EVREF-CSE-BRAVO-CASE-Q1-2026-00066-07,True,CSE-BRAVO-CASE-Q1-2026-00066-INV-07,False
2026-01-03T18:15:18Z,Root Cause Analysis,ANALYST-009,CSE-BRAVO-CASE-Q1-2026-00066,True,False,EVREF-CSE-BRAVO-CASE-Q1-2026-00066-08,False,CSE-BRAVO-CASE-Q1-2026-00066-INV-08,False
2026-03-16T07:03:41Z,Affected Asset Identified,ANALYST-015,CSE-BRAVO-CASE-Q1-2026-00067,True,False,EVREF-CSE-BRAVO-CASE-Q1-2026-00067-01,False,CSE-BRAVO-CASE-Q1-2026-00067-INV-01,False
2026-03-16T13:35:46Z,Disposition Documented,ANALYST-014,CSE-BRAVO-CASE-Q1-2026-00067,True,True,EVREF-CSE-BRAVO-CASE-Q1-2026-00067-02,False,CSE-BRAVO-CASE-Q1-2026-00067-INV-02,False
2026-03-16T20:07:50Z,Evidence Examined,ANALYST-012,CSE-BRAVO-CASE-Q1-2026-00067,False,False,EVREF-CSE-BRAVO-CASE-Q1-2026-00067-03,True,CSE-BRAVO-CASE-Q1-2026-00067-INV-03,False
2026-03-17T02:39:55Z,Remediation Recorded,ANALYST-012,CSE-BRAVO-CASE-Q1-2026-00067,False,False,EVREF-CSE-BRAVO-CASE-Q1-2026-00067-04,False,CSE-BRAVO-CASE-Q1-2026-00067-INV-04,False
2026-03-17T09:12:00Z,Containment Action Taken,ANALYST-001,CSE-BRAVO-CASE-Q1-2026-00067,False,False,,False,CSE-BRAVO-CASE-Q1-2026-00067-INV-05,False
2026-03-17T15:44:04Z,Root Cause Analysis,ANALYST-002,CSE-BRAVO-CASE-Q1-2026-00067,False,False,EVREF-CSE-BRAVO-CASE-Q1-2026-00067-06,False,CSE-BRAVO-CASE-Q1-2026-00067-INV-06,False
2026-03-13T09:01:08Z,Escalation Decision Documented,ANALYST-006,CSE-BRAVO-CASE-Q1-2026-00068,False,True,EVREF-CSE-BRAVO-CASE-Q1-2026-00068-01,False,CSE-BRAVO-CASE-Q1-2026-00068-INV-01,False
2026-03-13T15:00:02Z,Containment Action Taken,ANALYST-005,CSE-BRAVO-CASE-Q1-2026-00068,False,True,EVREF-CSE-BRAVO-CASE-Q1-2026-00068-02,True,CSE-BRAVO-CASE-Q1-2026-00068-INV-02,False
2026-03-13T20:58:57Z,Remediation Recorded,ANALYST-015,CSE-BRAVO-CASE-Q1-2026-00068,True,True,EVREF-CSE-BRAVO-CASE-Q1-2026-00068-03,True,CSE-BRAVO-CASE-Q1-2026-00068-INV-03,True
2026-03-14T02:57:51Z,Root Cause Analysis,ANALYST-012,CSE-BRAVO-CASE-Q1-2026-00068,False,False,EVREF-CSE-BRAVO-CASE-Q1-2026-00068-04,True,CSE-BRAVO-CASE-Q1-2026-00068-INV-04,False
2026-03-14T08:56:46Z,Finding Documented,ANALYST-005,CSE-BRAVO-CASE-Q1-2026-00068,False,False,,True,CSE-BRAVO-CASE-Q1-2026-00068-INV-05,False
2026-03-14T14:55:40Z,Disposition Documented,ANALYST-010,CSE-BRAVO-CASE-Q1-2026-00068,True,False,,False,CSE-BRAVO-CASE-Q1-2026-00068-INV-06,False
2026-02-17T03:04:45Z,Finding Documented,ANALYST-009,CSE-BRAVO-CASE-Q1-2026-00069,True,False,EVREF-CSE-BRAVO-CASE-Q1-2026-00069-01,True,CSE-BRAVO-CASE-Q1-2026-00069-INV-01,False
2026-02-17T06:13:46Z,Remediation Recorded,ANALYST-001,CSE-BRAVO-CASE-Q1-2026-00069,False,True,EVREF-CSE-BRAVO-CASE-Q1-2026-00069-02,True,CSE-BRAVO-CASE-Q1-2026-00069-INV-02,True
2026-02-17T09:22:47Z,Alert Reviewed,ANALYST-011,CSE-BRAVO-CASE-Q1-2026-00069,False,False,EVREF-CSE-BRAVO-CASE-Q1-2026-00069-03,True,CSE-BRAVO-CASE-Q1-2026-00069-INV-03,False
2026-02-17T12:31:47Z,Escalation Decision Documented,ANALYST-011,CSE-BRAVO-CASE-Q1-2026-00069,False,True,EVREF-CSE-BRAVO-CASE-Q1-2026-00069-04,False,CSE-BRAVO-CASE-Q1-2026-00069-INV-04,False
2026-02-17T15:40:48Z,Root Cause Analysis,ANALYST-018,CSE-BRAVO-CASE-Q1-2026-00069,False,False,EVREF-CSE-BRAVO-CASE-Q1-2026-00069-05,False,CSE-BRAVO-CASE-Q1-2026-00069-INV-05,False
2026-02-17T18:49:48Z,Evidence Examined,ANALYST-014,CSE-BRAVO-CASE-Q1-2026-00069,False,True,EVREF-CSE-BRAVO-CASE-Q1-2026-00069-06,False,CSE-BRAVO-CASE-Q1-2026-00069-INV-06,False
2026-02-17T21:58:49Z,Containment Action Taken,ANALYST-005,CSE-BRAVO-CASE-Q1-2026-00069,False,False,EVREF-CSE-BRAVO-CASE-Q1-2026-00069-07,False,CSE-BRAVO-CASE-Q1-2026-00069-INV-07,False
2026-01-05T14:37:03Z,Finding Documented,ANALYST-013,CSE-BRAVO-CASE-Q1-2026-00070,False,False,EVREF-CSE-BRAVO-CASE-Q1-2026-00070-01,True,CSE-BRAVO-CASE-Q1-2026-00070-INV-01,False
2026-01-05T18:06:54Z,Alert Reviewed,ANALYST-008,CSE-BRAVO-CASE-Q1-2026-00070,False,False,EVREF-CSE-BRAVO-CASE-Q1-2026-00070-02,False,CSE-BRAVO-CASE-Q1-2026-00070-INV-02,False
2026-01-05T21:36:44Z,Root Cause Analysis,ANALYST-013,CSE-BRAVO-CASE-Q1-2026-00070,False,False,EVREF-CSE-BRAVO-CASE-Q1-2026-00070-03,True,CSE-BRAVO-CASE-Q1-2026-00070-INV-03,False
2026-01-06T01:06:35Z,Affected Asset Identified,ANALYST-017,CSE-BRAVO-CASE-Q1-2026-00070,False,True,EVREF-CSE-BRAVO-CASE-Q1-2026-00070-04,True,CSE-BRAVO-CASE-Q1-2026-00070-INV-04,False
2026-01-06T04:36:25Z,Disposition Documented,ANALYST-017,CSE-BRAVO-CASE-Q1-2026-00070,True,False,EVREF-CSE-BRAVO-CASE-Q1-2026-00070-05,True,CSE-BRAVO-CASE-Q1-2026-00070-INV-05,False
2026-01-06T08:06:15Z,Evidence Examined,ANALYST-002,CSE-BRAVO-CASE-Q1-2026-00070,False,False,EVREF-CSE-BRAVO-CASE-Q1-2026-00070-06,True,CSE-BRAVO-CASE-Q1-2026-00070-INV-06,False
2026-01-06T11:36:06Z,Remediation Recorded,ANALYST-001,CSE-BRAVO-CASE-Q1-2026-00070,True,False,EVREF-CSE-BRAVO-CASE-Q1-2026-00070-07,False,CSE-BRAVO-CASE-Q1-2026-00070-INV-07,True
2026-02-04T07:21:39Z,Alert Reviewed,ANALYST-011,CSE-BRAVO-CASE-Q1-2026-00071,True,True,EVREF-CSE-BRAVO-CASE-Q1-2026-00071-01,True,CSE-BRAVO-CASE-Q1-2026-00071-INV-01,False
2026-02-04T11:28:15Z,Log Correlation Performed,ANALYST-002,CSE-BRAVO-CASE-Q1-2026-00071,False,True,EVREF-CSE-BRAVO-CASE-Q1-2026-00071-02,True,CSE-BRAVO-CASE-Q1-2026-00071-INV-02,False
2026-02-04T15:34:50Z,Escalation Decision Documented,ANALYST-010,CSE-BRAVO-CASE-Q1-2026-00071,False,True,EVREF-CSE-BRAVO-CASE-Q1-2026-00071-03,False,CSE-BRAVO-CASE-Q1-2026-00071-INV-03,False
2026-02-04T19:41:26Z,Affected Asset Identified,ANALYST-004,CSE-BRAVO-CASE-Q1-2026-00071,False,False,EVREF-CSE-BRAVO-CASE-Q1-2026-00071-04,True,CSE-BRAVO-CASE-Q1-2026-00071-INV-04,False
2026-02-04T23:48:01Z,Finding Documented,ANALYST-010,CSE-BRAVO-CASE-Q1-2026-00071,True,False,EVREF-CSE-BRAVO-CASE-Q1-2026-00071-05,True,CSE-BRAVO-CASE-Q1-2026-00071-INV-05,False
2026-02-05T03:54:36Z,Root Cause Analysis,ANALYST-008,CSE-BRAVO-CASE-Q1-2026-00071,False,False,EVREF-CSE-BRAVO-CASE-Q1-2026-00071-06,True,CSE-BRAVO-CASE-Q1-2026-00071-INV-06,False
2026-02-05T08:01:12Z,Disposition Documented,ANALYST-012,CSE-BRAVO-CASE-Q1-2026-00071,True,False,,True,CSE-BRAVO-CASE-Q1-2026-00071-INV-07,False
2026-02-27T18:08:06Z,Evidence Examined,ANALYST-006,CSE-BRAVO-CASE-Q1-2026-00072,True,False,EVREF-CSE-BRAVO-CASE-Q1-2026-00072-01,False,CSE-BRAVO-CASE-Q1-2026-00072-INV-01,False
2026-02-27T23:17:42Z,Containment Action Taken,ANALYST-012,CSE-BRAVO-CASE-Q1-2026-00072,False,False,EVREF-CSE-BRAVO-CASE-Q1-2026-00072-02,False,CSE-BRAVO-CASE-Q1-2026-00072-INV-02,False
2026-02-28T04:27:17Z,Affected Asset Identified,ANALYST-009,CSE-BRAVO-CASE-Q1-2026-00072,True,False,,True,CSE-BRAVO-CASE-Q1-2026-00072-INV-03,False
2026-02-28T09:36:53Z,Log Correlation Performed,ANALYST-001,CSE-BRAVO-CASE-Q1-2026-00072,False,False,EVREF-CSE-BRAVO-CASE-Q1-2026-00072-04,False,CSE-BRAVO-CASE-Q1-2026-00072-INV-04,False
2026-02-28T14:46:28Z,Alert Reviewed,ANALYST-004,CSE-BRAVO-CASE-Q1-2026-00072,False,False,,False,CSE-BRAVO-CASE-Q1-2026-00072-INV-05,False
2026-02-28T19:56:04Z,Root Cause Analysis,ANALYST-010,CSE-BRAVO-CASE-Q1-2026-00072,True,False,EVREF-CSE-BRAVO-CASE-Q1-2026-00072-06,False,CSE-BRAVO-CASE-Q1-2026-00072-INV-06,False
2026-03-01T01:05:39Z,Finding Documented,ANALYST-017,CSE-BRAVO-CASE-Q1-2026-00072,False,True,,True,CSE-BRAVO-CASE-Q1-2026-00072-INV-07,False
2026-03-01T06:15:15Z,Disposition Documented,ANALYST-010,CSE-BRAVO-CASE-Q1-2026-00072,True,False,EVREF-CSE-BRAVO-CASE-Q1-2026-00072-08,False,CSE-BRAVO-CASE-Q1-2026-00072-INV-08,False
2026-03-02T22:31:38Z,Containment Action Taken,ANALYST-018,CSE-BRAVO-CASE-Q1-2026-00073,False,False,EVREF-CSE-BRAVO-CASE-Q1-2026-00073-01,True,CSE-BRAVO-CASE-Q1-2026-00073-INV-01,False
2026-03-03T05:46:26Z,Finding Documented,ANALYST-011,CSE-BRAVO-CASE-Q1-2026-00073,True,True,EVREF-CSE-BRAVO-CASE-Q1-2026-00073-02,True,CSE-BRAVO-CASE-Q1-2026-00073-INV-02,False
2026-03-03T13:01:14Z,Remediation Recorded,ANALYST-005,CSE-BRAVO-CASE-Q1-2026-00073,False,False,EVREF-CSE-BRAVO-CASE-Q1-2026-00073-03,False,CSE-BRAVO-CASE-Q1-2026-00073-INV-03,False
2026-03-03T20:16:01Z,Escalation Decision Documented,ANALYST-008,CSE-BRAVO-CASE-Q1-2026-00073,False,True,EVREF-CSE-BRAVO-CASE-Q1-2026-00073-04,True,CSE-BRAVO-CASE-Q1-2026-00073-INV-04,False
2026-03-04T03:30:49Z,Alert Reviewed,ANALYST-010,CSE-BRAVO-CASE-Q1-2026-00073,False,False,,True,CSE-BRAVO-CASE-Q1-2026-00073-INV-05,False
2026-03-04T10:45:37Z,Root Cause Analysis,ANALYST-014,CSE-BRAVO-CASE-Q1-2026-00073,False,True,EVREF-CSE-BRAVO-CASE-Q1-2026-00073-06,False,CSE-BRAVO-CASE-Q1-2026-00073-INV-06,False
2026-01-24T23:29:32Z,Log Correlation Performed,ANALYST-002,CSE-BRAVO-CASE-Q1-2026-00074,False,False,EVREF-CSE-BRAVO-CASE-Q1-2026-00074-01,True,CSE-BRAVO-CASE-Q1-2026-00074-INV-01,False
2026-01-25T07:07:20Z,Alert Reviewed,ANALYST-011,CSE-BRAVO-CASE-Q1-2026-00074,False,True,EVREF-CSE-BRAVO-CASE-Q1-2026-00074-02,False,CSE-BRAVO-CASE-Q1-2026-00074-INV-02,False
2026-01-25T14:45:08Z,Root Cause Analysis,ANALYST-014,CSE-BRAVO-CASE-Q1-2026-00074,True,False,,True,CSE-BRAVO-CASE-Q1-2026-00074-INV-03,False
2026-01-25T22:22:56Z,Affected Asset Identified,ANALYST-005,CSE-BRAVO-CASE-Q1-2026-00074,True,False,EVREF-CSE-BRAVO-CASE-Q1-2026-00074-04,True,CSE-BRAVO-CASE-Q1-2026-00074-INV-04,False
2026-01-26T06:00:44Z,Disposition Documented,ANALYST-011,CSE-BRAVO-CASE-Q1-2026-00074,True,True,,False,CSE-BRAVO-CASE-Q1-2026-00074-INV-05,False
2026-01-26T13:38:33Z,Escalation Decision Documented,ANALYST-009,CSE-BRAVO-CASE-Q1-2026-00074,True,True,EVREF-CSE-BRAVO-CASE-Q1-2026-00074-06,False,CSE-BRAVO-CASE-Q1-2026-00074-INV-06,False
2026-01-26T21:16:21Z,Containment Action Taken,ANALYST-017,CSE-BRAVO-CASE-Q1-2026-00074,True,False,EVREF-CSE-BRAVO-CASE-Q1-2026-00074-07,True,CSE-BRAVO-CASE-Q1-2026-00074-INV-07,False
2026-01-13T16:33:39Z,Root Cause Analysis,ANALYST-008,CSE-BRAVO-CASE-Q1-2026-00075,True,False,EVREF-CSE-BRAVO-CASE-Q1-2026-00075-01,False,CSE-BRAVO-CASE-Q1-2026-00075-INV-01,False
2026-01-13T22:54:58Z,Remediation Recorded,ANALYST-016,CSE-BRAVO-CASE-Q1-2026-00075,False,False,EVREF-CSE-BRAVO-CASE-Q1-2026-00075-02,True,CSE-BRAVO-CASE-Q1-2026-00075-INV-02,True
2026-01-14T05:16:16Z,Escalation Decision Documented,ANALYST-012,CSE-BRAVO-CASE-Q1-2026-00075,False,True,EVREF-CSE-BRAVO-CASE-Q1-2026-00075-03,False,CSE-BRAVO-CASE-Q1-2026-00075-INV-03,False
2026-01-14T11:37:34Z,Containment Action Taken,ANALYST-013,CSE-BRAVO-CASE-Q1-2026-00075,False,True,EVREF-CSE-BRAVO-CASE-Q1-2026-00075-04,True,CSE-BRAVO-CASE-Q1-2026-00075-INV-04,False
2026-01-14T17:58:53Z,Log Correlation Performed,ANALYST-005,CSE-BRAVO-CASE-Q1-2026-00075,True,False,EVREF-CSE-BRAVO-CASE-Q1-2026-00075-05,True,CSE-BRAVO-CASE-Q1-2026-00075-INV-05,False
2026-01-15T00:20:11Z,Alert Reviewed,ANALYST-007,CSE-BRAVO-CASE-Q1-2026-00075,False,False,EVREF-CSE-BRAVO-CASE-Q1-2026-00075-06,False,CSE-BRAVO-CASE-Q1-2026-00075-INV-06,False
2026-01-15T06:41:29Z,Disposition Documented,ANALYST-006,CSE-BRAVO-CASE-Q1-2026-00075,True,True,EVREF-CSE-BRAVO-CASE-Q1-2026-00075-07,False,CSE-BRAVO-CASE-Q1-2026-00075-INV-07,False
2026-02-26T15:25:54Z,Evidence Examined,ANALYST-011,CSE-BRAVO-CASE-Q1-2026-00076,False,False,EVREF-CSE-BRAVO-CASE-Q1-2026-00076-01,True,CSE-BRAVO-CASE-Q1-2026-00076-INV-01,False
2026-02-26T22:18:18Z,Remediation Recorded,ANALYST-012,CSE-BRAVO-CASE-Q1-2026-00076,False,False,EVREF-CSE-BRAVO-CASE-Q1-2026-00076-02,True,CSE-BRAVO-CASE-Q1-2026-00076-INV-02,True
2026-02-27T05:10:43Z,Alert Reviewed,ANALYST-007,CSE-BRAVO-CASE-Q1-2026-00076,True,True,,False,CSE-BRAVO-CASE-Q1-2026-00076-INV-03,False
2026-02-27T12:03:08Z,Finding Documented,ANALYST-013,CSE-BRAVO-CASE-Q1-2026-00076,True,True,EVREF-CSE-BRAVO-CASE-Q1-2026-00076-04,True,CSE-BRAVO-CASE-Q1-2026-00076-INV-04,False
2026-02-27T18:55:33Z,Disposition Documented,ANALYST-007,CSE-BRAVO-CASE-Q1-2026-00076,True,False,EVREF-CSE-BRAVO-CASE-Q1-2026-00076-05,True,CSE-BRAVO-CASE-Q1-2026-00076-INV-05,False
2026-02-28T01:47:58Z,Containment Action Taken,ANALYST-018,CSE-BRAVO-CASE-Q1-2026-00076,False,False,EVREF-CSE-BRAVO-CASE-Q1-2026-00076-06,True,CSE-BRAVO-CASE-Q1-2026-00076-INV-06,False
2026-03-01T10:43:53Z,Disposition Documented,ANALYST-001,CSE-BRAVO-CASE-Q1-2026-00077,True,False,EVREF-CSE-BRAVO-CASE-Q1-2026-00077-01,False,CSE-BRAVO-CASE-Q1-2026-00077-INV-01,False
2026-03-01T14:44:23Z,Escalation Decision Documented,ANALYST-001,CSE-BRAVO-CASE-Q1-2026-00077,False,True,EVREF-CSE-BRAVO-CASE-Q1-2026-00077-02,False,CSE-BRAVO-CASE-Q1-2026-00077-INV-02,False
2026-03-01T18:44:53Z,Log Correlation Performed,ANALYST-006,CSE-BRAVO-CASE-Q1-2026-00077,True,False,EVREF-CSE-BRAVO-CASE-Q1-2026-00077-03,False,CSE-BRAVO-CASE-Q1-2026-00077-INV-03,False
2026-03-01T22:45:23Z,Root Cause Analysis,ANALYST-009,CSE-BRAVO-CASE-Q1-2026-00077,True,False,,False,CSE-BRAVO-CASE-Q1-2026-00077-INV-04,False
2026-03-02T02:45:53Z,Evidence Examined,ANALYST-014,CSE-BRAVO-CASE-Q1-2026-00077,True,False,EVREF-CSE-BRAVO-CASE-Q1-2026-00077-05,True,CSE-BRAVO-CASE-Q1-2026-00077-INV-05,False
2026-03-22T15:32:01Z,Remediation Recorded,ANALYST-009,CSE-BRAVO-CASE-Q1-2026-00078,False,True,EVREF-CSE-BRAVO-CASE-Q1-2026-00078-01,False,CSE-BRAVO-CASE-Q1-2026-00078-INV-01,False
2026-03-22T23:25:20Z,Finding Documented,ANALYST-013,CSE-BRAVO-CASE-Q1-2026-00078,False,True,EVREF-CSE-BRAVO-CASE-Q1-2026-00078-02,True,CSE-BRAVO-CASE-Q1-2026-00078-INV-02,False
2026-03-23T07:18:39Z,Containment Action Taken,ANALYST-001,CSE-BRAVO-CASE-Q1-2026-00078,True,False,EVREF-CSE-BRAVO-CASE-Q1-2026-00078-03,True,CSE-BRAVO-CASE-Q1-2026-00078-INV-03,False
2026-03-23T15:11:58Z,Alert Reviewed,ANALYST-011,CSE-BRAVO-CASE-Q1-2026-00078,False,True,EVREF-CSE-BRAVO-CASE-Q1-2026-00078-04,True,CSE-BRAVO-CASE-Q1-2026-00078-INV-04,False
2026-03-23T23:05:17Z,Escalation Decision Documented,ANALYST-010,CSE-BRAVO-CASE-Q1-2026-00078,False,True,EVREF-CSE-BRAVO-CASE-Q1-2026-00078-05,False,CSE-BRAVO-CASE-Q1-2026-00078-INV-05,False
2026-03-24T06:58:36Z,Disposition Documented,ANALYST-005,CSE-BRAVO-CASE-Q1-2026-00078,True,False,EVREF-CSE-BRAVO-CASE-Q1-2026-00078-06,True,CSE-BRAVO-CASE-Q1-2026-00078-INV-06,False
2026-03-24T14:51:55Z,Evidence Examined,ANALYST-012,CSE-BRAVO-CASE-Q1-2026-00078,False,True,EVREF-CSE-BRAVO-CASE-Q1-2026-00078-07,False,CSE-BRAVO-CASE-Q1-2026-00078-INV-07,False
2026-01-03T15:37:22Z,Finding Documented,ANALYST-006,CSE-BRAVO-CASE-Q1-2026-00079,False,False,,True,CSE-BRAVO-CASE-Q1-2026-00079-INV-01,False
2026-01-03T19:27:29Z,Evidence Examined,ANALYST-016,CSE-BRAVO-CASE-Q1-2026-00079,True,False,EVREF-CSE-BRAVO-CASE-Q1-2026-00079-02,True,CSE-BRAVO-CASE-Q1-2026-00079-INV-02,False
2026-01-03T23:17:37Z,Disposition Documented,ANALYST-001,CSE-BRAVO-CASE-Q1-2026-00079,True,False,EVREF-CSE-BRAVO-CASE-Q1-2026-00079-03,True,CSE-BRAVO-CASE-Q1-2026-00079-INV-03,False
2026-01-04T03:07:44Z,Escalation Decision Documented,ANALYST-010,CSE-BRAVO-CASE-Q1-2026-00079,False,True,EVREF-CSE-BRAVO-CASE-Q1-2026-00079-04,False,CSE-BRAVO-CASE-Q1-2026-00079-INV-04,False
2026-01-04T06:57:51Z,Remediation Recorded,ANALYST-015,CSE-BRAVO-CASE-Q1-2026-00079,False,False,,False,CSE-BRAVO-CASE-Q1-2026-00079-INV-05,True
2026-02-27T09:41:27Z,Containment Action Taken,ANALYST-002,CSE-BRAVO-CASE-Q1-2026-00080,False,False,EVREF-CSE-BRAVO-CASE-Q1-2026-00080-01,False,CSE-BRAVO-CASE-Q1-2026-00080-INV-01,False
2026-02-27T17:12:29Z,Remediation Recorded,ANALYST-013,CSE-BRAVO-CASE-Q1-2026-00080,False,False,EVREF-CSE-BRAVO-CASE-Q1-2026-00080-02,True,CSE-BRAVO-CASE-Q1-2026-00080-INV-02,False
2026-02-28T00:43:32Z,Affected Asset Identified,ANALYST-016,CSE-BRAVO-CASE-Q1-2026-00080,True,False,EVREF-CSE-BRAVO-CASE-Q1-2026-00080-03,True,CSE-BRAVO-CASE-Q1-2026-00080-INV-03,False
2026-02-28T08:14:34Z,Disposition Documented,ANALYST-018,CSE-BRAVO-CASE-Q1-2026-00080,True,True,,True,CSE-BRAVO-CASE-Q1-2026-00080-INV-04,False
2026-02-28T15:45:36Z,Escalation Decision Documented,ANALYST-010,CSE-BRAVO-CASE-Q1-2026-00080,False,True,,True,CSE-BRAVO-CASE-Q1-2026-00080-INV-05,False
2026-02-28T23:16:38Z,Finding Documented,ANALYST-008,CSE-BRAVO-CASE-Q1-2026-00080,False,False,EVREF-CSE-BRAVO-CASE-Q1-2026-00080-06,True,CSE-BRAVO-CASE-Q1-2026-00080-INV-06,False
2026-03-01T06:47:40Z,Evidence Examined,ANALYST-010,CSE-BRAVO-CASE-Q1-2026-00080,False,False,EVREF-CSE-BRAVO-CASE-Q1-2026-00080-07,True,CSE-BRAVO-CASE-Q1-2026-00080-INV-07,False
2026-01-09T05:02:33Z,Alert Reviewed,ANALYST-001,CSE-BRAVO-CASE-Q1-2026-00081,False,False,,True,CSE-BRAVO-CASE-Q1-2026-00081-INV-01,False
2026-01-09T15:37:13Z,Evidence Examined,ANALYST-002,CSE-BRAVO-CASE-Q1-2026-00081,False,False,EVREF-CSE-BRAVO-CASE-Q1-2026-00081-02,False,CSE-BRAVO-CASE-Q1-2026-00081-INV-02,False
2026-01-10T02:11:54Z,Affected Asset Identified,ANALYST-006,CSE-BRAVO-CASE-Q1-2026-00081,True,False,EVREF-CSE-BRAVO-CASE-Q1-2026-00081-03,True,CSE-BRAVO-CASE-Q1-2026-00081-INV-03,False
2026-01-10T12:46:34Z,Root Cause Analysis,ANALYST-002,CSE-BRAVO-CASE-Q1-2026-00081,False,False,EVREF-CSE-BRAVO-CASE-Q1-2026-00081-04,False,CSE-BRAVO-CASE-Q1-2026-00081-INV-04,False
2026-01-10T23:21:15Z,Escalation Decision Documented,ANALYST-009,CSE-BRAVO-CASE-Q1-2026-00081,False,True,EVREF-CSE-BRAVO-CASE-Q1-2026-00081-05,False,CSE-BRAVO-CASE-Q1-2026-00081-INV-05,False
2026-01-11T09:55:55Z,Remediation Recorded,ANALYST-007,CSE-BRAVO-CASE-Q1-2026-00081,True,False,,True,CSE-BRAVO-CASE-Q1-2026-00081-INV-06,False
2026-01-11T20:30:35Z,Containment Action Taken,ANALYST-009,CSE-BRAVO-CASE-Q1-2026-00081,False,False,EVREF-CSE-BRAVO-CASE-Q1-2026-00081-07,False,CSE-BRAVO-CASE-Q1-2026-00081-INV-07,False
2026-02-24T21:56:33Z,Root Cause Analysis,ANALYST-012,CSE-BRAVO-CASE-Q1-2026-00082,False,False,EVREF-CSE-BRAVO-CASE-Q1-2026-00082-01,True,CSE-BRAVO-CASE-Q1-2026-00082-INV-01,False
2026-02-25T03:58:30Z,Evidence Examined,ANALYST-011,CSE-BRAVO-CASE-Q1-2026-00082,False,False,EVREF-CSE-BRAVO-CASE-Q1-2026-00082-02,False,CSE-BRAVO-CASE-Q1-2026-00082-INV-02,False
2026-02-25T10:00:26Z,Alert Reviewed,ANALYST-016,CSE-BRAVO-CASE-Q1-2026-00082,False,True,EVREF-CSE-BRAVO-CASE-Q1-2026-00082-03,True,CSE-BRAVO-CASE-Q1-2026-00082-INV-03,False
2026-02-25T16:02:23Z,Log Correlation Performed,ANALYST-012,CSE-BRAVO-CASE-Q1-2026-00082,True,True,EVREF-CSE-BRAVO-CASE-Q1-2026-00082-04,False,CSE-BRAVO-CASE-Q1-2026-00082-INV-04,False
2026-02-25T22:04:19Z,Finding Documented,ANALYST-013,CSE-BRAVO-CASE-Q1-2026-00082,True,False,EVREF-CSE-BRAVO-CASE-Q1-2026-00082-05,True,CSE-BRAVO-CASE-Q1-2026-00082-INV-05,False
2026-02-26T04:06:16Z,Disposition Documented,ANALYST-010,CSE-BRAVO-CASE-Q1-2026-00082,True,True,,False,CSE-BRAVO-CASE-Q1-2026-00082-INV-06,False
2026-02-26T10:08:12Z,Remediation Recorded,ANALYST-004,CSE-BRAVO-CASE-Q1-2026-00082,True,False,EVREF-CSE-BRAVO-CASE-Q1-2026-00082-07,True,CSE-BRAVO-CASE-Q1-2026-00082-INV-07,True
2026-02-26T16:10:09Z,Containment Action Taken,ANALYST-009,CSE-BRAVO-CASE-Q1-2026-00082,False,False,EVREF-CSE-BRAVO-CASE-Q1-2026-00082-08,True,CSE-BRAVO-CASE-Q1-2026-00082-INV-08,False
2026-02-17T11:08:59Z,Evidence Examined,ANALYST-015,CSE-BRAVO-CASE-Q1-2026-00083,False,False,,True,CSE-BRAVO-CASE-Q1-2026-00083-INV-01,False
2026-02-17T16:47:17Z,Finding Documented,ANALYST-012,CSE-BRAVO-CASE-Q1-2026-00083,False,False,EVREF-CSE-BRAVO-CASE-Q1-2026-00083-02,True,CSE-BRAVO-CASE-Q1-2026-00083-INV-02,False
2026-02-17T22:25:35Z,Alert Reviewed,ANALYST-001,CSE-BRAVO-CASE-Q1-2026-00083,False,False,EVREF-CSE-BRAVO-CASE-Q1-2026-00083-03,False,CSE-BRAVO-CASE-Q1-2026-00083-INV-03,False
2026-02-18T04:03:52Z,Escalation Decision Documented,ANALYST-013,CSE-BRAVO-CASE-Q1-2026-00083,False,True,,False,CSE-BRAVO-CASE-Q1-2026-00083-INV-04,False
2026-02-18T09:42:10Z,Disposition Documented,ANALYST-008,CSE-BRAVO-CASE-Q1-2026-00083,True,False,EVREF-CSE-BRAVO-CASE-Q1-2026-00083-05,True,CSE-BRAVO-CASE-Q1-2026-00083-INV-05,False
2026-02-18T15:20:27Z,Root Cause Analysis,ANALYST-008,CSE-BRAVO-CASE-Q1-2026-00083,False,True,EVREF-CSE-BRAVO-CASE-Q1-2026-00083-06,False,CSE-BRAVO-CASE-Q1-2026-00083-INV-06,False
2026-02-18T20:58:45Z,Log Correlation Performed,ANALYST-012,CSE-BRAVO-CASE-Q1-2026-00083,True,False,EVREF-CSE-BRAVO-CASE-Q1-2026-00083-07,False,CSE-BRAVO-CASE-Q1-2026-00083-INV-07,False
2026-01-16T09:14:17Z,Remediation Recorded,ANALYST-008,CSE-BRAVO-CASE-Q1-2026-00084,False,False,,False,CSE-BRAVO-CASE-Q1-2026-00084-INV-01,True
2026-01-16T14:32:37Z,Escalation Decision Documented,ANALYST-008,CSE-BRAVO-CASE-Q1-2026-00084,True,True,EVREF-CSE-BRAVO-CASE-Q1-2026-00084-02,True,CSE-BRAVO-CASE-Q1-2026-00084-INV-02,False
2026-01-16T19:50:56Z,Containment Action Taken,ANALYST-006,CSE-BRAVO-CASE-Q1-2026-00084,False,False,,False,CSE-BRAVO-CASE-Q1-2026-00084-INV-03,False
2026-01-17T01:09:15Z,Root Cause Analysis,ANALYST-009,CSE-BRAVO-CASE-Q1-2026-00084,True,False,EVREF-CSE-BRAVO-CASE-Q1-2026-00084-04,False,CSE-BRAVO-CASE-Q1-2026-00084-INV-04,False
2026-01-17T06:27:34Z,Alert Reviewed,ANALYST-003,CSE-BRAVO-CASE-Q1-2026-00084,True,False,,False,CSE-BRAVO-CASE-Q1-2026-00084-INV-05,False
2026-01-17T11:45:54Z,Disposition Documented,ANALYST-008,CSE-BRAVO-CASE-Q1-2026-00084,True,False,EVREF-CSE-BRAVO-CASE-Q1-2026-00084-06,False,CSE-BRAVO-CASE-Q1-2026-00084-INV-06,False
2026-01-17T17:04:13Z,Affected Asset Identified,ANALYST-014,CSE-BRAVO-CASE-Q1-2026-00084,False,True,EVREF-CSE-BRAVO-CASE-Q1-2026-00084-07,True,CSE-BRAVO-CASE-Q1-2026-00084-INV-07,False
2026-01-02T11:37:22Z,Affected Asset Identified,ANALYST-006,CSE-BRAVO-CASE-Q1-2026-00085,True,False,,True,CSE-BRAVO-CASE-Q1-2026-00085-INV-01,False
2026-01-02T18:47:39Z,Finding Documented,ANALYST-002,CSE-BRAVO-CASE-Q1-2026-00085,False,False,EVREF-CSE-BRAVO-CASE-Q1-2026-00085-02,True,CSE-BRAVO-CASE-Q1-2026-00085-INV-02,False
2026-01-03T01:57:57Z,Containment Action Taken,ANALYST-001,CSE-BRAVO-CASE-Q1-2026-00085,False,False,EVREF-CSE-BRAVO-CASE-Q1-2026-00085-03,False,CSE-BRAVO-CASE-Q1-2026-00085-INV-03,False
2026-01-03T09:08:15Z,Log Correlation Performed,ANALYST-014,CSE-BRAVO-CASE-Q1-2026-00085,False,False,EVREF-CSE-BRAVO-CASE-Q1-2026-00085-04,True,CSE-BRAVO-CASE-Q1-2026-00085-INV-04,False
2026-01-03T16:18:33Z,Escalation Decision Documented,ANALYST-007,CSE-BRAVO-CASE-Q1-2026-00085,False,True,EVREF-CSE-BRAVO-CASE-Q1-2026-00085-05,False,CSE-BRAVO-CASE-Q1-2026-00085-INV-05,False
2026-01-03T23:28:50Z,Root Cause Analysis,ANALYST-017,CSE-BRAVO-CASE-Q1-2026-00085,True,True,EVREF-CSE-BRAVO-CASE-Q1-2026-00085-06,False,CSE-BRAVO-CASE-Q1-2026-00085-INV-06,False
2026-01-04T06:39:08Z,Disposition Documented,ANALYST-005,CSE-BRAVO-CASE-Q1-2026-00085,True,False,EVREF-CSE-BRAVO-CASE-Q1-2026-00085-07,False,CSE-BRAVO-CASE-Q1-2026-00085-INV-07,False
2026-01-04T13:49:26Z,Remediation Recorded,ANALYST-013,CSE-BRAVO-CASE-Q1-2026-00085,False,True,EVREF-CSE-BRAVO-CASE-Q1-2026-00085-08,False,CSE-BRAVO-CASE-Q1-2026-00085-INV-08,True
2026-03-20T15:33:26Z,Containment Action Taken,ANALYST-006,CSE-BRAVO-CASE-Q1-2026-00086,False,True,,True,CSE-BRAVO-CASE-Q1-2026-00086-INV-01,False
2026-03-20T22:36:32Z,Escalation Decision Documented,ANALYST-001,CSE-BRAVO-CASE-Q1-2026-00086,False,True,EVREF-CSE-BRAVO-CASE-Q1-2026-00086-02,False,CSE-BRAVO-CASE-Q1-2026-00086-INV-02,False
2026-03-21T05:39:38Z,Alert Reviewed,ANALYST-013,CSE-BRAVO-CASE-Q1-2026-00086,True,False,EVREF-CSE-BRAVO-CASE-Q1-2026-00086-03,False,CSE-BRAVO-CASE-Q1-2026-00086-INV-03,False
2026-03-21T12:42:45Z,Root Cause Analysis,ANALYST-001,CSE-BRAVO-CASE-Q1-2026-00086,True,False,EVREF-CSE-BRAVO-CASE-Q1-2026-00086-04,False,CSE-BRAVO-CASE-Q1-2026-00086-INV-04,False
2026-03-21T19:45:51Z,Log Correlation Performed,ANALYST-018,CSE-BRAVO-CASE-Q1-2026-00086,False,False,EVREF-CSE-BRAVO-CASE-Q1-2026-00086-05,False,CSE-BRAVO-CASE-Q1-2026-00086-INV-05,False
2026-03-22T02:48:57Z,Affected Asset Identified,ANALYST-005,CSE-BRAVO-CASE-Q1-2026-00086,False,True,EVREF-CSE-BRAVO-CASE-Q1-2026-00086-06,False,CSE-BRAVO-CASE-Q1-2026-00086-INV-06,False
2026-03-22T09:52:03Z,Remediation Recorded,ANALYST-003,CSE-BRAVO-CASE-Q1-2026-00086,True,False,EVREF-CSE-BRAVO-CASE-Q1-2026-00086-07,True,CSE-BRAVO-CASE-Q1-2026-00086-INV-07,False
2026-02-04T04:03:54Z,Root Cause Analysis,ANALYST-018,CSE-BRAVO-CASE-Q1-2026-00087,False,True,EVREF-CSE-BRAVO-CASE-Q1-2026-00087-01,True,CSE-BRAVO-CASE-Q1-2026-00087-INV-01,False
2026-02-04T07:49:04Z,Containment Action Taken,ANALYST-008,CSE-BRAVO-CASE-Q1-2026-00087,True,False,EVREF-CSE-BRAVO-CASE-Q1-2026-00087-02,True,CSE-BRAVO-CASE-Q1-2026-00087-INV-02,False
2026-02-04T11:34:14Z,Evidence Examined,ANALYST-011,CSE-BRAVO-CASE-Q1-2026-00087,False,True,EVREF-CSE-BRAVO-CASE-Q1-2026-00087-03,False,CSE-BRAVO-CASE-Q1-2026-00087-INV-03,False
2026-02-04T15:19:24Z,Log Correlation Performed,ANALYST-001,CSE-BRAVO-CASE-Q1-2026-00087,False,False,EVREF-CSE-BRAVO-CASE-Q1-2026-00087-04,False,CSE-BRAVO-CASE-Q1-2026-00087-INV-04,False
2026-02-04T19:04:35Z,Escalation Decision Documented,ANALYST-005,CSE-BRAVO-CASE-Q1-2026-00087,False,True,,False,CSE-BRAVO-CASE-Q1-2026-00087-INV-05,False
2026-02-04T22:49:45Z,Finding Documented,ANALYST-014,CSE-BRAVO-CASE-Q1-2026-00087,False,False,EVREF-CSE-BRAVO-CASE-Q1-2026-00087-06,True,CSE-BRAVO-CASE-Q1-2026-00087-INV-06,False
2026-03-22T08:07:36Z,Escalation Decision Documented,ANALYST-006,CSE-BRAVO-CASE-Q1-2026-00088,True,True,,False,CSE-BRAVO-CASE-Q1-2026-00088-INV-01,False
2026-03-22T14:45:10Z,Log Correlation Performed,ANALYST-003,CSE-BRAVO-CASE-Q1-2026-00088,False,True,EVREF-CSE-BRAVO-CASE-Q1-2026-00088-02,True,CSE-BRAVO-CASE-Q1-2026-00088-INV-02,False
2026-03-22T21:22:44Z,Finding Documented,ANALYST-003,CSE-BRAVO-CASE-Q1-2026-00088,False,False,EVREF-CSE-BRAVO-CASE-Q1-2026-00088-03,True,CSE-BRAVO-CASE-Q1-2026-00088-INV-03,False
2026-03-23T04:00:18Z,Containment Action Taken,ANALYST-014,CSE-BRAVO-CASE-Q1-2026-00088,True,False,EVREF-CSE-BRAVO-CASE-Q1-2026-00088-04,True,CSE-BRAVO-CASE-Q1-2026-00088-INV-04,False
2026-03-23T10:37:52Z,Alert Reviewed,ANALYST-007,CSE-BRAVO-CASE-Q1-2026-00088,False,True,EVREF-CSE-BRAVO-CASE-Q1-2026-00088-05,False,CSE-BRAVO-CASE-Q1-2026-00088-INV-05,False
2026-02-24T22:57:41Z,Root Cause Analysis,ANALYST-007,CSE-BRAVO-CASE-Q1-2026-00089,True,False,EVREF-CSE-BRAVO-CASE-Q1-2026-00089-01,False,CSE-BRAVO-CASE-Q1-2026-00089-INV-01,False
2026-02-25T09:08:31Z,Evidence Examined,ANALYST-002,CSE-BRAVO-CASE-Q1-2026-00089,True,False,EVREF-CSE-BRAVO-CASE-Q1-2026-00089-02,False,CSE-BRAVO-CASE-Q1-2026-00089-INV-02,False
2026-02-25T19:19:22Z,Escalation Decision Documented,ANALYST-007,CSE-BRAVO-CASE-Q1-2026-00089,False,True,,False,CSE-BRAVO-CASE-Q1-2026-00089-INV-03,False
2026-02-26T05:30:13Z,Containment Action Taken,ANALYST-018,CSE-BRAVO-CASE-Q1-2026-00089,False,False,EVREF-CSE-BRAVO-CASE-Q1-2026-00089-04,False,CSE-BRAVO-CASE-Q1-2026-00089-INV-04,False
2026-02-26T15:41:04Z,Disposition Documented,ANALYST-010,CSE-BRAVO-CASE-Q1-2026-00089,True,False,EVREF-CSE-BRAVO-CASE-Q1-2026-00089-05,False,CSE-BRAVO-CASE-Q1-2026-00089-INV-05,False
2026-02-27T01:51:54Z,Affected Asset Identified,ANALYST-013,CSE-BRAVO-CASE-Q1-2026-00089,False,False,,False,CSE-BRAVO-CASE-Q1-2026-00089-INV-06,False
2026-02-27T12:02:45Z,Log Correlation Performed,ANALYST-010,CSE-BRAVO-CASE-Q1-2026-00089,True,False,EVREF-CSE-BRAVO-CASE-Q1-2026-00089-07,False,CSE-BRAVO-CASE-Q1-2026-00089-INV-07,False
2026-02-27T22:13:36Z,Finding Documented,ANALYST-009,CSE-BRAVO-CASE-Q1-2026-00089,True,False,EVREF-CSE-BRAVO-CASE-Q1-2026-00089-08,True,CSE-BRAVO-CASE-Q1-2026-00089-INV-08,False
2026-02-15T21:51:32Z,Disposition Documented,ANALYST-017,CSE-BRAVO-CASE-Q1-2026-00090,True,False,EVREF-CSE-BRAVO-CASE-Q1-2026-00090-01,True,CSE-BRAVO-CASE-Q1-2026-00090-INV-01,False
2026-02-16T04:59:21Z,Alert Reviewed,ANALYST-013,CSE-BRAVO-CASE-Q1-2026-00090,True,False,EVREF-CSE-BRAVO-CASE-Q1-2026-00090-02,True,CSE-BRAVO-CASE-Q1-2026-00090-INV-02,False
2026-02-16T12:07:11Z,Containment Action Taken,ANALYST-003,CSE-BRAVO-CASE-Q1-2026-00090,False,False,EVREF-CSE-BRAVO-CASE-Q1-2026-00090-03,True,CSE-BRAVO-CASE-Q1-2026-00090-INV-03,False
2026-02-16T19:15:01Z,Escalation Decision Documented,ANALYST-003,CSE-BRAVO-CASE-Q1-2026-00090,False,True,,True,CSE-BRAVO-CASE-Q1-2026-00090-INV-04,False
2026-02-17T02:22:51Z,Finding Documented,ANALYST-012,CSE-BRAVO-CASE-Q1-2026-00090,True,False,,True,CSE-BRAVO-CASE-Q1-2026-00090-INV-05,False
2026-02-17T09:30:40Z,Evidence Examined,ANALYST-017,CSE-BRAVO-CASE-Q1-2026-00090,False,False,,False,CSE-BRAVO-CASE-Q1-2026-00090-INV-06,False
2026-02-26T05:16:24Z,Escalation Decision Documented,ANALYST-011,CSE-BRAVO-CASE-Q1-2026-00091,False,True,,False,CSE-BRAVO-CASE-Q1-2026-00091-INV-01,False
2026-02-26T08:56:51Z,Remediation Recorded,ANALYST-013,CSE-BRAVO-CASE-Q1-2026-00091,False,False,EVREF-CSE-BRAVO-CASE-Q1-2026-00091-02,False,CSE-BRAVO-CASE-Q1-2026-00091-INV-02,True
2026-02-26T12:37:18Z,Root Cause Analysis,ANALYST-005,CSE-BRAVO-CASE-Q1-2026-00091,True,False,,False,CSE-BRAVO-CASE-Q1-2026-00091-INV-03,False
2026-02-26T16:17:46Z,Log Correlation Performed,ANALYST-010,CSE-BRAVO-CASE-Q1-2026-00091,False,True,,False,CSE-BRAVO-CASE-Q1-2026-00091-INV-04,False
2026-02-26T19:58:13Z,Finding Documented,ANALYST-014,CSE-BRAVO-CASE-Q1-2026-00091,True,False,EVREF-CSE-BRAVO-CASE-Q1-2026-00091-05,True,CSE-BRAVO-CASE-Q1-2026-00091-INV-05,False
2026-02-26T23:38:40Z,Containment Action Taken,ANALYST-013,CSE-BRAVO-CASE-Q1-2026-00091,False,False,EVREF-CSE-BRAVO-CASE-Q1-2026-00091-06,False,CSE-BRAVO-CASE-Q1-2026-00091-INV-06,False
2026-02-27T03:19:07Z,Evidence Examined,ANALYST-014,CSE-BRAVO-CASE-Q1-2026-00091,True,False,EVREF-CSE-BRAVO-CASE-Q1-2026-00091-07,False,CSE-BRAVO-CASE-Q1-2026-00091-INV-07,False
2026-02-03T04:09:39Z,Evidence Examined,ANALYST-004,CSE-BRAVO-CASE-Q1-2026-00092,False,False,EVREF-CSE-BRAVO-CASE-Q1-2026-00092-01,False,CSE-BRAVO-CASE-Q1-2026-00092-INV-01,False
2026-02-03T13:01:45Z,Disposition Documented,ANALYST-006,CSE-BRAVO-CASE-Q1-2026-00092,True,True,EVREF-CSE-BRAVO-CASE-Q1-2026-00092-02,True,CSE-BRAVO-CASE-Q1-2026-00092-INV-02,False
2026-02-03T21:53:51Z,Containment Action Taken,ANALYST-006,CSE-BRAVO-CASE-Q1-2026-00092,True,False,EVREF-CSE-BRAVO-CASE-Q1-2026-00092-03,True,CSE-BRAVO-CASE-Q1-2026-00092-INV-03,False
2026-02-04T06:45:57Z,Affected Asset Identified,ANALYST-007,CSE-BRAVO-CASE-Q1-2026-00092,False,False,EVREF-CSE-BRAVO-CASE-Q1-2026-00092-04,True,CSE-BRAVO-CASE-Q1-2026-00092-INV-04,False
2026-02-04T15:38:03Z,Remediation Recorded,ANALYST-007,CSE-BRAVO-CASE-Q1-2026-00092,False,True,EVREF-CSE-BRAVO-CASE-Q1-2026-00092-05,True,CSE-BRAVO-CASE-Q1-2026-00092-INV-05,True
2026-02-05T00:30:09Z,Root Cause Analysis,ANALYST-015,CSE-BRAVO-CASE-Q1-2026-00092,False,True,,False,CSE-BRAVO-CASE-Q1-2026-00092-INV-06,False
2026-02-05T09:22:15Z,Escalation Decision Documented,ANALYST-018,CSE-BRAVO-CASE-Q1-2026-00092,False,True,EVREF-CSE-BRAVO-CASE-Q1-2026-00092-07,False,CSE-BRAVO-CASE-Q1-2026-00092-INV-07,False
2026-02-10T14:34:38Z,Containment Action Taken,ANALYST-017,CSE-BRAVO-CASE-Q1-2026-00093,False,False,,True,CSE-BRAVO-CASE-Q1-2026-00093-INV-01,False
2026-02-11T00:46:51Z,Root Cause Analysis,ANALYST-013,CSE-BRAVO-CASE-Q1-2026-00093,False,False,EVREF-CSE-BRAVO-CASE-Q1-2026-00093-02,False,CSE-BRAVO-CASE-Q1-2026-00093-INV-02,False
2026-02-11T10:59:05Z,Remediation Recorded,ANALYST-013,CSE-BRAVO-CASE-Q1-2026-00093,True,False,EVREF-CSE-BRAVO-CASE-Q1-2026-00093-03,False,CSE-BRAVO-CASE-Q1-2026-00093-INV-03,True
2026-02-11T21:11:18Z,Alert Reviewed,ANALYST-012,CSE-BRAVO-CASE-Q1-2026-00093,True,False,,False,CSE-BRAVO-CASE-Q1-2026-00093-INV-04,False
2026-02-12T07:23:32Z,Evidence Examined,ANALYST-013,CSE-BRAVO-CASE-Q1-2026-00093,True,False,EVREF-CSE-BRAVO-CASE-Q1-2026-00093-05,False,CSE-BRAVO-CASE-Q1-2026-00093-INV-05,False
2026-02-12T17:35:45Z,Log Correlation Performed,ANALYST-010,CSE-BRAVO-CASE-Q1-2026-00093,False,False,EVREF-CSE-BRAVO-CASE-Q1-2026-00093-06,True,CSE-BRAVO-CASE-Q1-2026-00093-INV-06,False
2026-01-16T16:37:46Z,Remediation Recorded,ANALYST-014,CSE-BRAVO-CASE-Q1-2026-00094,True,False,,False,CSE-BRAVO-CASE-Q1-2026-00094-INV-01,False
2026-01-17T02:44:07Z,Affected Asset Identified,ANALYST-015,CSE-BRAVO-CASE-Q1-2026-00094,False,False,EVREF-CSE-BRAVO-CASE-Q1-2026-00094-02,False,CSE-BRAVO-CASE-Q1-2026-00094-INV-02,False
2026-01-17T12:50:28Z,Containment Action Taken,ANALYST-001,CSE-BRAVO-CASE-Q1-2026-00094,True,True,EVREF-CSE-BRAVO-CASE-Q1-2026-00094-03,True,CSE-BRAVO-CASE-Q1-2026-00094-INV-03,False
2026-01-17T22:56:49Z,Evidence Examined,ANALYST-017,CSE-BRAVO-CASE-Q1-2026-00094,False,False,,True,CSE-BRAVO-CASE-Q1-2026-00094-INV-04,False
2026-01-18T09:03:10Z,Alert Reviewed,ANALYST-017,CSE-BRAVO-CASE-Q1-2026-00094,False,True,,True,CSE-BRAVO-CASE-Q1-2026-00094-INV-05,False
2026-01-18T19:09:31Z,Disposition Documented,ANALYST-018,CSE-BRAVO-CASE-Q1-2026-00094,True,False,EVREF-CSE-BRAVO-CASE-Q1-2026-00094-06,False,CSE-BRAVO-CASE-Q1-2026-00094-INV-06,False
2026-02-20T22:33:02Z,Alert Reviewed,ANALYST-005,CSE-BRAVO-CASE-Q1-2026-00095,True,True,EVREF-CSE-BRAVO-CASE-Q1-2026-00095-01,True,CSE-BRAVO-CASE-Q1-2026-00095-INV-01,False
2026-02-21T01:27:37Z,Log Correlation Performed,ANALYST-004,CSE-BRAVO-CASE-Q1-2026-00095,True,False,,True,CSE-BRAVO-CASE-Q1-2026-00095-INV-02,False
2026-02-21T04:22:11Z,Finding Documented,ANALYST-015,CSE-BRAVO-CASE-Q1-2026-00095,False,False,EVREF-CSE-BRAVO-CASE-Q1-2026-00095-03,True,CSE-BRAVO-CASE-Q1-2026-00095-INV-03,False
2026-02-21T07:16:45Z,Containment Action Taken,ANALYST-012,CSE-BRAVO-CASE-Q1-2026-00095,True,False,EVREF-CSE-BRAVO-CASE-Q1-2026-00095-04,True,CSE-BRAVO-CASE-Q1-2026-00095-INV-04,False
2026-02-21T10:11:20Z,Escalation Decision Documented,ANALYST-015,CSE-BRAVO-CASE-Q1-2026-00095,False,True,EVREF-CSE-BRAVO-CASE-Q1-2026-00095-05,False,CSE-BRAVO-CASE-Q1-2026-00095-INV-05,False
2026-02-21T13:05:54Z,Remediation Recorded,ANALYST-016,CSE-BRAVO-CASE-Q1-2026-00095,False,False,EVREF-CSE-BRAVO-CASE-Q1-2026-00095-06,True,CSE-BRAVO-CASE-Q1-2026-00095-INV-06,True
2026-02-21T16:00:28Z,Disposition Documented,ANALYST-017,CSE-BRAVO-CASE-Q1-2026-00095,True,False,EVREF-CSE-BRAVO-CASE-Q1-2026-00095-07,True,CSE-BRAVO-CASE-Q1-2026-00095-INV-07,False
2026-02-06T00:41:00Z,Escalation Decision Documented,ANALYST-001,CSE-BRAVO-CASE-Q1-2026-00096,True,True,EVREF-CSE-BRAVO-CASE-Q1-2026-00096-01,False,CSE-BRAVO-CASE-Q1-2026-00096-INV-01,False
2026-02-06T03:01:17Z,Containment Action Taken,ANALYST-009,CSE-BRAVO-CASE-Q1-2026-00096,False,False,,True,CSE-BRAVO-CASE-Q1-2026-00096-INV-02,False
2026-02-06T05:21:33Z,Remediation Recorded,ANALYST-010,CSE-BRAVO-CASE-Q1-2026-00096,True,True,EVREF-CSE-BRAVO-CASE-Q1-2026-00096-03,True,CSE-BRAVO-CASE-Q1-2026-00096-INV-03,False
2026-02-06T07:41:49Z,Disposition Documented,ANALYST-015,CSE-BRAVO-CASE-Q1-2026-00096,True,True,,False,CSE-BRAVO-CASE-Q1-2026-00096-INV-04,False
2026-02-06T10:02:06Z,Alert Reviewed,ANALYST-017,CSE-BRAVO-CASE-Q1-2026-00096,False,False,EVREF-CSE-BRAVO-CASE-Q1-2026-00096-05,False,CSE-BRAVO-CASE-Q1-2026-00096-INV-05,False
2026-02-06T12:22:22Z,Root Cause Analysis,ANALYST-014,CSE-BRAVO-CASE-Q1-2026-00096,False,False,EVREF-CSE-BRAVO-CASE-Q1-2026-00096-06,True,CSE-BRAVO-CASE-Q1-2026-00096-INV-06,False
2026-02-06T14:42:38Z,Finding Documented,ANALYST-007,CSE-BRAVO-CASE-Q1-2026-00096,False,False,EVREF-CSE-BRAVO-CASE-Q1-2026-00096-07,True,CSE-BRAVO-CASE-Q1-2026-00096-INV-07,False
2026-03-15T16:14:52Z,Remediation Recorded,ANALYST-016,CSE-BRAVO-CASE-Q1-2026-00097,False,False,,False,CSE-BRAVO-CASE-Q1-2026-00097-INV-01,True
2026-03-15T22:02:45Z,Affected Asset Identified,ANALYST-007,CSE-BRAVO-CASE-Q1-2026-00097,False,True,EVREF-CSE-BRAVO-CASE-Q1-2026-00097-02,False,CSE-BRAVO-CASE-Q1-2026-00097-INV-02,False
2026-03-16T03:50:38Z,Root Cause Analysis,ANALYST-006,CSE-BRAVO-CASE-Q1-2026-00097,False,False,EVREF-CSE-BRAVO-CASE-Q1-2026-00097-03,False,CSE-BRAVO-CASE-Q1-2026-00097-INV-03,False
2026-03-16T09:38:32Z,Escalation Decision Documented,ANALYST-006,CSE-BRAVO-CASE-Q1-2026-00097,True,True,EVREF-CSE-BRAVO-CASE-Q1-2026-00097-04,True,CSE-BRAVO-CASE-Q1-2026-00097-INV-04,False
2026-03-16T15:26:25Z,Finding Documented,ANALYST-016,CSE-BRAVO-CASE-Q1-2026-00097,False,False,EVREF-CSE-BRAVO-CASE-Q1-2026-00097-05,True,CSE-BRAVO-CASE-Q1-2026-00097-INV-05,False
2026-03-16T21:14:18Z,Alert Reviewed,ANALYST-011,CSE-BRAVO-CASE-Q1-2026-00097,True,True,EVREF-CSE-BRAVO-CASE-Q1-2026-00097-06,True,CSE-BRAVO-CASE-Q1-2026-00097-INV-06,False
2026-03-17T03:02:12Z,Log Correlation Performed,ANALYST-005,CSE-BRAVO-CASE-Q1-2026-00097,True,False,EVREF-CSE-BRAVO-CASE-Q1-2026-00097-07,False,CSE-BRAVO-CASE-Q1-2026-00097-INV-07,False
2026-03-17T08:50:05Z,Evidence Examined,ANALYST-001,CSE-BRAVO-CASE-Q1-2026-00097,False,False,,False,CSE-BRAVO-CASE-Q1-2026-00097-INV-08,False
2026-01-22T00:23:31Z,Evidence Examined,ANALYST-014,CSE-BRAVO-CASE-Q1-2026-00098,False,False,,True,CSE-BRAVO-CASE-Q1-2026-00098-INV-01,False
2026-01-22T08:02:47Z,Affected Asset Identified,ANALYST-007,CSE-BRAVO-CASE-Q1-2026-00098,False,True,EVREF-CSE-BRAVO-CASE-Q1-2026-00098-02,False,CSE-BRAVO-CASE-Q1-2026-00098-INV-02,False
2026-01-22T15:42:02Z,Alert Reviewed,ANALYST-015,CSE-BRAVO-CASE-Q1-2026-00098,True,False,EVREF-CSE-BRAVO-CASE-Q1-2026-00098-03,False,CSE-BRAVO-CASE-Q1-2026-00098-INV-03,False
2026-01-22T23:21:18Z,Escalation Decision Documented,ANALYST-005,CSE-BRAVO-CASE-Q1-2026-00098,False,True,,True,CSE-BRAVO-CASE-Q1-2026-00098-INV-04,False
2026-01-23T07:00:34Z,Finding Documented,ANALYST-007,CSE-BRAVO-CASE-Q1-2026-00098,False,False,EVREF-CSE-BRAVO-CASE-Q1-2026-00098-05,True,CSE-BRAVO-CASE-Q1-2026-00098-INV-05,False
2026-01-23T14:39:49Z,Disposition Documented,ANALYST-001,CSE-BRAVO-CASE-Q1-2026-00098,True,False,,True,CSE-BRAVO-CASE-Q1-2026-00098-INV-06,False
2026-01-30T09:04:09Z,Escalation Decision Documented,ANALYST-008,CSE-BRAVO-CASE-Q1-2026-00099,False,True,EVREF-CSE-BRAVO-CASE-Q1-2026-00099-01,True,CSE-BRAVO-CASE-Q1-2026-00099-INV-01,False
2026-01-30T15:21:49Z,Disposition Documented,ANALYST-006,CSE-BRAVO-CASE-Q1-2026-00099,True,False,EVREF-CSE-BRAVO-CASE-Q1-2026-00099-02,False,CSE-BRAVO-CASE-Q1-2026-00099-INV-02,False
2026-01-30T21:39:29Z,Alert Reviewed,ANALYST-006,CSE-BRAVO-CASE-Q1-2026-00099,False,False,EVREF-CSE-BRAVO-CASE-Q1-2026-00099-03,False,CSE-BRAVO-CASE-Q1-2026-00099-INV-03,False
2026-01-31T03:57:09Z,Remediation Recorded,ANALYST-006,CSE-BRAVO-CASE-Q1-2026-00099,False,False,EVREF-CSE-BRAVO-CASE-Q1-2026-00099-04,False,CSE-BRAVO-CASE-Q1-2026-00099-INV-04,False
2026-01-31T10:14:49Z,Root Cause Analysis,ANALYST-015,CSE-BRAVO-CASE-Q1-2026-00099,False,True,EVREF-CSE-BRAVO-CASE-Q1-2026-00099-05,False,CSE-BRAVO-CASE-Q1-2026-00099-INV-05,False
2026-01-31T16:32:29Z,Containment Action Taken,ANALYST-012,CSE-BRAVO-CASE-Q1-2026-00099,True,False,EVREF-CSE-BRAVO-CASE-Q1-2026-00099-06,False,CSE-BRAVO-CASE-Q1-2026-00099-INV-06,False
2026-01-31T22:50:09Z,Log Correlation Performed,ANALYST-005,CSE-BRAVO-CASE-Q1-2026-00099,True,False,EVREF-CSE-BRAVO-CASE-Q1-2026-00099-07,True,CSE-BRAVO-CASE-Q1-2026-00099-INV-07,False
2026-02-01T05:07:49Z,Finding Documented,ANALYST-013,CSE-BRAVO-CASE-Q1-2026-00099,False,False,EVREF-CSE-BRAVO-CASE-Q1-2026-00099-08,True,CSE-BRAVO-CASE-Q1-2026-00099-INV-08,False
2026-02-18T02:12:43Z,Containment Action Taken,ANALYST-016,CSE-BRAVO-CASE-Q1-2026-00100,False,False,EVREF-CSE-BRAVO-CASE-Q1-2026-00100-01,True,CSE-BRAVO-CASE-Q1-2026-00100-INV-01,False
2026-02-18T07:00:54Z,Evidence Examined,ANALYST-005,CSE-BRAVO-CASE-Q1-2026-00100,True,False,EVREF-CSE-BRAVO-CASE-Q1-2026-00100-02,True,CSE-BRAVO-CASE-Q1-2026-00100-INV-02,False
2026-02-18T11:49:05Z,Disposition Documented,ANALYST-015,CSE-BRAVO-CASE-Q1-2026-00100,True,False,EVREF-CSE-BRAVO-CASE-Q1-2026-00100-03,False,CSE-BRAVO-CASE-Q1-2026-00100-INV-03,False
2026-02-18T16:37:16Z,Alert Reviewed,ANALYST-007,CSE-BRAVO-CASE-Q1-2026-00100,False,False,EVREF-CSE-BRAVO-CASE-Q1-2026-00100-04,False,CSE-BRAVO-CASE-Q1-2026-00100-INV-04,False
2026-02-18T21:25:27Z,Remediation Recorded,ANALYST-015,CSE-BRAVO-CASE-Q1-2026-00100,True,True,EVREF-CSE-BRAVO-CASE-Q1-2026-00100-05,False,CSE-BRAVO-CASE-Q1-2026-00100-INV-05,False
2026-02-19T02:13:38Z,Affected Asset Identified,ANALYST-014,CSE-BRAVO-CASE-Q1-2026-00100,False,False,EVREF-CSE-BRAVO-CASE-Q1-2026-00100-06,False,CSE-BRAVO-CASE-Q1-2026-00100-INV-06,False
2026-02-19T07:01:49Z,Root Cause Analysis,ANALYST-002,CSE-BRAVO-CASE-Q1-2026-00100,True,True,EVREF-CSE-BRAVO-CASE-Q1-2026-00100-07,False,CSE-BRAVO-CASE-Q1-2026-00100-INV-07,False
2026-02-19T11:50:00Z,Log Correlation Performed,ANALYST-001,CSE-BRAVO-CASE-Q1-2026-00100,True,False,EVREF-CSE-BRAVO-CASE-Q1-2026-00100-08,True,CSE-BRAVO-CASE-Q1-2026-00100-INV-08,False
2026-02-01T22:19:39Z,Escalation Decision Documented,ANALYST-010,CSE-BRAVO-CASE-Q1-2026-00101,False,True,EVREF-CSE-BRAVO-CASE-Q1-2026-00101-01,True,CSE-BRAVO-CASE-Q1-2026-00101-INV-01,False
2026-02-02T02:42:42Z,Affected Asset Identified,ANALYST-006,CSE-BRAVO-CASE-Q1-2026-00101,False,True,EVREF-CSE-BRAVO-CASE-Q1-2026-00101-02,False,CSE-BRAVO-CASE-Q1-2026-00101-INV-02,False
2026-02-02T07:05:44Z,Disposition Documented,ANALYST-007,CSE-BRAVO-CASE-Q1-2026-00101,True,False,EVREF-CSE-BRAVO-CASE-Q1-2026-00101-03,False,CSE-BRAVO-CASE-Q1-2026-00101-INV-03,False
2026-02-02T11:28:47Z,Evidence Examined,ANALYST-017,CSE-BRAVO-CASE-Q1-2026-00101,True,False,EVREF-CSE-BRAVO-CASE-Q1-2026-00101-04,True,CSE-BRAVO-CASE-Q1-2026-00101-INV-04,False
2026-02-02T15:51:49Z,Log Correlation Performed,ANALYST-016,CSE-BRAVO-CASE-Q1-2026-00101,True,False,,False,CSE-BRAVO-CASE-Q1-2026-00101-INV-05,False
2026-02-02T20:14:51Z,Remediation Recorded,ANALYST-014,CSE-BRAVO-CASE-Q1-2026-00101,True,True,EVREF-CSE-BRAVO-CASE-Q1-2026-00101-06,True,CSE-BRAVO-CASE-Q1-2026-00101-INV-06,False
2026-02-08T12:56:32Z,Affected Asset Identified,ANALYST-003,CSE-BRAVO-CASE-Q1-2026-00102,True,False,EVREF-CSE-BRAVO-CASE-Q1-2026-00102-01,False,CSE-BRAVO-CASE-Q1-2026-00102-INV-01,False
2026-02-08T16:14:08Z,Root Cause Analysis,ANALYST-013,CSE-BRAVO-CASE-Q1-2026-00102,False,False,EVREF-CSE-BRAVO-CASE-Q1-2026-00102-02,True,CSE-BRAVO-CASE-Q1-2026-00102-INV-02,False
2026-02-08T19:31:43Z,Remediation Recorded,ANALYST-013,CSE-BRAVO-CASE-Q1-2026-00102,False,True,,False,CSE-BRAVO-CASE-Q1-2026-00102-INV-03,True
2026-02-08T22:49:19Z,Containment Action Taken,ANALYST-007,CSE-BRAVO-CASE-Q1-2026-00102,True,True,EVREF-CSE-BRAVO-CASE-Q1-2026-00102-04,False,CSE-BRAVO-CASE-Q1-2026-00102-INV-04,False
2026-02-09T02:06:54Z,Alert Reviewed,ANALYST-009,CSE-BRAVO-CASE-Q1-2026-00102,False,True,EVREF-CSE-BRAVO-CASE-Q1-2026-00102-05,False,CSE-BRAVO-CASE-Q1-2026-00102-INV-05,False
2026-02-09T05:24:30Z,Log Correlation Performed,ANALYST-014,CSE-BRAVO-CASE-Q1-2026-00102,False,False,EVREF-CSE-BRAVO-CASE-Q1-2026-00102-06,False,CSE-BRAVO-CASE-Q1-2026-00102-INV-06,False
2026-02-09T08:42:05Z,Finding Documented,ANALYST-015,CSE-BRAVO-CASE-Q1-2026-00102,False,False,,True,CSE-BRAVO-CASE-Q1-2026-00102-INV-07,False
2026-03-28T05:57:09Z,Evidence Examined,ANALYST-014,CSE-BRAVO-CASE-Q1-2026-00103,False,True,EVREF-CSE-BRAVO-CASE-Q1-2026-00103-01,False,CSE-BRAVO-CASE-Q1-2026-00103-INV-01,False
2026-03-28T15:01:21Z,Affected Asset Identified,ANALYST-008,CSE-BRAVO-CASE-Q1-2026-00103,False,True,EVREF-CSE-BRAVO-CASE-Q1-2026-00103-02,False,CSE-BRAVO-CASE-Q1-2026-00103-INV-02,False
2026-03-29T00:05:32Z,Escalation Decision Documented,ANALYST-012,CSE-BRAVO-CASE-Q1-2026-00103,False,True,,False,CSE-BRAVO-CASE-Q1-2026-00103-INV-03,False
2026-03-29T09:09:44Z,Disposition Documented,ANALYST-004,CSE-BRAVO-CASE-Q1-2026-00103,True,False,EVREF-CSE-BRAVO-CASE-Q1-2026-00103-04,False,CSE-BRAVO-CASE-Q1-2026-00103-INV-04,False
2026-03-29T18:13:56Z,Log Correlation Performed,ANALYST-014,CSE-BRAVO-CASE-Q1-2026-00103,True,False,EVREF-CSE-BRAVO-CASE-Q1-2026-00103-05,True,CSE-BRAVO-CASE-Q1-2026-00103-INV-05,False
2026-03-30T03:18:07Z,Containment Action Taken,ANALYST-001,CSE-BRAVO-CASE-Q1-2026-00103,True,False,,False,CSE-BRAVO-CASE-Q1-2026-00103-INV-06,False
2026-03-30T12:22:19Z,Finding Documented,ANALYST-012,CSE-BRAVO-CASE-Q1-2026-00103,False,True,EVREF-CSE-BRAVO-CASE-Q1-2026-00103-07,True,CSE-BRAVO-CASE-Q1-2026-00103-INV-07,False
2026-01-09T19:57:44Z,Finding Documented,ANALYST-007,CSE-BRAVO-CASE-Q1-2026-00104,False,False,EVREF-CSE-BRAVO-CASE-Q1-2026-00104-01,True,CSE-BRAVO-CASE-Q1-2026-00104-INV-01,False
2026-01-10T05:37:24Z,Log Correlation Performed,ANALYST-017,CSE-BRAVO-CASE-Q1-2026-00104,False,True,EVREF-CSE-BRAVO-CASE-Q1-2026-00104-02,False,CSE-BRAVO-CASE-Q1-2026-00104-INV-02,False
2026-01-10T15:17:03Z,Alert Reviewed,ANALYST-015,CSE-BRAVO-CASE-Q1-2026-00104,True,False,EVREF-CSE-BRAVO-CASE-Q1-2026-00104-03,True,CSE-BRAVO-CASE-Q1-2026-00104-INV-03,False
2026-01-11T00:56:42Z,Evidence Examined,ANALYST-015,CSE-BRAVO-CASE-Q1-2026-00104,True,False,EVREF-CSE-BRAVO-CASE-Q1-2026-00104-04,True,CSE-BRAVO-CASE-Q1-2026-00104-INV-04,False
2026-01-11T10:36:22Z,Escalation Decision Documented,ANALYST-004,CSE-BRAVO-CASE-Q1-2026-00104,False,True,,False,CSE-BRAVO-CASE-Q1-2026-00104-INV-05,False
2026-01-11T20:16:01Z,Remediation Recorded,ANALYST-012,CSE-BRAVO-CASE-Q1-2026-00104,False,False,EVREF-CSE-BRAVO-CASE-Q1-2026-00104-06,True,CSE-BRAVO-CASE-Q1-2026-00104-INV-06,False
2026-03-22T02:55:52Z,Evidence Examined,ANALYST-001,CSE-BRAVO-CASE-Q1-2026-00105,True,False,,False,CSE-BRAVO-CASE-Q1-2026-00105-INV-01,False
2026-03-22T08:34:49Z,Disposition Documented,ANALYST-011,CSE-BRAVO-CASE-Q1-2026-00105,True,False,EVREF-CSE-BRAVO-CASE-Q1-2026-00105-02,False,CSE-BRAVO-CASE-Q1-2026-00105-INV-02,False
2026-03-22T14:13:45Z,Containment Action Taken,ANALYST-002,CSE-BRAVO-CASE-Q1-2026-00105,True,False,EVREF-CSE-BRAVO-CASE-Q1-2026-00105-03,False,CSE-BRAVO-CASE-Q1-2026-00105-INV-03,False
2026-03-22T19:52:41Z,Escalation Decision Documented,ANALYST-007,CSE-BRAVO-CASE-Q1-2026-00105,False,True,EVREF-CSE-BRAVO-CASE-Q1-2026-00105-04,False,CSE-BRAVO-CASE-Q1-2026-00105-INV-04,False
2026-03-23T01:31:37Z,Affected Asset Identified,ANALYST-010,CSE-BRAVO-CASE-Q1-2026-00105,False,False,EVREF-CSE-BRAVO-CASE-Q1-2026-00105-05,False,CSE-BRAVO-CASE-Q1-2026-00105-INV-05,False
2026-03-23T07:10:34Z,Root Cause Analysis,ANALYST-002,CSE-BRAVO-CASE-Q1-2026-00105,False,False,,True,CSE-BRAVO-CASE-Q1-2026-00105-INV-06,False
2026-02-07T22:18:10Z,Finding Documented,ANALYST-016,CSE-BRAVO-CASE-Q1-2026-00106,False,False,EVREF-CSE-BRAVO-CASE-Q1-2026-00106-01,True,CSE-BRAVO-CASE-Q1-2026-00106-INV-01,False
2026-02-08T06:04:53Z,Evidence Examined,ANALYST-016,CSE-BRAVO-CASE-Q1-2026-00106,True,True,EVREF-CSE-BRAVO-CASE-Q1-2026-00106-02,False,CSE-BRAVO-CASE-Q1-2026-00106-INV-02,False
2026-02-08T13:51:37Z,Escalation Decision Documented,ANALYST-003,CSE-BRAVO-CASE-Q1-2026-00106,True,True,EVREF-CSE-BRAVO-CASE-Q1-2026-00106-03,False,CSE-BRAVO-CASE-Q1-2026-00106-INV-03,False
2026-02-08T21:38:20Z,Affected Asset Identified,ANALYST-007,CSE-BRAVO-CASE-Q1-2026-00106,False,False,EVREF-CSE-BRAVO-CASE-Q1-2026-00106-04,True,CSE-BRAVO-CASE-Q1-2026-00106-INV-04,False
2026-02-09T05:25:04Z,Root Cause Analysis,ANALYST-002,CSE-BRAVO-CASE-Q1-2026-00106,True,False,EVREF-CSE-BRAVO-CASE-Q1-2026-00106-05,False,CSE-BRAVO-CASE-Q1-2026-00106-INV-05,False
2026-02-09T13:11:47Z,Containment Action Taken,ANALYST-015,CSE-BRAVO-CASE-Q1-2026-00106,False,False,EVREF-CSE-BRAVO-CASE-Q1-2026-00106-06,False,CSE-BRAVO-CASE-Q1-2026-00106-INV-06,False
2026-02-09T20:58:30Z,Alert Reviewed,ANALYST-007,CSE-BRAVO-CASE-Q1-2026-00106,True,False,EVREF-CSE-BRAVO-CASE-Q1-2026-00106-07,True,CSE-BRAVO-CASE-Q1-2026-00106-INV-07,False
2026-01-10T07:31:43Z,Disposition Documented,ANALYST-011,CSE-BRAVO-CASE-Q1-2026-00107,True,False,EVREF-CSE-BRAVO-CASE-Q1-2026-00107-01,False,CSE-BRAVO-CASE-Q1-2026-00107-INV-01,False
2026-01-10T10:29:26Z,Log Correlation Performed,ANALYST-014,CSE-BRAVO-CASE-Q1-2026-00107,False,True,EVREF-CSE-BRAVO-CASE-Q1-2026-00107-02,False,CSE-BRAVO-CASE-Q1-2026-00107-INV-02,False
2026-01-10T13:27:10Z,Remediation Recorded,ANALYST-007,CSE-BRAVO-CASE-Q1-2026-00107,True,True,EVREF-CSE-BRAVO-CASE-Q1-2026-00107-03,False,CSE-BRAVO-CASE-Q1-2026-00107-INV-03,True
2026-01-10T16:24:53Z,Alert Reviewed,ANALYST-009,CSE-BRAVO-CASE-Q1-2026-00107,True,True,EVREF-CSE-BRAVO-CASE-Q1-2026-00107-04,False,CSE-BRAVO-CASE-Q1-2026-00107-INV-04,False
2026-01-10T19:22:36Z,Escalation Decision Documented,ANALYST-017,CSE-BRAVO-CASE-Q1-2026-00107,False,True,EVREF-CSE-BRAVO-CASE-Q1-2026-00107-05,False,CSE-BRAVO-CASE-Q1-2026-00107-INV-05,False
2026-01-10T22:20:20Z,Containment Action Taken,ANALYST-010,CSE-BRAVO-CASE-Q1-2026-00107,False,False,EVREF-CSE-BRAVO-CASE-Q1-2026-00107-06,False,CSE-BRAVO-CASE-Q1-2026-00107-INV-06,False
2026-01-11T01:18:03Z,Root Cause Analysis,ANALYST-016,CSE-BRAVO-CASE-Q1-2026-00107,False,False,EVREF-CSE-BRAVO-CASE-Q1-2026-00107-07,False,CSE-BRAVO-CASE-Q1-2026-00107-INV-07,False
2026-01-11T04:15:46Z,Finding Documented,ANALYST-003,CSE-BRAVO-CASE-Q1-2026-00107,False,False,,True,CSE-BRAVO-CASE-Q1-2026-00107-INV-08,False
2026-02-25T11:13:07Z,Evidence Examined,ANALYST-018,CSE-BRAVO-CASE-Q1-2026-00108,False,True,,False,CSE-BRAVO-CASE-Q1-2026-00108-INV-01,False
2026-02-25T15:38:54Z,Remediation Recorded,ANALYST-013,CSE-BRAVO-CASE-Q1-2026-00108,False,False,EVREF-CSE-BRAVO-CASE-Q1-2026-00108-02,False,CSE-BRAVO-CASE-Q1-2026-00108-INV-02,False
2026-02-25T20:04:42Z,Root Cause Analysis,ANALYST-006,CSE-BRAVO-CASE-Q1-2026-00108,False,False,EVREF-CSE-BRAVO-CASE-Q1-2026-00108-03,True,CSE-BRAVO-CASE-Q1-2026-00108-INV-03,False
2026-02-26T00:30:30Z,Disposition Documented,ANALYST-016,CSE-BRAVO-CASE-Q1-2026-00108,True,False,EVREF-CSE-BRAVO-CASE-Q1-2026-00108-04,True,CSE-BRAVO-CASE-Q1-2026-00108-INV-04,False
2026-02-26T04:56:18Z,Log Correlation Performed,ANALYST-001,CSE-BRAVO-CASE-Q1-2026-00108,False,False,EVREF-CSE-BRAVO-CASE-Q1-2026-00108-05,False,CSE-BRAVO-CASE-Q1-2026-00108-INV-05,False
2026-02-26T09:22:06Z,Finding Documented,ANALYST-018,CSE-BRAVO-CASE-Q1-2026-00108,False,False,EVREF-CSE-BRAVO-CASE-Q1-2026-00108-06,True,CSE-BRAVO-CASE-Q1-2026-00108-INV-06,False
2026-03-21T08:52:22Z,Finding Documented,ANALYST-011,CSE-BRAVO-CASE-Q1-2026-00109,False,False,EVREF-CSE-BRAVO-CASE-Q1-2026-00109-01,True,CSE-BRAVO-CASE-Q1-2026-00109-INV-01,False
2026-03-21T15:19:08Z,Disposition Documented,ANALYST-012,CSE-BRAVO-CASE-Q1-2026-00109,True,False,EVREF-CSE-BRAVO-CASE-Q1-2026-00109-02,True,CSE-BRAVO-CASE-Q1-2026-00109-INV-02,False
2026-03-21T21:45:53Z,Log Correlation Performed,ANALYST-010,CSE-BRAVO-CASE-Q1-2026-00109,False,False,EVREF-CSE-BRAVO-CASE-Q1-2026-00109-03,False,CSE-BRAVO-CASE-Q1-2026-00109-INV-03,False
2026-03-22T04:12:39Z,Containment Action Taken,ANALYST-003,CSE-BRAVO-CASE-Q1-2026-00109,True,False,EVREF-CSE-BRAVO-CASE-Q1-2026-00109-04,False,CSE-BRAVO-CASE-Q1-2026-00109-INV-04,False
2026-03-22T10:39:24Z,Alert Reviewed,ANALYST-003,CSE-BRAVO-CASE-Q1-2026-00109,False,True,EVREF-CSE-BRAVO-CASE-Q1-2026-00109-05,True,CSE-BRAVO-CASE-Q1-2026-00109-INV-05,False
2026-03-22T17:06:10Z,Root Cause Analysis,ANALYST-001,CSE-BRAVO-CASE-Q1-2026-00109,True,False,EVREF-CSE-BRAVO-CASE-Q1-2026-00109-06,False,CSE-BRAVO-CASE-Q1-2026-00109-INV-06,False
2026-03-22T23:32:55Z,Evidence Examined,ANALYST-012,CSE-BRAVO-CASE-Q1-2026-00109,True,True,EVREF-CSE-BRAVO-CASE-Q1-2026-00109-07,True,CSE-BRAVO-CASE-Q1-2026-00109-INV-07,False
2026-03-23T05:59:41Z,Remediation Recorded,ANALYST-012,CSE-BRAVO-CASE-Q1-2026-00109,False,False,,True,CSE-BRAVO-CASE-Q1-2026-00109-INV-08,True
2026-01-28T03:50:16Z,Remediation Recorded,ANALYST-014,CSE-BRAVO-CASE-Q1-2026-00110,False,False,EVREF-CSE-BRAVO-CASE-Q1-2026-00110-01,False,CSE-BRAVO-CASE-Q1-2026-00110-INV-01,True
2026-01-28T11:25:11Z,Evidence Examined,ANALYST-004,CSE-BRAVO-CASE-Q1-2026-00110,True,False,,False,CSE-BRAVO-CASE-Q1-2026-00110-INV-02,False
2026-01-28T19:00:06Z,Alert Reviewed,ANALYST-014,CSE-BRAVO-CASE-Q1-2026-00110,False,False,,True,CSE-BRAVO-CASE-Q1-2026-00110-INV-03,False
2026-01-29T02:35:02Z,Finding Documented,ANALYST-017,CSE-BRAVO-CASE-Q1-2026-00110,True,True,EVREF-CSE-BRAVO-CASE-Q1-2026-00110-04,True,CSE-BRAVO-CASE-Q1-2026-00110-INV-04,False
2026-01-29T10:09:57Z,Containment Action Taken,ANALYST-012,CSE-BRAVO-CASE-Q1-2026-00110,True,False,EVREF-CSE-BRAVO-CASE-Q1-2026-00110-05,True,CSE-BRAVO-CASE-Q1-2026-00110-INV-05,False
2026-01-29T17:44:52Z,Escalation Decision Documented,ANALYST-013,CSE-BRAVO-CASE-Q1-2026-00110,True,True,EVREF-CSE-BRAVO-CASE-Q1-2026-00110-06,False,CSE-BRAVO-CASE-Q1-2026-00110-INV-06,False
2026-02-05T15:32:24Z,Finding Documented,ANALYST-011,CSE-BRAVO-CASE-Q1-2026-00111,False,False,EVREF-CSE-BRAVO-CASE-Q1-2026-00111-01,True,CSE-BRAVO-CASE-Q1-2026-00111-INV-01,False
2026-02-06T06:28:46Z,Evidence Examined,ANALYST-003,CSE-BRAVO-CASE-Q1-2026-00111,True,True,,True,CSE-BRAVO-CASE-Q1-2026-00111-INV-02,False
2026-02-06T21:25:08Z,Containment Action Taken,ANALYST-006,CSE-BRAVO-CASE-Q1-2026-00111,True,False,EVREF-CSE-BRAVO-CASE-Q1-2026-00111-03,False,CSE-BRAVO-CASE-Q1-2026-00111-INV-03,False
2026-02-07T12:21:30Z,Disposition Documented,ANALYST-001,CSE-BRAVO-CASE-Q1-2026-00111,True,False,,False,CSE-BRAVO-CASE-Q1-2026-00111-INV-04,False
2026-03-22T16:04:32Z,Alert Reviewed,ANALYST-008,CSE-BRAVO-CASE-Q1-2026-00112,False,False,EVREF-CSE-BRAVO-CASE-Q1-2026-00112-01,False,CSE-BRAVO-CASE-Q1-2026-00112-INV-01,False
2026-03-22T22:13:10Z,Evidence Examined,ANALYST-009,CSE-BRAVO-CASE-Q1-2026-00112,False,False,,False,CSE-BRAVO-CASE-Q1-2026-00112-INV-02,False
2026-03-23T04:21:49Z,Containment Action Taken,ANALYST-018,CSE-BRAVO-CASE-Q1-2026-00112,True,False,EVREF-CSE-BRAVO-CASE-Q1-2026-00112-03,False,CSE-BRAVO-CASE-Q1-2026-00112-INV-03,False
2026-03-23T10:30:27Z,Log Correlation Performed,ANALYST-006,CSE-BRAVO-CASE-Q1-2026-00112,False,False,EVREF-CSE-BRAVO-CASE-Q1-2026-00112-04,True,CSE-BRAVO-CASE-Q1-2026-00112-INV-04,False
2026-03-23T16:39:06Z,Root Cause Analysis,ANALYST-001,CSE-BRAVO-CASE-Q1-2026-00112,False,True,EVREF-CSE-BRAVO-CASE-Q1-2026-00112-05,True,CSE-BRAVO-CASE-Q1-2026-00112-INV-05,False
2026-03-23T22:47:44Z,Disposition Documented,ANALYST-010,CSE-BRAVO-CASE-Q1-2026-00112,True,False,EVREF-CSE-BRAVO-CASE-Q1-2026-00112-06,True,CSE-BRAVO-CASE-Q1-2026-00112-INV-06,False
2026-03-24T04:56:22Z,Finding Documented,ANALYST-015,CSE-BRAVO-CASE-Q1-2026-00112,False,False,EVREF-CSE-BRAVO-CASE-Q1-2026-00112-07,True,CSE-BRAVO-CASE-Q1-2026-00112-INV-07,False
2026-03-13T06:29:53Z,Containment Action Taken,ANALYST-001,CSE-BRAVO-CASE-Q1-2026-00113,False,False,,False,CSE-BRAVO-CASE-Q1-2026-00113-INV-01,False
2026-03-13T11:23:28Z,Alert Reviewed,ANALYST-004,CSE-BRAVO-CASE-Q1-2026-00113,False,False,EVREF-CSE-BRAVO-CASE-Q1-2026-00113-02,False,CSE-BRAVO-CASE-Q1-2026-00113-INV-02,False
2026-03-13T16:17:03Z,Remediation Recorded,ANALYST-002,CSE-BRAVO-CASE-Q1-2026-00113,True,False,,True,CSE-BRAVO-CASE-Q1-2026-00113-INV-03,True
2026-03-13T21:10:38Z,Evidence Examined,ANALYST-015,CSE-BRAVO-CASE-Q1-2026-00113,False,False,EVREF-CSE-BRAVO-CASE-Q1-2026-00113-04,False,CSE-BRAVO-CASE-Q1-2026-00113-INV-04,False
2026-03-14T02:04:14Z,Root Cause Analysis,ANALYST-002,CSE-BRAVO-CASE-Q1-2026-00113,False,False,EVREF-CSE-BRAVO-CASE-Q1-2026-00113-05,True,CSE-BRAVO-CASE-Q1-2026-00113-INV-05,False
2026-03-14T06:57:49Z,Escalation Decision Documented,ANALYST-012,CSE-BRAVO-CASE-Q1-2026-00113,False,True,EVREF-CSE-BRAVO-CASE-Q1-2026-00113-06,True,CSE-BRAVO-CASE-Q1-2026-00113-INV-06,False
2026-03-14T11:51:24Z,Disposition Documented,ANALYST-011,CSE-BRAVO-CASE-Q1-2026-00113,True,False,EVREF-CSE-BRAVO-CASE-Q1-2026-00113-07,False,CSE-BRAVO-CASE-Q1-2026-00113-INV-07,False
2026-03-14T16:44:59Z,Affected Asset Identified,ANALYST-018,CSE-BRAVO-CASE-Q1-2026-00113,True,False,EVREF-CSE-BRAVO-CASE-Q1-2026-00113-08,False,CSE-BRAVO-CASE-Q1-2026-00113-INV-08,False
2026-03-01T11:46:08Z,Affected Asset Identified,ANALYST-013,CSE-BRAVO-CASE-Q1-2026-00114,False,False,EVREF-CSE-BRAVO-CASE-Q1-2026-00114-01,False,CSE-BRAVO-CASE-Q1-2026-00114-INV-01,False
2026-03-01T16:37:55Z,Finding Documented,ANALYST-001,CSE-BRAVO-CASE-Q1-2026-00114,False,False,EVREF-CSE-BRAVO-CASE-Q1-2026-00114-02,True,CSE-BRAVO-CASE-Q1-2026-00114-INV-02,False
2026-03-01T21:29:43Z,Disposition Documented,ANALYST-004,CSE-BRAVO-CASE-Q1-2026-00114,True,True,EVREF-CSE-BRAVO-CASE-Q1-2026-00114-03,False,CSE-BRAVO-CASE-Q1-2026-00114-INV-03,False
2026-03-02T02:21:30Z,Containment Action Taken,ANALYST-006,CSE-BRAVO-CASE-Q1-2026-00114,True,True,,False,CSE-BRAVO-CASE-Q1-2026-00114-INV-04,False
2026-03-02T07:13:18Z,Escalation Decision Documented,ANALYST-006,CSE-BRAVO-CASE-Q1-2026-00114,False,True,EVREF-CSE-BRAVO-CASE-Q1-2026-00114-05,False,CSE-BRAVO-CASE-Q1-2026-00114-INV-05,False
2026-03-02T12:05:05Z,Log Correlation Performed,ANALYST-005,CSE-BRAVO-CASE-Q1-2026-00114,True,False,EVREF-CSE-BRAVO-CASE-Q1-2026-00114-06,False,CSE-BRAVO-CASE-Q1-2026-00114-INV-06,False
2026-03-02T16:56:53Z,Remediation Recorded,ANALYST-002,CSE-BRAVO-CASE-Q1-2026-00114,True,True,EVREF-CSE-BRAVO-CASE-Q1-2026-00114-07,False,CSE-BRAVO-CASE-Q1-2026-00114-INV-07,False
2026-03-02T21:48:40Z,Alert Reviewed,ANALYST-015,CSE-BRAVO-CASE-Q1-2026-00114,True,False,EVREF-CSE-BRAVO-CASE-Q1-2026-00114-08,True,CSE-BRAVO-CASE-Q1-2026-00114-INV-08,False
2026-01-09T20:50:36Z,Affected Asset Identified,ANALYST-002,CSE-BRAVO-CASE-Q1-2026-00115,False,False,EVREF-CSE-BRAVO-CASE-Q1-2026-00115-01,False,CSE-BRAVO-CASE-Q1-2026-00115-INV-01,False
2026-01-09T23:31:37Z,Evidence Examined,ANALYST-013,CSE-BRAVO-CASE-Q1-2026-00115,False,False,EVREF-CSE-BRAVO-CASE-Q1-2026-00115-02,False,CSE-BRAVO-CASE-Q1-2026-00115-INV-02,False
2026-01-10T02:12:37Z,Remediation Recorded,ANALYST-018,CSE-BRAVO-CASE-Q1-2026-00115,True,False,,False,CSE-BRAVO-CASE-Q1-2026-00115-INV-03,False
2026-01-10T04:53:37Z,Disposition Documented,ANALYST-004,CSE-BRAVO-CASE-Q1-2026-00115,True,False,EVREF-CSE-BRAVO-CASE-Q1-2026-00115-04,False,CSE-BRAVO-CASE-Q1-2026-00115-INV-04,False
2026-01-10T07:34:37Z,Alert Reviewed,ANALYST-017,CSE-BRAVO-CASE-Q1-2026-00115,False,True,EVREF-CSE-BRAVO-CASE-Q1-2026-00115-05,False,CSE-BRAVO-CASE-Q1-2026-00115-INV-05,False
2026-01-10T10:15:37Z,Escalation Decision Documented,ANALYST-005,CSE-BRAVO-CASE-Q1-2026-00115,False,True,,False,CSE-BRAVO-CASE-Q1-2026-00115-INV-06,False
2026-01-10T12:56:37Z,Containment Action Taken,ANALYST-011,CSE-BRAVO-CASE-Q1-2026-00115,False,False,,False,CSE-BRAVO-CASE-Q1-2026-00115-INV-07,False
2026-01-10T15:37:38Z,Finding Documented,ANALYST-011,CSE-BRAVO-CASE-Q1-2026-00115,False,False,EVREF-CSE-BRAVO-CASE-Q1-2026-00115-08,True,CSE-BRAVO-CASE-Q1-2026-00115-INV-08,False
2026-03-02T11:39:15Z,Finding Documented,ANALYST-001,CSE-BRAVO-CASE-Q1-2026-00116,False,True,EVREF-CSE-BRAVO-CASE-Q1-2026-00116-01,True,CSE-BRAVO-CASE-Q1-2026-00116-INV-01,False
2026-03-02T21:29:44Z,Affected Asset Identified,ANALYST-014,CSE-BRAVO-CASE-Q1-2026-00116,True,True,,False,CSE-BRAVO-CASE-Q1-2026-00116-INV-02,False
2026-03-03T07:20:13Z,Evidence Examined,ANALYST-018,CSE-BRAVO-CASE-Q1-2026-00116,True,False,EVREF-CSE-BRAVO-CASE-Q1-2026-00116-03,True,CSE-BRAVO-CASE-Q1-2026-00116-INV-03,False
2026-03-03T17:10:42Z,Remediation Recorded,ANALYST-014,CSE-BRAVO-CASE-Q1-2026-00116,False,True,,False,CSE-BRAVO-CASE-Q1-2026-00116-INV-04,False
2026-03-04T03:01:11Z,Alert Reviewed,ANALYST-008,CSE-BRAVO-CASE-Q1-2026-00116,True,True,EVREF-CSE-BRAVO-CASE-Q1-2026-00116-05,False,CSE-BRAVO-CASE-Q1-2026-00116-INV-05,False
2026-03-04T12:51:40Z,Escalation Decision Documented,ANALYST-014,CSE-BRAVO-CASE-Q1-2026-00116,False,True,,False,CSE-BRAVO-CASE-Q1-2026-00116-INV-06,False
2026-03-04T22:42:09Z,Containment Action Taken,ANALYST-001,CSE-BRAVO-CASE-Q1-2026-00116,False,False,,False,CSE-BRAVO-CASE-Q1-2026-00116-INV-07,False
2026-03-05T08:32:38Z,Log Correlation Performed,ANALYST-012,CSE-BRAVO-CASE-Q1-2026-00116,False,False,EVREF-CSE-BRAVO-CASE-Q1-2026-00116-08,True,CSE-BRAVO-CASE-Q1-2026-00116-INV-08,False
2026-03-09T07:11:01Z,Evidence Examined,ANALYST-009,CSE-BRAVO-CASE-Q1-2026-00117,False,False,,False,CSE-BRAVO-CASE-Q1-2026-00117-INV-01,False
2026-03-09T12:35:52Z,Affected Asset Identified,ANALYST-003,CSE-BRAVO-CASE-Q1-2026-00117,True,True,EVREF-CSE-BRAVO-CASE-Q1-2026-00117-02,True,CSE-BRAVO-CASE-Q1-2026-00117-INV-02,False
2026-03-09T18:00:42Z,Alert Reviewed,ANALYST-016,CSE-BRAVO-CASE-Q1-2026-00117,True,False,,False,CSE-BRAVO-CASE-Q1-2026-00117-INV-03,False
2026-03-09T23:25:33Z,Escalation Decision Documented,ANALYST-015,CSE-BRAVO-CASE-Q1-2026-00117,False,True,EVREF-CSE-BRAVO-CASE-Q1-2026-00117-04,True,CSE-BRAVO-CASE-Q1-2026-00117-INV-04,False
2026-03-10T04:50:24Z,Disposition Documented,ANALYST-003,CSE-BRAVO-CASE-Q1-2026-00117,True,True,,False,CSE-BRAVO-CASE-Q1-2026-00117-INV-05,False
2026-03-10T10:15:15Z,Root Cause Analysis,ANALYST-014,CSE-BRAVO-CASE-Q1-2026-00117,False,False,EVREF-CSE-BRAVO-CASE-Q1-2026-00117-06,True,CSE-BRAVO-CASE-Q1-2026-00117-INV-06,False
2026-03-10T15:40:06Z,Log Correlation Performed,ANALYST-001,CSE-BRAVO-CASE-Q1-2026-00117,False,False,EVREF-CSE-BRAVO-CASE-Q1-2026-00117-07,True,CSE-BRAVO-CASE-Q1-2026-00117-INV-07,False
2026-02-26T01:33:20Z,Escalation Decision Documented,ANALYST-002,CSE-BRAVO-CASE-Q1-2026-00118,False,True,EVREF-CSE-BRAVO-CASE-Q1-2026-00118-01,True,CSE-BRAVO-CASE-Q1-2026-00118-INV-01,False
2026-02-26T09:44:07Z,Alert Reviewed,ANALYST-011,CSE-BRAVO-CASE-Q1-2026-00118,True,True,EVREF-CSE-BRAVO-CASE-Q1-2026-00118-02,False,CSE-BRAVO-CASE-Q1-2026-00118-INV-02,False
2026-02-26T17:54:53Z,Root Cause Analysis,ANALYST-002,CSE-BRAVO-CASE-Q1-2026-00118,False,False,EVREF-CSE-BRAVO-CASE-Q1-2026-00118-03,False,CSE-BRAVO-CASE-Q1-2026-00118-INV-03,False
2026-02-27T02:05:40Z,Remediation Recorded,ANALYST-002,CSE-BRAVO-CASE-Q1-2026-00118,False,True,EVREF-CSE-BRAVO-CASE-Q1-2026-00118-04,True,CSE-BRAVO-CASE-Q1-2026-00118-INV-04,True
2026-02-27T10:16:27Z,Log Correlation Performed,ANALYST-003,CSE-BRAVO-CASE-Q1-2026-00118,True,True,,False,CSE-BRAVO-CASE-Q1-2026-00118-INV-05,False
2026-02-27T18:27:14Z,Evidence Examined,ANALYST-013,CSE-BRAVO-CASE-Q1-2026-00118,False,False,EVREF-CSE-BRAVO-CASE-Q1-2026-00118-06,False,CSE-BRAVO-CASE-Q1-2026-00118-INV-06,False
2026-02-28T02:38:01Z,Disposition Documented,ANALYST-018,CSE-BRAVO-CASE-Q1-2026-00118,True,True,EVREF-CSE-BRAVO-CASE-Q1-2026-00118-07,False,CSE-BRAVO-CASE-Q1-2026-00118-INV-07,False
2026-03-13T12:44:33Z,Disposition Documented,ANALYST-017,CSE-BRAVO-CASE-Q1-2026-00119,True,True,EVREF-CSE-BRAVO-CASE-Q1-2026-00119-01,False,CSE-BRAVO-CASE-Q1-2026-00119-INV-01,False
2026-03-13T20:28:23Z,Evidence Examined,ANALYST-005,CSE-BRAVO-CASE-Q1-2026-00119,False,False,,True,CSE-BRAVO-CASE-Q1-2026-00119-INV-02,False
2026-03-14T04:12:13Z,Root Cause Analysis,ANALYST-016,CSE-BRAVO-CASE-Q1-2026-00119,False,False,EVREF-CSE-BRAVO-CASE-Q1-2026-00119-03,False,CSE-BRAVO-CASE-Q1-2026-00119-INV-03,False
2026-03-14T11:56:03Z,Remediation Recorded,ANALYST-002,CSE-BRAVO-CASE-Q1-2026-00119,False,False,EVREF-CSE-BRAVO-CASE-Q1-2026-00119-04,True,CSE-BRAVO-CASE-Q1-2026-00119-INV-04,False
2026-03-14T19:39:53Z,Affected Asset Identified,ANALYST-006,CSE-BRAVO-CASE-Q1-2026-00119,False,False,EVREF-CSE-BRAVO-CASE-Q1-2026-00119-05,True,CSE-BRAVO-CASE-Q1-2026-00119-INV-05,False
2026-03-15T03:23:44Z,Escalation Decision Documented,ANALYST-005,CSE-BRAVO-CASE-Q1-2026-00119,False,True,EVREF-CSE-BRAVO-CASE-Q1-2026-00119-06,True,CSE-BRAVO-CASE-Q1-2026-00119-INV-06,False
2026-03-15T11:07:34Z,Containment Action Taken,ANALYST-007,CSE-BRAVO-CASE-Q1-2026-00119,False,False,EVREF-CSE-BRAVO-CASE-Q1-2026-00119-07,True,CSE-BRAVO-CASE-Q1-2026-00119-INV-07,False
2026-02-04T16:09:58Z,Root Cause Analysis,ANALYST-010,CSE-BRAVO-CASE-Q1-2026-00120,False,False,EVREF-CSE-BRAVO-CASE-Q1-2026-00120-01,True,CSE-BRAVO-CASE-Q1-2026-00120-INV-01,False
2026-02-04T19:38:38Z,Escalation Decision Documented,ANALYST-006,CSE-BRAVO-CASE-Q1-2026-00120,False,True,,False,CSE-BRAVO-CASE-Q1-2026-00120-INV-02,False
2026-02-04T23:07:17Z,Containment Action Taken,ANALYST-012,CSE-BRAVO-CASE-Q1-2026-00120,False,False,EVREF-CSE-BRAVO-CASE-Q1-2026-00120-03,True,CSE-BRAVO-CASE-Q1-2026-00120-INV-03,False
2026-02-05T02:35:57Z,Remediation Recorded,ANALYST-002,CSE-BRAVO-CASE-Q1-2026-00120,False,False,EVREF-CSE-BRAVO-CASE-Q1-2026-00120-04,False,CSE-BRAVO-CASE-Q1-2026-00120-INV-04,True
2026-02-05T06:04:36Z,Evidence Examined,ANALYST-001,CSE-BRAVO-CASE-Q1-2026-00120,False,False,EVREF-CSE-BRAVO-CASE-Q1-2026-00120-05,False,CSE-BRAVO-CASE-Q1-2026-00120-INV-05,False
2026-02-05T09:33:16Z,Alert Reviewed,ANALYST-004,CSE-BRAVO-CASE-Q1-2026-00120,False,False,EVREF-CSE-BRAVO-CASE-Q1-2026-00120-06,False,CSE-BRAVO-CASE-Q1-2026-00120-INV-06,False
2026-02-05T13:01:55Z,Affected Asset Identified,ANALYST-002,CSE-BRAVO-CASE-Q1-2026-00120,True,False,,False,CSE-BRAVO-CASE-Q1-2026-00120-INV-07,False
2026-02-05T16:30:35Z,Disposition Documented,ANALYST-005,CSE-BRAVO-CASE-Q1-2026-00120,True,False,EVREF-CSE-BRAVO-CASE-Q1-2026-00120-08,True,CSE-BRAVO-CASE-Q1-2026-00120-INV-08,False
2026-02-14T02:14:38Z,Log Correlation Performed,ANALYST-013,CSE-BRAVO-CASE-Q1-2026-00121,False,False,EVREF-CSE-BRAVO-CASE-Q1-2026-00121-01,True,CSE-BRAVO-CASE-Q1-2026-00121-INV-01,False
2026-02-14T05:05:14Z,Disposition Documented,ANALYST-001,CSE-BRAVO-CASE-Q1-2026-00121,True,True,EVREF-CSE-BRAVO-CASE-Q1-2026-00121-02,True,CSE-BRAVO-CASE-Q1-2026-00121-INV-02,False
2026-02-14T07:55:50Z,Alert Reviewed,ANALYST-003,CSE-BRAVO-CASE-Q1-2026-00121,False,False,EVREF-CSE-BRAVO-CASE-Q1-2026-00121-03,True,CSE-BRAVO-CASE-Q1-2026-00121-INV-03,False
2026-02-14T10:46:25Z,Evidence Examined,ANALYST-002,CSE-BRAVO-CASE-Q1-2026-00121,False,False,EVREF-CSE-BRAVO-CASE-Q1-2026-00121-04,True,CSE-BRAVO-CASE-Q1-2026-00121-INV-04,False
2026-02-14T13:37:01Z,Root Cause Analysis,ANALYST-005,CSE-BRAVO-CASE-Q1-2026-00121,False,False,EVREF-CSE-BRAVO-CASE-Q1-2026-00121-05,False,CSE-BRAVO-CASE-Q1-2026-00121-INV-05,False
2026-02-14T16:27:37Z,Affected Asset Identified,ANALYST-014,CSE-BRAVO-CASE-Q1-2026-00121,False,False,,False,CSE-BRAVO-CASE-Q1-2026-00121-INV-06,False
2026-02-14T19:18:12Z,Escalation Decision Documented,ANALYST-015,CSE-BRAVO-CASE-Q1-2026-00121,True,True,EVREF-CSE-BRAVO-CASE-Q1-2026-00121-07,True,CSE-BRAVO-CASE-Q1-2026-00121-INV-07,False
2026-02-14T22:08:48Z,Containment Action Taken,ANALYST-018,CSE-BRAVO-CASE-Q1-2026-00121,True,False,,False,CSE-BRAVO-CASE-Q1-2026-00121-INV-08,False
2026-02-12T12:29:52Z,Escalation Decision Documented,ANALYST-018,CSE-BRAVO-CASE-Q1-2026-00122,True,True,EVREF-CSE-BRAVO-CASE-Q1-2026-00122-01,False,CSE-BRAVO-CASE-Q1-2026-00122-INV-01,False
2026-02-12T19:16:08Z,Alert Reviewed,ANALYST-016,CSE-BRAVO-CASE-Q1-2026-00122,True,False,EVREF-CSE-BRAVO-CASE-Q1-2026-00122-02,False,CSE-BRAVO-CASE-Q1-2026-00122-INV-02,False
2026-02-13T02:02:24Z,Log Correlation Performed,ANALYST-012,CSE-BRAVO-CASE-Q1-2026-00122,False,False,EVREF-CSE-BRAVO-CASE-Q1-2026-00122-03,False,CSE-BRAVO-CASE-Q1-2026-00122-INV-03,False
2026-02-13T08:48:39Z,Containment Action Taken,ANALYST-015,CSE-BRAVO-CASE-Q1-2026-00122,False,True,EVREF-CSE-BRAVO-CASE-Q1-2026-00122-04,False,CSE-BRAVO-CASE-Q1-2026-00122-INV-04,False
2026-02-13T15:34:55Z,Disposition Documented,ANALYST-013,CSE-BRAVO-CASE-Q1-2026-00122,True,False,EVREF-CSE-BRAVO-CASE-Q1-2026-00122-05,True,CSE-BRAVO-CASE-Q1-2026-00122-INV-05,False
2026-02-13T22:21:11Z,Finding Documented,ANALYST-012,CSE-BRAVO-CASE-Q1-2026-00122,False,True,EVREF-CSE-BRAVO-CASE-Q1-2026-00122-06,True,CSE-BRAVO-CASE-Q1-2026-00122-INV-06,False
2026-03-14T22:37:51Z,Remediation Recorded,ANALYST-015,CSE-BRAVO-CASE-Q1-2026-00123,False,False,EVREF-CSE-BRAVO-CASE-Q1-2026-00123-01,False,CSE-BRAVO-CASE-Q1-2026-00123-INV-01,True
2026-03-15T03:45:39Z,Evidence Examined,ANALYST-005,CSE-BRAVO-CASE-Q1-2026-00123,False,False,EVREF-CSE-BRAVO-CASE-Q1-2026-00123-02,False,CSE-BRAVO-CASE-Q1-2026-00123-INV-02,False
2026-03-15T08:53:28Z,Finding Documented,ANALYST-007,CSE-BRAVO-CASE-Q1-2026-00123,True,False,EVREF-CSE-BRAVO-CASE-Q1-2026-00123-03,True,CSE-BRAVO-CASE-Q1-2026-00123-INV-03,False
2026-03-15T14:01:16Z,Affected Asset Identified,ANALYST-008,CSE-BRAVO-CASE-Q1-2026-00123,False,False,EVREF-CSE-BRAVO-CASE-Q1-2026-00123-04,True,CSE-BRAVO-CASE-Q1-2026-00123-INV-04,False
2026-03-15T19:09:05Z,Log Correlation Performed,ANALYST-010,CSE-BRAVO-CASE-Q1-2026-00123,False,False,,True,CSE-BRAVO-CASE-Q1-2026-00123-INV-05,False
2026-03-16T00:16:53Z,Containment Action Taken,ANALYST-001,CSE-BRAVO-CASE-Q1-2026-00123,False,False,EVREF-CSE-BRAVO-CASE-Q1-2026-00123-06,False,CSE-BRAVO-CASE-Q1-2026-00123-INV-06,False
2026-03-16T05:24:42Z,Alert Reviewed,ANALYST-010,CSE-BRAVO-CASE-Q1-2026-00123,False,True,EVREF-CSE-BRAVO-CASE-Q1-2026-00123-07,False,CSE-BRAVO-CASE-Q1-2026-00123-INV-07,False
2026-03-16T10:32:30Z,Root Cause Analysis,ANALYST-014,CSE-BRAVO-CASE-Q1-2026-00123,True,False,,True,CSE-BRAVO-CASE-Q1-2026-00123-INV-08,False
2026-03-26T10:17:14Z,Remediation Recorded,ANALYST-015,CSE-BRAVO-CASE-Q1-2026-00124,False,False,EVREF-CSE-BRAVO-CASE-Q1-2026-00124-01,False,CSE-BRAVO-CASE-Q1-2026-00124-INV-01,False
2026-03-26T17:44:05Z,Finding Documented,ANALYST-003,CSE-BRAVO-CASE-Q1-2026-00124,True,True,EVREF-CSE-BRAVO-CASE-Q1-2026-00124-02,True,CSE-BRAVO-CASE-Q1-2026-00124-INV-02,False
2026-03-27T01:10:55Z,Disposition Documented,ANALYST-017,CSE-BRAVO-CASE-Q1-2026-00124,True,False,EVREF-CSE-BRAVO-CASE-Q1-2026-00124-03,True,CSE-BRAVO-CASE-Q1-2026-00124-INV-03,False
2026-03-27T08:37:46Z,Alert Reviewed,ANALYST-015,CSE-BRAVO-CASE-Q1-2026-00124,True,True,EVREF-CSE-BRAVO-CASE-Q1-2026-00124-04,False,CSE-BRAVO-CASE-Q1-2026-00124-INV-04,False
2026-03-27T16:04:36Z,Affected Asset Identified,ANALYST-018,CSE-BRAVO-CASE-Q1-2026-00124,False,False,EVREF-CSE-BRAVO-CASE-Q1-2026-00124-05,True,CSE-BRAVO-CASE-Q1-2026-00124-INV-05,False
2026-03-27T23:31:27Z,Escalation Decision Documented,ANALYST-009,CSE-BRAVO-CASE-Q1-2026-00124,True,True,,False,CSE-BRAVO-CASE-Q1-2026-00124-INV-06,False
2026-03-28T06:58:17Z,Containment Action Taken,ANALYST-007,CSE-BRAVO-CASE-Q1-2026-00124,False,False,EVREF-CSE-BRAVO-CASE-Q1-2026-00124-07,False,CSE-BRAVO-CASE-Q1-2026-00124-INV-07,False
2026-02-28T09:28:29Z,Remediation Recorded,ANALYST-014,CSE-BRAVO-CASE-Q1-2026-00125,True,False,EVREF-CSE-BRAVO-CASE-Q1-2026-00125-01,False,CSE-BRAVO-CASE-Q1-2026-00125-INV-01,True
2026-02-28T12:03:14Z,Log Correlation Performed,ANALYST-007,CSE-BRAVO-CASE-Q1-2026-00125,False,False,EVREF-CSE-BRAVO-CASE-Q1-2026-00125-02,False,CSE-BRAVO-CASE-Q1-2026-00125-INV-02,False
2026-02-28T14:37:58Z,Disposition Documented,ANALYST-014,CSE-BRAVO-CASE-Q1-2026-00125,True,False,EVREF-CSE-BRAVO-CASE-Q1-2026-00125-03,False,CSE-BRAVO-CASE-Q1-2026-00125-INV-03,False
2026-02-28T17:12:43Z,Root Cause Analysis,ANALYST-002,CSE-BRAVO-CASE-Q1-2026-00125,False,False,EVREF-CSE-BRAVO-CASE-Q1-2026-00125-04,True,CSE-BRAVO-CASE-Q1-2026-00125-INV-04,False
2026-02-28T19:47:28Z,Affected Asset Identified,ANALYST-013,CSE-BRAVO-CASE-Q1-2026-00125,False,False,EVREF-CSE-BRAVO-CASE-Q1-2026-00125-05,True,CSE-BRAVO-CASE-Q1-2026-00125-INV-05,False
2026-02-28T22:22:12Z,Containment Action Taken,ANALYST-010,CSE-BRAVO-CASE-Q1-2026-00125,True,False,EVREF-CSE-BRAVO-CASE-Q1-2026-00125-06,True,CSE-BRAVO-CASE-Q1-2026-00125-INV-06,False
2026-03-01T00:56:57Z,Finding Documented,ANALYST-012,CSE-BRAVO-CASE-Q1-2026-00125,True,False,EVREF-CSE-BRAVO-CASE-Q1-2026-00125-07,True,CSE-BRAVO-CASE-Q1-2026-00125-INV-07,False
2026-03-01T03:31:41Z,Evidence Examined,ANALYST-018,CSE-BRAVO-CASE-Q1-2026-00125,False,False,EVREF-CSE-BRAVO-CASE-Q1-2026-00125-08,True,CSE-BRAVO-CASE-Q1-2026-00125-INV-08,False
2026-03-22T11:18:53Z,Evidence Examined,ANALYST-013,CSE-BRAVO-CASE-Q1-2026-00126,False,False,EVREF-CSE-BRAVO-CASE-Q1-2026-00126-01,True,CSE-BRAVO-CASE-Q1-2026-00126-INV-01,False
2026-03-22T17:29:48Z,Affected Asset Identified,ANALYST-001,CSE-BRAVO-CASE-Q1-2026-00126,False,False,,True,CSE-BRAVO-CASE-Q1-2026-00126-INV-02,False
2026-03-22T23:40:44Z,Escalation Decision Documented,ANALYST-004,CSE-BRAVO-CASE-Q1-2026-00126,False,True,EVREF-CSE-BRAVO-CASE-Q1-2026-00126-03,True,CSE-BRAVO-CASE-Q1-2026-00126-INV-03,False
2026-03-23T05:51:39Z,Remediation Recorded,ANALYST-016,CSE-BRAVO-CASE-Q1-2026-00126,False,False,,False,CSE-BRAVO-CASE-Q1-2026-00126-INV-04,False
2026-03-23T12:02:35Z,Log Correlation Performed,ANALYST-015,CSE-BRAVO-CASE-Q1-2026-00126,True,False,EVREF-CSE-BRAVO-CASE-Q1-2026-00126-05,False,CSE-BRAVO-CASE-Q1-2026-00126-INV-05,False
2026-03-23T18:13:30Z,Root Cause Analysis,ANALYST-014,CSE-BRAVO-CASE-Q1-2026-00126,True,False,EVREF-CSE-BRAVO-CASE-Q1-2026-00126-06,False,CSE-BRAVO-CASE-Q1-2026-00126-INV-06,False
2026-03-24T00:24:26Z,Alert Reviewed,ANALYST-009,CSE-BRAVO-CASE-Q1-2026-00126,False,True,EVREF-CSE-BRAVO-CASE-Q1-2026-00126-07,True,CSE-BRAVO-CASE-Q1-2026-00126-INV-07,False
2026-03-24T06:35:21Z,Containment Action Taken,ANALYST-015,CSE-BRAVO-CASE-Q1-2026-00126,False,False,,False,CSE-BRAVO-CASE-Q1-2026-00126-INV-08,False
2026-03-12T04:38:55Z,Log Correlation Performed,ANALYST-018,CSE-BRAVO-CASE-Q1-2026-00127,False,False,EVREF-CSE-BRAVO-CASE-Q1-2026-00127-01,True,CSE-BRAVO-CASE-Q1-2026-00127-INV-01,False
2026-03-12T08:44:25Z,Root Cause Analysis,ANALYST-004,CSE-BRAVO-CASE-Q1-2026-00127,False,True,EVREF-CSE-BRAVO-CASE-Q1-2026-00127-02,False,CSE-BRAVO-CASE-Q1-2026-00127-INV-02,False
2026-03-12T12:49:55Z,Disposition Documented,ANALYST-014,CSE-BRAVO-CASE-Q1-2026-00127,True,True,EVREF-CSE-BRAVO-CASE-Q1-2026-00127-03,True,CSE-BRAVO-CASE-Q1-2026-00127-INV-03,False
2026-03-12T16:55:25Z,Escalation Decision Documented,ANALYST-017,CSE-BRAVO-CASE-Q1-2026-00127,False,True,EVREF-CSE-BRAVO-CASE-Q1-2026-00127-04,True,CSE-BRAVO-CASE-Q1-2026-00127-INV-04,False
2026-03-12T21:00:55Z,Affected Asset Identified,ANALYST-018,CSE-BRAVO-CASE-Q1-2026-00127,False,True,EVREF-CSE-BRAVO-CASE-Q1-2026-00127-05,True,CSE-BRAVO-CASE-Q1-2026-00127-INV-05,False
2026-03-13T01:06:25Z,Alert Reviewed,ANALYST-012,CSE-BRAVO-CASE-Q1-2026-00127,False,False,EVREF-CSE-BRAVO-CASE-Q1-2026-00127-06,True,CSE-BRAVO-CASE-Q1-2026-00127-INV-06,False
2026-03-13T05:11:55Z,Finding Documented,ANALYST-011,CSE-BRAVO-CASE-Q1-2026-00127,False,False,EVREF-CSE-BRAVO-CASE-Q1-2026-00127-07,True,CSE-BRAVO-CASE-Q1-2026-00127-INV-07,False
2026-03-13T09:17:25Z,Containment Action Taken,ANALYST-003,CSE-BRAVO-CASE-Q1-2026-00127,False,False,EVREF-CSE-BRAVO-CASE-Q1-2026-00127-08,False,CSE-BRAVO-CASE-Q1-2026-00127-INV-08,False
2026-03-13T11:33:37Z,Evidence Examined,ANALYST-001,CSE-BRAVO-CASE-Q1-2026-00128,True,True,EVREF-CSE-BRAVO-CASE-Q1-2026-00128-01,False,CSE-BRAVO-CASE-Q1-2026-00128-INV-01,False
2026-03-13T22:12:55Z,Affected Asset Identified,ANALYST-012,CSE-BRAVO-CASE-Q1-2026-00128,False,False,EVREF-CSE-BRAVO-CASE-Q1-2026-00128-02,False,CSE-BRAVO-CASE-Q1-2026-00128-INV-02,False
2026-03-14T08:52:13Z,Escalation Decision Documented,ANALYST-012,CSE-BRAVO-CASE-Q1-2026-00128,False,True,,True,CSE-BRAVO-CASE-Q1-2026-00128-INV-03,False
2026-03-14T19:31:31Z,Root Cause Analysis,ANALYST-009,CSE-BRAVO-CASE-Q1-2026-00128,True,False,EVREF-CSE-BRAVO-CASE-Q1-2026-00128-04,True,CSE-BRAVO-CASE-Q1-2026-00128-INV-04,False
2026-03-15T06:10:49Z,Disposition Documented,ANALYST-001,CSE-BRAVO-CASE-Q1-2026-00128,True,False,EVREF-CSE-BRAVO-CASE-Q1-2026-00128-05,True,CSE-BRAVO-CASE-Q1-2026-00128-INV-05,False
2026-03-15T16:50:07Z,Containment Action Taken,ANALYST-006,CSE-BRAVO-CASE-Q1-2026-00128,False,False,EVREF-CSE-BRAVO-CASE-Q1-2026-00128-06,True,CSE-BRAVO-CASE-Q1-2026-00128-INV-06,False
2026-03-16T03:29:25Z,Alert Reviewed,ANALYST-002,CSE-BRAVO-CASE-Q1-2026-00128,False,False,EVREF-CSE-BRAVO-CASE-Q1-2026-00128-07,True,CSE-BRAVO-CASE-Q1-2026-00128-INV-07,False
