action_timestamp,action_type,actor_id,case_id,disposition_recorded,escalation_decision_recorded,evidence_reference,finding_recorded,investigation_action_id,remediation_recorded
2026-07-05T19:06:07Z,Evidence Examined,ANALYST-003,CSE-CHARLIE-CASE-Q3-2026-00001,True,False,,True,CSE-CHARLIE-CASE-Q3-2026-00001-INV-01,False
2026-07-06T00:25:08Z,Disposition Documented,ANALYST-018,CSE-CHARLIE-CASE-Q3-2026-00001,True,False,EVREF-CSE-CHARLIE-CASE-Q3-2026-00001-02,True,CSE-CHARLIE-CASE-Q3-2026-00001-INV-02,False
2026-07-06T05:44:09Z,Escalation Decision Documented,ANALYST-011,CSE-CHARLIE-CASE-Q3-2026-00001,False,True,,False,CSE-CHARLIE-CASE-Q3-2026-00001-INV-03,False
2026-07-06T11:03:09Z,Containment Action Taken,ANALYST-006,CSE-CHARLIE-CASE-Q3-2026-00001,False,True,EVREF-CSE-CHARLIE-CASE-Q3-2026-00001-04,False,CSE-CHARLIE-CASE-Q3-2026-00001-INV-04,False
2026-07-06T16:22:10Z,Alert Reviewed,ANALYST-010,CSE-CHARLIE-CASE-Q3-2026-00001,False,False,EVREF-CSE-CHARLIE-CASE-Q3-2026-00001-05,False,CSE-CHARLIE-CASE-Q3-2026-00001-INV-05,False
2026-08-26T19:23:46Z,Disposition Documented,ANALYST-008,CSE-CHARLIE-CASE-Q3-2026-00002,True,True,EVREF-CSE-CHARLIE-CASE-Q3-2026-00002-01,False,CSE-CHARLIE-CASE-Q3-2026-00002-INV-01,False
2026-08-27T01:04:27Z,Log Correlation Performed,ANALYST-017,CSE-CHARLIE-CASE-Q3-2026-00002,False,False,EVREF-CSE-CHARLIE-CASE-Q3-2026-00002-02,False,CSE-CHARLIE-CASE-Q3-2026-00002-INV-02,False
2026-08-27T06:45:08Z,Finding Documented,ANALYST-014,CSE-CHARLIE-CASE-Q3-2026-00002,False,False,,True,CSE-CHARLIE-CASE-Q3-2026-00002-INV-03,False
2026-08-27T12:25:49Z,Escalation Decision Documented,ANALYST-009,CSE-CHARLIE-CASE-Q3-2026-00002,False,True,EVREF-CSE-CHARLIE-CASE-Q3-2026-00002-04,False,CSE-CHARLIE-CASE-Q3-2026-00002-INV-04,False
2026-08-27T18:06:30Z,Alert Reviewed,ANALYST-014,CSE-CHARLIE-CASE-Q3-2026-00002,False,False,EVREF-CSE-CHARLIE-CASE-Q3-2026-00002-05,False,CSE-CHARLIE-CASE-Q3-2026-00002-INV-05,False
2026-08-27T23:47:11Z,Remediation Recorded,ANALYST-014,CSE-CHARLIE-CASE-Q3-2026-00002,False,False,EVREF-CSE-CHARLIE-CASE-Q3-2026-00002-06,True,CSE-CHARLIE-CASE-Q3-2026-00002-INV-06,True
2026-08-28T05:27:52Z,Evidence Examined,ANALYST-005,CSE-CHARLIE-CASE-Q3-2026-00002,False,False,,True,CSE-CHARLIE-CASE-Q3-2026-00002-INV-07,False
2026-08-26T05:48:50Z,Remediation Recorded,ANALYST-002,CSE-CHARLIE-CASE-Q3-2026-00003,False,True,EVREF-CSE-CHARLIE-CASE-Q3-2026-00003-01,False,CSE-CHARLIE-CASE-Q3-2026-00003-INV-01,True
2026-08-26T13:17:43Z,Affected Asset Identified,ANALYST-002,CSE-CHARLIE-CASE-Q3-2026-00003,True,True,EVREF-CSE-CHARLIE-CASE-Q3-2026-00003-02,True,CSE-CHARLIE-CASE-Q3-2026-00003-INV-02,False
2026-08-26T20:46:35Z,Evidence Examined,ANALYST-002,CSE-CHARLIE-CASE-Q3-2026-00003,False,False,,False,CSE-CHARLIE-CASE-Q3-2026-00003-INV-03,False
2026-08-27T04:15:28Z,Log Correlation Performed,ANALYST-011,CSE-CHARLIE-CASE-Q3-2026-00003,True,True,EVREF-CSE-CHARLIE-CASE-Q3-2026-00003-04,True,CSE-CHARLIE-CASE-Q3-2026-00003-INV-04,False
2026-08-27T11:44:21Z,Disposition Documented,ANALYST-012,CSE-CHARLIE-CASE-Q3-2026-00003,True,True,EVREF-CSE-CHARLIE-CASE-Q3-2026-00003-05,False,CSE-CHARLIE-CASE-Q3-2026-00003-INV-05,False
2026-08-11T12:39:29Z,Containment Action Taken,ANALYST-006,CSE-CHARLIE-CASE-Q3-2026-00004,False,True,EVREF-CSE-CHARLIE-CASE-Q3-2026-00004-01,False,CSE-CHARLIE-CASE-Q3-2026-00004-INV-01,False
2026-08-11T16:58:26Z,Alert Reviewed,ANALYST-005,CSE-CHARLIE-CASE-Q3-2026-00004,False,False,EVREF-CSE-CHARLIE-CASE-Q3-2026-00004-02,True,CSE-CHARLIE-CASE-Q3-2026-00004-INV-02,False
2026-08-11T21:17:22Z,Evidence Examined,ANALYST-014,CSE-CHARLIE-CASE-Q3-2026-00004,False,False,EVREF-CSE-CHARLIE-CASE-Q3-2026-00004-03,False,CSE-CHARLIE-CASE-Q3-2026-00004-INV-03,False
2026-08-12T01:36:19Z,Log Correlation Performed,ANALYST-007,CSE-CHARLIE-CASE-Q3-2026-00004,False,True,,False,CSE-CHARLIE-CASE-Q3-2026-00004-INV-04,False
2026-08-12T05:55:16Z,Remediation Recorded,ANALYST-016,CSE-CHARLIE-CASE-Q3-2026-00004,True,False,EVREF-CSE-CHARLIE-CASE-Q3-2026-00004-05,False,CSE-CHARLIE-CASE-Q3-2026-00004-INV-05,False
2026-08-12T10:14:12Z,Escalation Decision Documented,ANALYST-011,CSE-CHARLIE-CASE-Q3-2026-00004,True,True,EVREF-CSE-CHARLIE-CASE-Q3-2026-00004-06,False,CSE-CHARLIE-CASE-Q3-2026-00004-INV-06,False
2026-07-16T16:21:49Z,Disposition Documented,ANALYST-010,CSE-CHARLIE-CASE-Q3-2026-00005,True,False,,True,CSE-CHARLIE-CASE-Q3-2026-00005-INV-01,False
2026-07-17T01:15:47Z,Log Correlation Performed,ANALYST-007,CSE-CHARLIE-CASE-Q3-2026-00005,True,False,EVREF-CSE-CHARLIE-CASE-Q3-2026-00005-02,True,CSE-CHARLIE-CASE-Q3-2026-00005-INV-02,False
2026-07-17T10:09:45Z,Escalation Decision Documented,ANALYST-012,CSE-CHARLIE-CASE-Q3-2026-00005,False,True,EVREF-CSE-CHARLIE-CASE-Q3-2026-00005-03,False,CSE-CHARLIE-CASE-Q3-2026-00005-INV-03,False
2026-07-17T19:03:43Z,Affected Asset Identified,ANALYST-016,CSE-CHARLIE-CASE-Q3-2026-00005,False,False,EVREF-CSE-CHARLIE-CASE-Q3-2026-00005-04,True,CSE-CHARLIE-CASE-Q3-2026-00005-INV-04,False
2026-07-18T03:57:41Z,Finding Documented,ANALYST-011,CSE-CHARLIE-CASE-Q3-2026-00005,True,False,,True,CSE-CHARLIE-CASE-Q3-2026-00005-INV-05,False
2026-08-13T12:03:46Z,Remediation Recorded,ANALYST-004,CSE-CHARLIE-CASE-Q3-2026-00006,False,True,EVREF-CSE-CHARLIE-CASE-Q3-2026-00006-01,True,CSE-CHARLIE-CASE-Q3-2026-00006-INV-01,True
2026-08-14T00:05:36Z,Containment Action Taken,ANALYST-005,CSE-CHARLIE-CASE-Q3-2026-00006,False,True,,True,CSE-CHARLIE-CASE-Q3-2026-00006-INV-02,False
2026-08-14T12:07:26Z,Log Correlation Performed,ANALYST-009,CSE-CHARLIE-CASE-Q3-2026-00006,True,False,EVREF-CSE-CHARLIE-CASE-Q3-2026-00006-03,False,CSE-CHARLIE-CASE-Q3-2026-00006-INV-03,False
2026-08-15T00:09:16Z,Escalation Decision Documented,ANALYST-018,CSE-CHARLIE-CASE-Q3-2026-00006,False,True,EVREF-CSE-CHARLIE-CASE-Q3-2026-00006-04,True,CSE-CHARLIE-CASE-Q3-2026-00006-INV-04,False
2026-08-15T12:11:06Z,Evidence Examined,ANALYST-007,CSE-CHARLIE-CASE-Q3-2026-00006,False,True,EVREF-CSE-CHARLIE-CASE-Q3-2026-00006-05,False,CSE-CHARLIE-CASE-Q3-2026-00006-INV-05,False
2026-08-16T00:12:56Z,Affected Asset Identified,ANALYST-014,CSE-CHARLIE-CASE-Q3-2026-00006,False,False,EVREF-CSE-CHARLIE-CASE-Q3-2026-00006-06,True,CSE-CHARLIE-CASE-Q3-2026-00006-INV-06,False
2026-08-27T14:35:44Z,Escalation Decision Documented,ANALYST-013,CSE-CHARLIE-CASE-Q3-2026-00007,True,True,EVREF-CSE-CHARLIE-CASE-Q3-2026-00007-01,False,CSE-CHARLIE-CASE-Q3-2026-00007-INV-01,False
2026-08-27T22:22:08Z,Remediation Recorded,ANALYST-003,CSE-CHARLIE-CASE-Q3-2026-00007,True,False,EVREF-CSE-CHARLIE-CASE-Q3-2026-00007-02,False,CSE-CHARLIE-CASE-Q3-2026-00007-INV-02,True
2026-08-28T06:08:32Z,Evidence Examined,ANALYST-013,CSE-CHARLIE-CASE-Q3-2026-00007,False,True,,False,CSE-CHARLIE-CASE-Q3-2026-00007-INV-03,False
2026-08-28T13:54:56Z,Containment Action Taken,ANALYST-017,CSE-CHARLIE-CASE-Q3-2026-00007,True,False,,False,CSE-CHARLIE-CASE-Q3-2026-00007-INV-04,False
2026-08-28T21:41:20Z,Log Correlation Performed,ANALYST-011,CSE-CHARLIE-CASE-Q3-2026-00007,True,False,EVREF-CSE-CHARLIE-CASE-Q3-2026-00007-05,False,CSE-CHARLIE-CASE-Q3-2026-00007-INV-05,False
2026-08-29T05:27:44Z,Alert Reviewed,ANALYST-014,CSE-CHARLIE-CASE-Q3-2026-00007,False,False,EVREF-CSE-CHARLIE-CASE-Q3-2026-00007-06,True,CSE-CHARLIE-CASE-Q3-2026-00007-INV-06,False
2026-09-22T06:01:56Z,Log Correlation Performed,ANALYST-008,CSE-CHARLIE-CASE-Q3-2026-00008,False,False,EVREF-CSE-CHARLIE-CASE-Q3-2026-00008-01,False,CSE-CHARLIE-CASE-Q3-2026-00008-INV-01,False
2026-09-22T14:30:54Z,Escalation Decision Documented,ANALYST-012,CSE-CHARLIE-CASE-Q3-2026-00008,False,True,EVREF-CSE-CHARLIE-CASE-Q3-2026-00008-02,False,CSE-CHARLIE-CASE-Q3-2026-00008-INV-02,False
2026-09-22T22:59:52Z,Evidence Examined,ANALYST-007,CSE-CHARLIE-CASE-Q3-2026-00008,False,False,,False,CSE-CHARLIE-CASE-Q3-2026-00008-INV-03,False
2026-09-23T07:28:49Z,Remediation Recorded,ANALYST-012,CSE-CHARLIE-CASE-Q3-2026-00008,False,False,,True,CSE-CHARLIE-CASE-Q3-2026-00008-INV-04,True
2026-09-23T15:57:47Z,Alert Reviewed,ANALYST-009,CSE-CHARLIE-CASE-Q3-2026-00008,False,True,EVREF-CSE-CHARLIE-CASE-Q3-2026-00008-05,False,CSE-CHARLIE-CASE-Q3-2026-00008-INV-05,False
2026-08-02T07:52:19Z,Evidence Examined,ANALYST-002,CSE-CHARLIE-CASE-Q3-2026-00009,False,False,,False,CSE-CHARLIE-CASE-Q3-2026-00009-INV-01,False
2026-08-02T14:26:42Z,Log Correlation Performed,ANALYST-005,CSE-CHARLIE-CASE-Q3-2026-00009,False,False,EVREF-CSE-CHARLIE-CASE-Q3-2026-00009-02,True,CSE-CHARLIE-CASE-Q3-2026-00009-INV-02,False
2026-08-02T21:01:04Z,Root Cause Analysis,ANALYST-011,CSE-CHARLIE-CASE-Q3-2026-00009,True,False,EVREF-CSE-CHARLIE-CASE-Q3-2026-00009-03,True,CSE-CHARLIE-CASE-Q3-2026-00009-INV-03,False
2026-08-03T03:35:26Z,Finding Documented,ANALYST-007,CSE-CHARLIE-CASE-Q3-2026-00009,False,False,EVREF-CSE-CHARLIE-CASE-Q3-2026-00009-04,True,CSE-CHARLIE-CASE-Q3-2026-00009-INV-04,False
2026-08-03T10:09:49Z,Remediation Recorded,ANALYST-005,CSE-CHARLIE-CASE-Q3-2026-00009,False,False,EVREF-CSE-CHARLIE-CASE-Q3-2026-00009-05,False,CSE-CHARLIE-CASE-Q3-2026-00009-INV-05,True
2026-08-03T16:44:11Z,Affected Asset Identified,ANALYST-016,CSE-CHARLIE-CASE-Q3-2026-00009,False,False,EVREF-CSE-CHARLIE-CASE-Q3-2026-00009-06,False,CSE-CHARLIE-CASE-Q3-2026-00009-INV-06,False
2026-07-25T22:58:53Z,Escalation Decision Documented,ANALYST-008,CSE-CHARLIE-CASE-Q3-2026-00010,False,True,,False,CSE-CHARLIE-CASE-Q3-2026-00010-INV-01,False
2026-07-26T07:02:39Z,Alert Reviewed,ANALYST-011,CSE-CHARLIE-CASE-Q3-2026-00010,False,False,,False,CSE-CHARLIE-CASE-Q3-2026-00010-INV-02,False
2026-07-26T15:06:24Z,Disposition Documented,ANALYST-013,CSE-CHARLIE-CASE-Q3-2026-00010,True,False,EVREF-CSE-CHARLIE-CASE-Q3-2026-00010-03,False,CSE-CHARLIE-CASE-Q3-2026-00010-INV-03,False
2026-07-26T23:10:09Z,Root Cause Analysis,ANALYST-005,CSE-CHARLIE-CASE-Q3-2026-00010,False,False,EVREF-CSE-CHARLIE-CASE-Q3-2026-00010-04,False,CSE-CHARLIE-CASE-Q3-2026-00010-INV-04,False
2026-07-27T07:13:55Z,Affected Asset Identified,ANALYST-003,CSE-CHARLIE-CASE-Q3-2026-00010,False,True,EVREF-CSE-CHARLIE-CASE-Q3-2026-00010-05,True,CSE-CHARLIE-CASE-Q3-2026-00010-INV-05,False
2026-07-27T15:17:40Z,Containment Action Taken,ANALYST-010,CSE-CHARLIE-CASE-Q3-2026-00010,True,False,EVREF-CSE-CHARLIE-CASE-Q3-2026-00010-06,True,CSE-CHARLIE-CASE-Q3-2026-00010-INV-06,False
2026-09-23T05:03:22Z,Escalation Decision Documented,ANALYST-009,CSE-CHARLIE-CASE-Q3-2026-00011,False,True,EVREF-CSE-CHARLIE-CASE-Q3-2026-00011-01,False,CSE-CHARLIE-CASE-Q3-2026-00011-INV-01,False
2026-09-23T12:21:47Z,Disposition Documented,ANALYST-006,CSE-CHARLIE-CASE-Q3-2026-00011,True,False,EVREF-CSE-CHARLIE-CASE-Q3-2026-00011-02,False,CSE-CHARLIE-CASE-Q3-2026-00011-INV-02,False
2026-09-23T19:40:12Z,Alert Reviewed,ANALYST-016,CSE-CHARLIE-CASE-Q3-2026-00011,False,False,,False,CSE-CHARLIE-CASE-Q3-2026-00011-INV-03,False
2026-09-24T02:58:37Z,Affected Asset Identified,ANALYST-017,CSE-CHARLIE-CASE-Q3-2026-00011,False,False,EVREF-CSE-CHARLIE-CASE-Q3-2026-00011-04,False,CSE-CHARLIE-CASE-Q3-2026-00011-INV-04,False
2026-09-24T10:17:03Z,Evidence Examined,ANALYST-011,CSE-CHARLIE-CASE-Q3-2026-00011,False,False,EVREF-CSE-CHARLIE-CASE-Q3-2026-00011-05,False,CSE-CHARLIE-CASE-Q3-2026-00011-INV-05,False
2026-09-24T17:35:28Z,Finding Documented,ANALYST-007,CSE-CHARLIE-CASE-Q3-2026-00011,False,True,EVREF-CSE-CHARLIE-CASE-Q3-2026-00011-06,True,CSE-CHARLIE-CASE-Q3-2026-00011-INV-06,False
2026-09-25T00:53:53Z,Log Correlation Performed,ANALYST-005,CSE-CHARLIE-CASE-Q3-2026-00011,False,True,,True,CSE-CHARLIE-CASE-Q3-2026-00011-INV-07,False
2026-08-05T06:46:51Z,Log Correlation Performed,ANALYST-002,CSE-CHARLIE-CASE-Q3-2026-00012,True,False,EVREF-CSE-CHARLIE-CASE-Q3-2026-00012-01,True,CSE-CHARLIE-CASE-Q3-2026-00012-INV-01,False
2026-08-05T09:05:02Z,Affected Asset Identified,ANALYST-011,CSE-CHARLIE-CASE-Q3-2026-00012,False,False,EVREF-CSE-CHARLIE-CASE-Q3-2026-00012-02,False,CSE-CHARLIE-CASE-Q3-2026-00012-INV-02,False
2026-08-05T11:23:13Z,Evidence Examined,ANALYST-001,CSE-CHARLIE-CASE-Q3-2026-00012,False,False,EVREF-CSE-CHARLIE-CASE-Q3-2026-00012-03,False,CSE-CHARLIE-CASE-Q3-2026-00012-INV-03,False
2026-08-05T13:41:25Z,Disposition Documented,ANALYST-010,CSE-CHARLIE-CASE-Q3-2026-00012,True,True,EVREF-CSE-CHARLIE-CASE-Q3-2026-00012-04,False,CSE-CHARLIE-CASE-Q3-2026-00012-INV-04,False
2026-08-05T15:59:36Z,Escalation Decision Documented,ANALYST-016,CSE-CHARLIE-CASE-Q3-2026-00012,True,True,EVREF-CSE-CHARLIE-CASE-Q3-2026-00012-05,True,CSE-CHARLIE-CASE-Q3-2026-00012-INV-05,False
2026-09-29T06:21:35Z,Containment Action Taken,ANALYST-014,CSE-CHARLIE-CASE-Q3-2026-00013,False,False,EVREF-CSE-CHARLIE-CASE-Q3-2026-00013-01,False,CSE-CHARLIE-CASE-Q3-2026-00013-INV-01,False
2026-09-29T09:11:06Z,Alert Reviewed,ANALYST-008,CSE-CHARLIE-CASE-Q3-2026-00013,False,False,EVREF-CSE-CHARLIE-CASE-Q3-2026-00013-02,True,CSE-CHARLIE-CASE-Q3-2026-00013-INV-02,False
2026-09-29T12:00:37Z,Escalation Decision Documented,ANALYST-016,CSE-CHARLIE-CASE-Q3-2026-00013,False,True,EVREF-CSE-CHARLIE-CASE-Q3-2026-00013-03,False,CSE-CHARLIE-CASE-Q3-2026-00013-INV-03,False
2026-09-29T14:50:07Z,Finding Documented,ANALYST-015,CSE-CHARLIE-CASE-Q3-2026-00013,True,False,EVREF-CSE-CHARLIE-CASE-Q3-2026-00013-04,True,CSE-CHARLIE-CASE-Q3-2026-00013-INV-04,False
2026-09-29T17:39:38Z,Evidence Examined,ANALYST-014,CSE-CHARLIE-CASE-Q3-2026-00013,False,True,,False,CSE-CHARLIE-CASE-Q3-2026-00013-INV-05,False
2026-08-26T18:33:36Z,Remediation Recorded,ANALYST-001,CSE-CHARLIE-CASE-Q3-2026-00014,True,True,EVREF-CSE-CHARLIE-CASE-Q3-2026-00014-01,True,CSE-CHARLIE-CASE-Q3-2026-00014-INV-01,False
2026-08-26T18:45:26Z,Evidence Examined,ANALYST-009,CSE-CHARLIE-CASE-Q3-2026-00014,True,True,EVREF-CSE-CHARLIE-CASE-Q3-2026-00014-02,True,CSE-CHARLIE-CASE-Q3-2026-00014-INV-02,False
2026-08-26T18:57:15Z,Containment Action Taken,ANALYST-005,CSE-CHARLIE-CASE-Q3-2026-00014,False,False,,True,CSE-CHARLIE-CASE-Q3-2026-00014-INV-03,False
2026-07-22T18:46:23Z,Alert Reviewed,ANALYST-016,CSE-CHARLIE-CASE-Q3-2026-00015,True,False,EVREF-CSE-CHARLIE-CASE-Q3-2026-00015-01,False,CSE-CHARLIE-CASE-Q3-2026-00015-INV-01,False
2026-07-23T02:11:17Z,Remediation Recorded,ANALYST-013,CSE-CHARLIE-CASE-Q3-2026-00015,True,False,EVREF-CSE-CHARLIE-CASE-Q3-2026-00015-02,False,CSE-CHARLIE-CASE-Q3-2026-00015-INV-02,True
2026-07-23T09:36:11Z,Escalation Decision Documented,ANALYST-002,CSE-CHARLIE-CASE-Q3-2026-00015,False,True,EVREF-CSE-CHARLIE-CASE-Q3-2026-00015-03,False,CSE-CHARLIE-CASE-Q3-2026-00015-INV-03,False
2026-07-23T17:01:05Z,Disposition Documented,ANALYST-013,CSE-CHARLIE-CASE-Q3-2026-00015,True,False,,True,CSE-CHARLIE-CASE-Q3-2026-00015-INV-04,False
2026-07-24T00:26:00Z,Containment Action Taken,ANALYST-002,CSE-CHARLIE-CASE-Q3-2026-00015,False,False,EVREF-CSE-CHARLIE-CASE-Q3-2026-00015-05,False,CSE-CHARLIE-CASE-Q3-2026-00015-INV-05,False
2026-07-24T07:50:54Z,Affected Asset Identified,ANALYST-013,CSE-CHARLIE-CASE-Q3-2026-00015,True,False,EVREF-CSE-CHARLIE-CASE-Q3-2026-00015-06,True,CSE-CHARLIE-CASE-Q3-2026-00015-INV-06,False
2026-09-18T22:11:00Z,Root Cause Analysis,ANALYST-012,CSE-CHARLIE-CASE-Q3-2026-00016,True,True,EVREF-CSE-CHARLIE-CASE-Q3-2026-00016-01,False,CSE-CHARLIE-CASE-Q3-2026-00016-INV-01,False
2026-09-19T08:05:09Z,Remediation Recorded,ANALYST-008,CSE-CHARLIE-CASE-Q3-2026-00016,False,False,EVREF-CSE-CHARLIE-CASE-Q3-2026-00016-02,False,CSE-CHARLIE-CASE-Q3-2026-00016-INV-02,False
2026-09-19T17:59:18Z,Evidence Examined,ANALYST-013,CSE-CHARLIE-CASE-Q3-2026-00016,True,False,EVREF-CSE-CHARLIE-CASE-Q3-2026-00016-03,False,CSE-CHARLIE-CASE-Q3-2026-00016-INV-03,False
2026-09-20T03:53:27Z,Finding Documented,ANALYST-011,CSE-CHARLIE-CASE-Q3-2026-00016,False,False,EVREF-CSE-CHARLIE-CASE-Q3-2026-00016-04,True,CSE-CHARLIE-CASE-Q3-2026-00016-INV-04,False
2026-09-20T13:47:36Z,Containment Action Taken,ANALYST-003,CSE-CHARLIE-CASE-Q3-2026-00016,True,False,EVREF-CSE-CHARLIE-CASE-Q3-2026-00016-05,False,CSE-CHARLIE-CASE-Q3-2026-00016-INV-05,False
2026-09-20T23:41:45Z,Escalation Decision Documented,ANALYST-013,CSE-CHARLIE-CASE-Q3-2026-00016,False,True,EVREF-CSE-CHARLIE-CASE-Q3-2026-00016-06,False,CSE-CHARLIE-CASE-Q3-2026-00016-INV-06,False
2026-09-22T02:15:58Z,Affected Asset Identified,ANALYST-006,CSE-CHARLIE-CASE-Q3-2026-00017,False,False,EVREF-CSE-CHARLIE-CASE-Q3-2026-00017-01,False,CSE-CHARLIE-CASE-Q3-2026-00017-INV-01,False
2026-09-22T09:05:22Z,Root Cause Analysis,ANALYST-006,CSE-CHARLIE-CASE-Q3-2026-00017,False,False,EVREF-CSE-CHARLIE-CASE-Q3-2026-00017-02,True,CSE-CHARLIE-CASE-Q3-2026-00017-INV-02,False
2026-09-22T15:54:45Z,Escalation Decision Documented,ANALYST-010,CSE-CHARLIE-CASE-Q3-2026-00017,False,True,,True,CSE-CHARLIE-CASE-Q3-2026-00017-INV-03,False
2026-09-22T22:44:09Z,Log Correlation Performed,ANALYST-017,CSE-CHARLIE-CASE-Q3-2026-00017,True,True,EVREF-CSE-CHARLIE-CASE-Q3-2026-00017-04,False,CSE-CHARLIE-CASE-Q3-2026-00017-INV-04,False
2026-09-23T05:33:32Z,Containment Action Taken,ANALYST-018,CSE-CHARLIE-CASE-Q3-2026-00017,False,True,EVREF-CSE-CHARLIE-CASE-Q3-2026-00017-05,True,CSE-CHARLIE-CASE-Q3-2026-00017-INV-05,False
2026-09-23T12:22:56Z,Evidence Examined,ANALYST-014,CSE-CHARLIE-CASE-Q3-2026-00017,False,True,EVREF-CSE-CHARLIE-CASE-Q3-2026-00017-06,False,CSE-CHARLIE-CASE-Q3-2026-00017-INV-06,False
2026-09-23T19:12:19Z,Remediation Recorded,ANALYST-009,CSE-CHARLIE-CASE-Q3-2026-00017,True,False,,True,CSE-CHARLIE-CASE-Q3-2026-00017-INV-07,False
2026-08-12T13:21:06Z,Finding Documented,ANALYST-007,CSE-CHARLIE-CASE-Q3-2026-00018,False,False,EVREF-CSE-CHARLIE-CASE-Q3-2026-00018-01,True,CSE-CHARLIE-CASE-Q3-2026-00018-INV-01,False
2026-08-12T20:19:36Z,Escalation Decision Documented,ANALYST-005,CSE-CHARLIE-CASE-Q3-2026-00018,False,True,EVREF-CSE-CHARLIE-CASE-Q3-2026-00018-02,False,CSE-CHARLIE-CASE-Q3-2026-00018-INV-02,False
2026-08-13T03:18:07Z,Affected Asset Identified,ANALYST-005,CSE-CHARLIE-CASE-Q3-2026-00018,False,True,EVREF-CSE-CHARLIE-CASE-Q3-2026-00018-03,False,CSE-CHARLIE-CASE-Q3-2026-00018-INV-03,False
2026-08-13T10:16:37Z,Evidence Examined,ANALYST-005,CSE-CHARLIE-CASE-Q3-2026-00018,False,False,EVREF-CSE-CHARLIE-CASE-Q3-2026-00018-04,False,CSE-CHARLIE-CASE-Q3-2026-00018-INV-04,False
2026-08-13T17:15:08Z,Root Cause Analysis,ANALYST-002,CSE-CHARLIE-CASE-Q3-2026-00018,False,False,EVREF-CSE-CHARLIE-CASE-Q3-2026-00018-05,True,CSE-CHARLIE-CASE-Q3-2026-00018-INV-05,False
2026-08-14T00:13:38Z,Log Correlation Performed,ANALYST-004,CSE-CHARLIE-CASE-Q3-2026-00018,True,False,EVREF-CSE-CHARLIE-CASE-Q3-2026-00018-06,False,CSE-CHARLIE-CASE-Q3-2026-00018-INV-06,False
2026-08-28T08:30:17Z,Log Correlation Performed,ANALYST-018,CSE-CHARLIE-CASE-Q3-2026-00019,False,False,EVREF-CSE-CHARLIE-CASE-Q3-2026-00019-01,True,CSE-CHARLIE-CASE-Q3-2026-00019-INV-01,False
2026-08-28T08:33:39Z,Disposition Documented,ANALYST-014,CSE-CHARLIE-CASE-Q3-2026-00019,True,False,EVREF-CSE-CHARLIE-CASE-Q3-2026-00019-02,False,CSE-CHARLIE-CASE-Q3-2026-00019-INV-02,False
2026-08-28T08:37:00Z,Alert Reviewed,ANALYST-009,CSE-CHARLIE-CASE-Q3-2026-00019,True,True,EVREF-CSE-CHARLIE-CASE-Q3-2026-00019-03,False,CSE-CHARLIE-CASE-Q3-2026-00019-INV-03,False
2026-07-13T05:00:47Z,Log Correlation Performed,ANALYST-001,CSE-CHARLIE-CASE-Q3-2026-00020,True,True,EVREF-CSE-CHARLIE-CASE-Q3-2026-00020-01,True,CSE-CHARLIE-CASE-Q3-2026-00020-INV-01,False
2026-07-13T09:32:26Z,Disposition Documented,ANALYST-006,CSE-CHARLIE-CASE-Q3-2026-00020,True,False,EVREF-CSE-CHARLIE-CASE-Q3-2026-00020-02,False,CSE-CHARLIE-CASE-Q3-2026-00020-INV-02,False
2026-07-13T14:04:04Z,Affected Asset Identified,ANALYST-012,CSE-CHARLIE-CASE-Q3-2026-00020,True,True,,False,CSE-CHARLIE-CASE-Q3-2026-00020-INV-03,False
2026-07-13T18:35:42Z,Remediation Recorded,ANALYST-014,CSE-CHARLIE-CASE-Q3-2026-00020,False,True,EVREF-CSE-CHARLIE-CASE-Q3-2026-00020-04,False,CSE-CHARLIE-CASE-Q3-2026-00020-INV-04,True
2026-07-13T23:07:21Z,Escalation Decision Documented,ANALYST-006,CSE-CHARLIE-CASE-Q3-2026-00020,False,True,EVREF-CSE-CHARLIE-CASE-Q3-2026-00020-05,True,CSE-CHARLIE-CASE-Q3-2026-00020-INV-05,False
2026-07-14T03:38:59Z,Root Cause Analysis,ANALYST-015,CSE-CHARLIE-CASE-Q3-2026-00020,False,False,EVREF-CSE-CHARLIE-CASE-Q3-2026-00020-06,False,CSE-CHARLIE-CASE-Q3-2026-00020-INV-06,False
2026-07-14T08:10:38Z,Finding Documented,ANALYST-015,CSE-CHARLIE-CASE-Q3-2026-00020,False,False,EVREF-CSE-CHARLIE-CASE-Q3-2026-00020-07,True,CSE-CHARLIE-CASE-Q3-2026-00020-INV-07,False
2026-09-28T07:22:30Z,Finding Documented,ANALYST-005,CSE-CHARLIE-CASE-Q3-2026-00021,False,True,EVREF-CSE-CHARLIE-CASE-Q3-2026-00021-01,True,CSE-CHARLIE-CASE-Q3-2026-00021-INV-01,False
2026-09-28T12:36:58Z,Root Cause Analysis,ANALYST-008,CSE-CHARLIE-CASE-Q3-2026-00021,True,False,EVREF-CSE-CHARLIE-CASE-Q3-2026-00021-02,True,CSE-CHARLIE-CASE-Q3-2026-00021-INV-02,False
2026-09-28T17:51:27Z,Disposition Documented,ANALYST-004,CSE-CHARLIE-CASE-Q3-2026-00021,True,False,EVREF-CSE-CHARLIE-CASE-Q3-2026-00021-03,True,CSE-CHARLIE-CASE-Q3-2026-00021-INV-03,False
2026-09-28T23:05:56Z,Evidence Examined,ANALYST-014,CSE-CHARLIE-CASE-Q3-2026-00021,True,False,EVREF-CSE-CHARLIE-CASE-Q3-2026-00021-04,False,CSE-CHARLIE-CASE-Q3-2026-00021-INV-04,False
2026-09-29T04:20:24Z,Remediation Recorded,ANALYST-012,CSE-CHARLIE-CASE-Q3-2026-00021,True,False,,True,CSE-CHARLIE-CASE-Q3-2026-00021-INV-05,True
2026-09-29T09:34:53Z,Escalation Decision Documented,ANALYST-014,CSE-CHARLIE-CASE-Q3-2026-00021,False,True,EVREF-CSE-CHARLIE-CASE-Q3-2026-00021-06,False,CSE-CHARLIE-CASE-Q3-2026-00021-INV-06,False
2026-09-29T14:49:22Z,Affected Asset Identified,ANALYST-018,CSE-CHARLIE-CASE-Q3-2026-00021,True,False,EVREF-CSE-CHARLIE-CASE-Q3-2026-00021-07,False,CSE-CHARLIE-CASE-Q3-2026-00021-INV-07,False
2026-09-29T20:03:50Z,Alert Reviewed,ANALYST-015,CSE-CHARLIE-CASE-Q3-2026-00021,False,True,EVREF-CSE-CHARLIE-CASE-Q3-2026-00021-08,False,CSE-CHARLIE-CASE-Q3-2026-00021-INV-08,False
2026-09-15T04:54:50Z,Remediation Recorded,ANALYST-006,CSE-CHARLIE-CASE-Q3-2026-00022,False,False,EVREF-CSE-CHARLIE-CASE-Q3-2026-00022-01,False,CSE-CHARLIE-CASE-Q3-2026-00022-INV-01,True
2026-09-15T11:20:44Z,Root Cause Analysis,ANALYST-004,CSE-CHARLIE-CASE-Q3-2026-00022,True,True,EVREF-CSE-CHARLIE-CASE-Q3-2026-00022-02,True,CSE-CHARLIE-CASE-Q3-2026-00022-INV-02,False
2026-09-15T17:46:38Z,Escalation Decision Documented,ANALYST-016,CSE-CHARLIE-CASE-Q3-2026-00022,False,True,EVREF-CSE-CHARLIE-CASE-Q3-2026-00022-03,False,CSE-CHARLIE-CASE-Q3-2026-00022-INV-03,False
2026-09-16T00:12:33Z,Evidence Examined,ANALYST-002,CSE-CHARLIE-CASE-Q3-2026-00022,False,False,,False,CSE-CHARLIE-CASE-Q3-2026-00022-INV-04,False
2026-09-16T06:38:27Z,Log Correlation Performed,ANALYST-001,CSE-CHARLIE-CASE-Q3-2026-00022,False,False,,True,CSE-CHARLIE-CASE-Q3-2026-00022-INV-05,False
2026-09-16T13:04:21Z,Containment Action Taken,ANALYST-015,CSE-CHARLIE-CASE-Q3-2026-00022,False,False,EVREF-CSE-CHARLIE-CASE-Q3-2026-00022-06,False,CSE-CHARLIE-CASE-Q3-2026-00022-INV-06,False
2026-09-15T18:17:36Z,Remediation Recorded,ANALYST-016,CSE-CHARLIE-CASE-Q3-2026-00023,True,False,EVREF-CSE-CHARLIE-CASE-Q3-2026-00023-01,False,CSE-CHARLIE-CASE-Q3-2026-00023-INV-01,False
2026-09-16T00:20:39Z,Evidence Examined,ANALYST-009,CSE-CHARLIE-CASE-Q3-2026-00023,False,True,,False,CSE-CHARLIE-CASE-Q3-2026-00023-INV-02,False
2026-09-16T06:23:42Z,Escalation Decision Documented,ANALYST-015,CSE-CHARLIE-CASE-Q3-2026-00023,False,True,,False,CSE-CHARLIE-CASE-Q3-2026-00023-INV-03,False
2026-09-16T12:26:46Z,Containment Action Taken,ANALYST-009,CSE-CHARLIE-CASE-Q3-2026-00023,False,False,,False,CSE-CHARLIE-CASE-Q3-2026-00023-INV-04,False
2026-09-16T18:29:49Z,Finding Documented,ANALYST-009,CSE-CHARLIE-CASE-Q3-2026-00023,False,False,EVREF-CSE-CHARLIE-CASE-Q3-2026-00023-05,True,CSE-CHARLIE-CASE-Q3-2026-00023-INV-05,False
2026-09-17T00:32:52Z,Disposition Documented,ANALYST-003,CSE-CHARLIE-CASE-Q3-2026-00023,True,False,EVREF-CSE-CHARLIE-CASE-Q3-2026-00023-06,False,CSE-CHARLIE-CASE-Q3-2026-00023-INV-06,False
2026-09-17T06:35:56Z,Alert Reviewed,ANALYST-015,CSE-CHARLIE-CASE-Q3-2026-00023,False,False,EVREF-CSE-CHARLIE-CASE-Q3-2026-00023-07,False,CSE-CHARLIE-CASE-Q3-2026-00023-INV-07,False
2026-08-25T03:23:08Z,Escalation Decision Documented,ANALYST-014,CSE-CHARLIE-CASE-Q3-2026-00024,True,True,EVREF-CSE-CHARLIE-CASE-Q3-2026-00024-01,True,CSE-CHARLIE-CASE-Q3-2026-00024-INV-01,False
2026-08-25T08:58:23Z,Affected Asset Identified,ANALYST-002,CSE-CHARLIE-CASE-Q3-2026-00024,False,False,EVREF-CSE-CHARLIE-CASE-Q3-2026-00024-02,True,CSE-CHARLIE-CASE-Q3-2026-00024-INV-02,False
2026-08-25T14:33:39Z,Disposition Documented,ANALYST-008,CSE-CHARLIE-CASE-Q3-2026-00024,True,False,,False,CSE-CHARLIE-CASE-Q3-2026-00024-INV-03,False
2026-08-25T20:08:55Z,Evidence Examined,ANALYST-011,CSE-CHARLIE-CASE-Q3-2026-00024,False,False,EVREF-CSE-CHARLIE-CASE-Q3-2026-00024-04,False,CSE-CHARLIE-CASE-Q3-2026-00024-INV-04,False
2026-08-26T01:44:11Z,Remediation Recorded,ANALYST-006,CSE-CHARLIE-CASE-Q3-2026-00024,True,False,EVREF-CSE-CHARLIE-CASE-Q3-2026-00024-05,False,CSE-CHARLIE-CASE-Q3-2026-00024-INV-05,False
2026-08-26T07:19:27Z,Alert Reviewed,ANALYST-018,CSE-CHARLIE-CASE-Q3-2026-00024,True,True,EVREF-CSE-CHARLIE-CASE-Q3-2026-00024-06,False,CSE-CHARLIE-CASE-Q3-2026-00024-INV-06,False
2026-08-26T12:54:43Z,Containment Action Taken,ANALYST-014,CSE-CHARLIE-CASE-Q3-2026-00024,False,False,,True,CSE-CHARLIE-CASE-Q3-2026-00024-INV-07,False
2026-08-13T19:36:46Z,Affected Asset Identified,ANALYST-005,CSE-CHARLIE-CASE-Q3-2026-00025,False,False,EVREF-CSE-CHARLIE-CASE-Q3-2026-00025-01,True,CSE-CHARLIE-CASE-Q3-2026-00025-INV-01,False
2026-08-14T02:08:16Z,Alert Reviewed,ANALYST-003,CSE-CHARLIE-CASE-Q3-2026-00025,False,False,EVREF-CSE-CHARLIE-CASE-Q3-2026-00025-02,False,CSE-CHARLIE-CASE-Q3-2026-00025-INV-02,False
2026-08-14T08:39:46Z,Log Correlation Performed,ANALYST-004,CSE-CHARLIE-CASE-Q3-2026-00025,False,False,EVREF-CSE-CHARLIE-CASE-Q3-2026-00025-03,False,CSE-CHARLIE-CASE-Q3-2026-00025-INV-03,False
2026-08-14T15:11:16Z,Evidence Examined,ANALYST-014,CSE-CHARLIE-CASE-Q3-2026-00025,False,False,EVREF-CSE-CHARLIE-CASE-Q3-2026-00025-04,False,CSE-CHARLIE-CASE-Q3-2026-00025-INV-04,False
2026-08-14T21:42:46Z,Disposition Documented,ANALYST-006,CSE-CHARLIE-CASE-Q3-2026-00025,True,False,EVREF-CSE-CHARLIE-CASE-Q3-2026-00025-05,True,CSE-CHARLIE-CASE-Q3-2026-00025-INV-05,False
2026-08-15T04:14:16Z,Escalation Decision Documented,ANALYST-017,CSE-CHARLIE-CASE-Q3-2026-00025,False,True,EVREF-CSE-CHARLIE-CASE-Q3-2026-00025-06,False,CSE-CHARLIE-CASE-Q3-2026-00025-INV-06,False
2026-08-15T10:45:46Z,Containment Action Taken,ANALYST-016,CSE-CHARLIE-CASE-Q3-2026-00025,False,False,EVREF-CSE-CHARLIE-CASE-Q3-2026-00025-07,True,CSE-CHARLIE-CASE-Q3-2026-00025-INV-07,False
2026-09-04T22:49:09Z,Disposition Documented,ANALYST-015,CSE-CHARLIE-CASE-Q3-2026-00026,True,False,,True,CSE-CHARLIE-CASE-Q3-2026-00026-INV-01,False
2026-09-05T01:06:01Z,Remediation Recorded,ANALYST-014,CSE-CHARLIE-CASE-Q3-2026-00026,False,False,EVREF-CSE-CHARLIE-CASE-Q3-2026-00026-02,False,CSE-CHARLIE-CASE-Q3-2026-00026-INV-02,True
2026-09-05T03:22:54Z,Escalation Decision Documented,ANALYST-014,CSE-CHARLIE-CASE-Q3-2026-00026,False,True,EVREF-CSE-CHARLIE-CASE-Q3-2026-00026-03,False,CSE-CHARLIE-CASE-Q3-2026-00026-INV-03,False
2026-09-05T05:39:46Z,Affected Asset Identified,ANALYST-008,CSE-CHARLIE-CASE-Q3-2026-00026,False,False,EVREF-CSE-CHARLIE-CASE-Q3-2026-00026-04,False,CSE-CHARLIE-CASE-Q3-2026-00026-INV-04,False
2026-09-05T07:56:39Z,Evidence Examined,ANALYST-007,CSE-CHARLIE-CASE-Q3-2026-00026,False,False,,True,CSE-CHARLIE-CASE-Q3-2026-00026-INV-05,False
2026-09-05T10:13:31Z,Root Cause Analysis,ANALYST-012,CSE-CHARLIE-CASE-Q3-2026-00026,False,False,EVREF-CSE-CHARLIE-CASE-Q3-2026-00026-06,False,CSE-CHARLIE-CASE-Q3-2026-00026-INV-06,False
2026-09-05T12:30:23Z,Log Correlation Performed,ANALYST-015,CSE-CHARLIE-CASE-Q3-2026-00026,False,False,EVREF-CSE-CHARLIE-CASE-Q3-2026-00026-07,False,CSE-CHARLIE-CASE-Q3-2026-00026-INV-07,False
2026-09-14T07:36:14Z,Log Correlation Performed,ANALYST-010,CSE-CHARLIE-CASE-Q3-2026-00027,True,False,EVREF-CSE-CHARLIE-CASE-Q3-2026-00027-01,True,CSE-CHARLIE-CASE-Q3-2026-00027-INV-01,False
2026-09-14T11:01:10Z,Escalation Decision Documented,ANALYST-011,CSE-CHARLIE-CASE-Q3-2026-00027,True,True,EVREF-CSE-CHARLIE-CASE-Q3-2026-00027-02,False,CSE-CHARLIE-CASE-Q3-2026-00027-INV-02,False
2026-09-14T14:26:07Z,Root Cause Analysis,ANALYST-013,CSE-CHARLIE-CASE-Q3-2026-00027,False,False,EVREF-CSE-CHARLIE-CASE-Q3-2026-00027-03,True,CSE-CHARLIE-CASE-Q3-2026-00027-INV-03,False
2026-09-14T17:51:03Z,Evidence Examined,ANALYST-003,CSE-CHARLIE-CASE-Q3-2026-00027,False,True,,False,CSE-CHARLIE-CASE-Q3-2026-00027-INV-04,False
2026-09-14T21:15:59Z,Containment Action Taken,ANALYST-003,CSE-CHARLIE-CASE-Q3-2026-00027,True,False,EVREF-CSE-CHARLIE-CASE-Q3-2026-00027-05,False,CSE-CHARLIE-CASE-Q3-2026-00027-INV-05,False
2026-09-15T00:40:55Z,Affected Asset Identified,ANALYST-012,CSE-CHARLIE-CASE-Q3-2026-00027,True,False,EVREF-CSE-CHARLIE-CASE-Q3-2026-00027-06,False,CSE-CHARLIE-CASE-Q3-2026-00027-INV-06,False
2026-09-15T04:05:51Z,Remediation Recorded,ANALYST-017,CSE-CHARLIE-CASE-Q3-2026-00027,False,True,EVREF-CSE-CHARLIE-CASE-Q3-2026-00027-07,False,CSE-CHARLIE-CASE-Q3-2026-00027-INV-07,False
2026-08-08T06:36:01Z,Escalation Decision Documented,ANALYST-016,CSE-CHARLIE-CASE-Q3-2026-00028,False,True,EVREF-CSE-CHARLIE-CASE-Q3-2026-00028-01,False,CSE-CHARLIE-CASE-Q3-2026-00028-INV-01,False
2026-08-08T11:42:24Z,Root Cause Analysis,ANALYST-017,CSE-CHARLIE-CASE-Q3-2026-00028,False,False,,False,CSE-CHARLIE-CASE-Q3-2026-00028-INV-02,False
2026-08-08T16:48:46Z,Containment Action Taken,ANALYST-012,CSE-CHARLIE-CASE-Q3-2026-00028,False,False,EVREF-CSE-CHARLIE-CASE-Q3-2026-00028-03,True,CSE-CHARLIE-CASE-Q3-2026-00028-INV-03,False
2026-08-08T21:55:09Z,Evidence Examined,ANALYST-018,CSE-CHARLIE-CASE-Q3-2026-00028,False,False,EVREF-CSE-CHARLIE-CASE-Q3-2026-00028-04,False,CSE-CHARLIE-CASE-Q3-2026-00028-INV-04,False
2026-08-09T03:01:32Z,Remediation Recorded,ANALYST-006,CSE-CHARLIE-CASE-Q3-2026-00028,False,False,EVREF-CSE-CHARLIE-CASE-Q3-2026-00028-05,True,CSE-CHARLIE-CASE-Q3-2026-00028-INV-05,True
2026-08-09T08:07:54Z,Disposition Documented,ANALYST-001,CSE-CHARLIE-CASE-Q3-2026-00028,True,False,EVREF-CSE-CHARLIE-CASE-Q3-2026-00028-06,True,CSE-CHARLIE-CASE-Q3-2026-00028-INV-06,False
2026-08-12T09:24:35Z,Root Cause Analysis,ANALYST-009,CSE-CHARLIE-CASE-Q3-2026-00029,False,False,EVREF-CSE-CHARLIE-CASE-Q3-2026-00029-01,True,CSE-CHARLIE-CASE-Q3-2026-00029-INV-01,False
2026-08-12T12:44:43Z,Disposition Documented,ANALYST-011,CSE-CHARLIE-CASE-Q3-2026-00029,True,False,,True,CSE-CHARLIE-CASE-Q3-2026-00029-INV-02,False
2026-08-12T16:04:52Z,Evidence Examined,ANALYST-015,CSE-CHARLIE-CASE-Q3-2026-00029,True,False,EVREF-CSE-CHARLIE-CASE-Q3-2026-00029-03,True,CSE-CHARLIE-CASE-Q3-2026-00029-INV-03,False
2026-08-12T19:25:00Z,Remediation Recorded,ANALYST-013,CSE-CHARLIE-CASE-Q3-2026-00029,True,True,EVREF-CSE-CHARLIE-CASE-Q3-2026-00029-04,True,CSE-CHARLIE-CASE-Q3-2026-00029-INV-04,True
2026-08-12T22:45:08Z,Containment Action Taken,ANALYST-006,CSE-CHARLIE-CASE-Q3-2026-00029,False,False,,False,CSE-CHARLIE-CASE-Q3-2026-00029-INV-05,False
2026-08-13T02:05:16Z,Finding Documented,ANALYST-012,CSE-CHARLIE-CASE-Q3-2026-00029,False,False,EVREF-CSE-CHARLIE-CASE-Q3-2026-00029-06,True,CSE-CHARLIE-CASE-Q3-2026-00029-INV-06,False
2026-09-11T08:45:18Z,Escalation Decision Documented,ANALYST-012,CSE-CHARLIE-CASE-Q3-2026-00030,False,True,EVREF-CSE-CHARLIE-CASE-Q3-2026-00030-01,False,CSE-CHARLIE-CASE-Q3-2026-00030-INV-01,False
2026-09-11T12:33:07Z,Alert Reviewed,ANALYST-003,CSE-CHARLIE-CASE-Q3-2026-00030,False,False,EVREF-CSE-CHARLIE-CASE-Q3-2026-00030-02,True,CSE-CHARLIE-CASE-Q3-2026-00030-INV-02,False
2026-09-11T16:20:56Z,Disposition Documented,ANALYST-009,CSE-CHARLIE-CASE-Q3-2026-00030,True,False,EVREF-CSE-CHARLIE-CASE-Q3-2026-00030-03,False,CSE-CHARLIE-CASE-Q3-2026-00030-INV-03,False
2026-09-11T20:08:45Z,Remediation Recorded,ANALYST-017,CSE-CHARLIE-CASE-Q3-2026-00030,False,False,,True,CSE-CHARLIE-CASE-Q3-2026-00030-INV-04,False
2026-09-11T23:56:34Z,Finding Documented,ANALYST-005,CSE-CHARLIE-CASE-Q3-2026-00030,False,False,,True,CSE-CHARLIE-CASE-Q3-2026-00030-INV-05,False
2026-07-21T17:19:17Z,Remediation Recorded,ANALYST-014,CSE-CHARLIE-CASE-Q3-2026-00031,False,False,EVREF-CSE-CHARLIE-CASE-Q3-2026-00031-01,False,CSE-CHARLIE-CASE-Q3-2026-00031-INV-01,False
2026-07-21T21:01:01Z,Root Cause Analysis,ANALYST-004,CSE-CHARLIE-CASE-Q3-2026-00031,True,True,EVREF-CSE-CHARLIE-CASE-Q3-2026-00031-02,False,CSE-CHARLIE-CASE-Q3-2026-00031-INV-02,False
2026-07-22T00:42:44Z,Disposition Documented,ANALYST-002,CSE-CHARLIE-CASE-Q3-2026-00031,True,True,,True,CSE-CHARLIE-CASE-Q3-2026-00031-INV-03,False
2026-07-22T04:24:28Z,Finding Documented,ANALYST-011,CSE-CHARLIE-CASE-Q3-2026-00031,False,True,EVREF-CSE-CHARLIE-CASE-Q3-2026-00031-04,True,CSE-CHARLIE-CASE-Q3-2026-00031-INV-04,False
2026-07-22T08:06:11Z,Log Correlation Performed,ANALYST-005,CSE-CHARLIE-CASE-Q3-2026-00031,False,False,EVREF-CSE-CHARLIE-CASE-Q3-2026-00031-05,False,CSE-CHARLIE-CASE-Q3-2026-00031-INV-05,False
2026-07-22T11:47:55Z,Alert Reviewed,ANALYST-010,CSE-CHARLIE-CASE-Q3-2026-00031,False,False,EVREF-CSE-CHARLIE-CASE-Q3-2026-00031-06,False,CSE-CHARLIE-CASE-Q3-2026-00031-INV-06,False
2026-07-26T15:46:28Z,Affected Asset Identified,ANALYST-008,CSE-CHARLIE-CASE-Q3-2026-00032,False,True,EVREF-CSE-CHARLIE-CASE-Q3-2026-00032-01,False,CSE-CHARLIE-CASE-Q3-2026-00032-INV-01,False
2026-07-26T22:57:51Z,Evidence Examined,ANALYST-001,CSE-CHARLIE-CASE-Q3-2026-00032,False,False,EVREF-CSE-CHARLIE-CASE-Q3-2026-00032-02,False,CSE-CHARLIE-CASE-Q3-2026-00032-INV-02,False
2026-07-27T06:09:13Z,Disposition Documented,ANALYST-012,CSE-CHARLIE-CASE-Q3-2026-00032,True,False,EVREF-CSE-CHARLIE-CASE-Q3-2026-00032-03,False,CSE-CHARLIE-CASE-Q3-2026-00032-INV-03,False
2026-07-27T13:20:36Z,Escalation Decision Documented,ANALYST-009,CSE-CHARLIE-CASE-Q3-2026-00032,False,True,,True,CSE-CHARLIE-CASE-Q3-2026-00032-INV-04,False
2026-07-27T20:31:58Z,Remediation Recorded,ANALYST-012,CSE-CHARLIE-CASE-Q3-2026-00032,False,True,,False,CSE-CHARLIE-CASE-Q3-2026-00032-INV-05,False
2026-07-28T03:43:21Z,Root Cause Analysis,ANALYST-017,CSE-CHARLIE-CASE-Q3-2026-00032,False,False,,False,CSE-CHARLIE-CASE-Q3-2026-00032-INV-06,False
2026-07-28T02:55:37Z,Remediation Recorded,ANALYST-008,CSE-CHARLIE-CASE-Q3-2026-00033,False,False,EVREF-CSE-CHARLIE-CASE-Q3-2026-00033-01,False,CSE-CHARLIE-CASE-Q3-2026-00033-INV-01,False
2026-07-28T07:19:22Z,Disposition Documented,ANALYST-010,CSE-CHARLIE-CASE-Q3-2026-00033,True,False,EVREF-CSE-CHARLIE-CASE-Q3-2026-00033-02,False,CSE-CHARLIE-CASE-Q3-2026-00033-INV-02,False
2026-07-28T11:43:06Z,Alert Reviewed,ANALYST-001,CSE-CHARLIE-CASE-Q3-2026-00033,False,False,EVREF-CSE-CHARLIE-CASE-Q3-2026-00033-03,False,CSE-CHARLIE-CASE-Q3-2026-00033-INV-03,False
2026-07-28T16:06:51Z,Log Correlation Performed,ANALYST-006,CSE-CHARLIE-CASE-Q3-2026-00033,True,False,EVREF-CSE-CHARLIE-CASE-Q3-2026-00033-04,False,CSE-CHARLIE-CASE-Q3-2026-00033-INV-04,False
2026-07-28T20:30:35Z,Containment Action Taken,ANALYST-015,CSE-CHARLIE-CASE-Q3-2026-00033,False,False,EVREF-CSE-CHARLIE-CASE-Q3-2026-00033-05,False,CSE-CHARLIE-CASE-Q3-2026-00033-INV-05,False
2026-07-29T00:54:19Z,Evidence Examined,ANALYST-017,CSE-CHARLIE-CASE-Q3-2026-00033,False,False,EVREF-CSE-CHARLIE-CASE-Q3-2026-00033-06,False,CSE-CHARLIE-CASE-Q3-2026-00033-INV-06,False
2026-09-26T05:54:13Z,Remediation Recorded,ANALYST-004,CSE-CHARLIE-CASE-Q3-2026-00034,True,False,EVREF-CSE-CHARLIE-CASE-Q3-2026-00034-01,False,CSE-CHARLIE-CASE-Q3-2026-00034-INV-01,False
2026-09-26T08:22:51Z,Evidence Examined,ANALYST-002,CSE-CHARLIE-CASE-Q3-2026-00034,True,False,EVREF-CSE-CHARLIE-CASE-Q3-2026-00034-02,False,CSE-CHARLIE-CASE-Q3-2026-00034-INV-02,False
2026-09-26T10:51:30Z,Root Cause Analysis,ANALYST-009,CSE-CHARLIE-CASE-Q3-2026-00034,True,True,EVREF-CSE-CHARLIE-CASE-Q3-2026-00034-03,False,CSE-CHARLIE-CASE-Q3-2026-00034-INV-03,False
2026-09-26T13:20:08Z,Log Correlation Performed,ANALYST-008,CSE-CHARLIE-CASE-Q3-2026-00034,False,True,EVREF-CSE-CHARLIE-CASE-Q3-2026-00034-04,True,CSE-CHARLIE-CASE-Q3-2026-00034-INV-04,False
2026-09-26T15:48:47Z,Containment Action Taken,ANALYST-005,CSE-CHARLIE-CASE-Q3-2026-00034,False,True,EVREF-CSE-CHARLIE-CASE-Q3-2026-00034-05,False,CSE-CHARLIE-CASE-Q3-2026-00034-INV-05,False
2026-09-26T18:17:25Z,Affected Asset Identified,ANALYST-008,CSE-CHARLIE-CASE-Q3-2026-00034,False,True,EVREF-CSE-CHARLIE-CASE-Q3-2026-00034-06,True,CSE-CHARLIE-CASE-Q3-2026-00034-INV-06,False
2026-07-10T22:36:16Z,Remediation Recorded,ANALYST-017,CSE-CHARLIE-CASE-Q3-2026-00035,True,False,EVREF-CSE-CHARLIE-CASE-Q3-2026-00035-01,True,CSE-CHARLIE-CASE-Q3-2026-00035-INV-01,False
2026-07-11T01:49:27Z,Containment Action Taken,ANALYST-015,CSE-CHARLIE-CASE-Q3-2026-00035,False,False,EVREF-CSE-CHARLIE-CASE-Q3-2026-00035-02,True,CSE-CHARLIE-CASE-Q3-2026-00035-INV-02,False
2026-07-11T05:02:37Z,Escalation Decision Documented,ANALYST-013,CSE-CHARLIE-CASE-Q3-2026-00035,False,True,,False,CSE-CHARLIE-CASE-Q3-2026-00035-INV-03,False
2026-07-11T08:15:48Z,Root Cause Analysis,ANALYST-013,CSE-CHARLIE-CASE-Q3-2026-00035,True,False,EVREF-CSE-CHARLIE-CASE-Q3-2026-00035-04,True,CSE-CHARLIE-CASE-Q3-2026-00035-INV-04,False
2026-07-11T11:28:59Z,Affected Asset Identified,ANALYST-011,CSE-CHARLIE-CASE-Q3-2026-00035,False,False,EVREF-CSE-CHARLIE-CASE-Q3-2026-00035-05,True,CSE-CHARLIE-CASE-Q3-2026-00035-INV-05,False
2026-07-11T14:42:09Z,Log Correlation Performed,ANALYST-016,CSE-CHARLIE-CASE-Q3-2026-00035,False,True,EVREF-CSE-CHARLIE-CASE-Q3-2026-00035-06,False,CSE-CHARLIE-CASE-Q3-2026-00035-INV-06,False
2026-07-11T17:55:20Z,Disposition Documented,ANALYST-001,CSE-CHARLIE-CASE-Q3-2026-00035,True,False,EVREF-CSE-CHARLIE-CASE-Q3-2026-00035-07,True,CSE-CHARLIE-CASE-Q3-2026-00035-INV-07,False
2026-09-04T16:35:50Z,Finding Documented,ANALYST-003,CSE-CHARLIE-CASE-Q3-2026-00036,False,False,EVREF-CSE-CHARLIE-CASE-Q3-2026-00036-01,True,CSE-CHARLIE-CASE-Q3-2026-00036-INV-01,False
2026-09-05T02:52:46Z,Affected Asset Identified,ANALYST-009,CSE-CHARLIE-CASE-Q3-2026-00036,False,False,EVREF-CSE-CHARLIE-CASE-Q3-2026-00036-02,True,CSE-CHARLIE-CASE-Q3-2026-00036-INV-02,False
2026-09-05T13:09:42Z,Alert Reviewed,ANALYST-005,CSE-CHARLIE-CASE-Q3-2026-00036,False,True,EVREF-CSE-CHARLIE-CASE-Q3-2026-00036-03,False,CSE-CHARLIE-CASE-Q3-2026-00036-INV-03,False
2026-09-05T23:26:38Z,Evidence Examined,ANALYST-001,CSE-CHARLIE-CASE-Q3-2026-00036,False,True,EVREF-CSE-CHARLIE-CASE-Q3-2026-00036-04,False,CSE-CHARLIE-CASE-Q3-2026-00036-INV-04,False
2026-09-06T09:43:34Z,Log Correlation Performed,ANALYST-006,CSE-CHARLIE-CASE-Q3-2026-00036,False,True,EVREF-CSE-CHARLIE-CASE-Q3-2026-00036-05,False,CSE-CHARLIE-CASE-Q3-2026-00036-INV-05,False
2026-09-06T20:00:30Z,Disposition Documented,ANALYST-010,CSE-CHARLIE-CASE-Q3-2026-00036,True,False,,True,CSE-CHARLIE-CASE-Q3-2026-00036-INV-06,False
2026-08-29T16:51:10Z,Alert Reviewed,ANALYST-004,CSE-CHARLIE-CASE-Q3-2026-00037,False,False,EVREF-CSE-CHARLIE-CASE-Q3-2026-00037-01,False,CSE-CHARLIE-CASE-Q3-2026-00037-INV-01,False
2026-08-30T01:39:24Z,Finding Documented,ANALYST-014,CSE-CHARLIE-CASE-Q3-2026-00037,False,False,EVREF-CSE-CHARLIE-CASE-Q3-2026-00037-02,True,CSE-CHARLIE-CASE-Q3-2026-00037-INV-02,False
2026-08-30T10:27:38Z,Remediation Recorded,ANALYST-011,CSE-CHARLIE-CASE-Q3-2026-00037,False,True,,False,CSE-CHARLIE-CASE-Q3-2026-00037-INV-03,False
2026-08-30T19:15:51Z,Affected Asset Identified,ANALYST-016,CSE-CHARLIE-CASE-Q3-2026-00037,True,False,EVREF-CSE-CHARLIE-CASE-Q3-2026-00037-04,False,CSE-CHARLIE-CASE-Q3-2026-00037-INV-04,False
2026-08-31T04:04:05Z,Disposition Documented,ANALYST-008,CSE-CHARLIE-CASE-Q3-2026-00037,True,False,EVREF-CSE-CHARLIE-CASE-Q3-2026-00037-05,False,CSE-CHARLIE-CASE-Q3-2026-00037-INV-05,False
2026-08-31T12:52:18Z,Log Correlation Performed,ANALYST-004,CSE-CHARLIE-CASE-Q3-2026-00037,True,True,EVREF-CSE-CHARLIE-CASE-Q3-2026-00037-06,False,CSE-CHARLIE-CASE-Q3-2026-00037-INV-06,False
2026-07-18T19:44:51Z,Evidence Examined,ANALYST-011,CSE-CHARLIE-CASE-Q3-2026-00038,False,False,EVREF-CSE-CHARLIE-CASE-Q3-2026-00038-01,True,CSE-CHARLIE-CASE-Q3-2026-00038-INV-01,False
2026-07-19T00:02:18Z,Root Cause Analysis,ANALYST-012,CSE-CHARLIE-CASE-Q3-2026-00038,False,True,EVREF-CSE-CHARLIE-CASE-Q3-2026-00038-02,False,CSE-CHARLIE-CASE-Q3-2026-00038-INV-02,False
2026-07-19T04:19:46Z,Finding Documented,ANALYST-015,CSE-CHARLIE-CASE-Q3-2026-00038,True,True,EVREF-CSE-CHARLIE-CASE-Q3-2026-00038-03,True,CSE-CHARLIE-CASE-Q3-2026-00038-INV-03,False
2026-07-19T08:37:13Z,Log Correlation Performed,ANALYST-004,CSE-CHARLIE-CASE-Q3-2026-00038,False,True,EVREF-CSE-CHARLIE-CASE-Q3-2026-00038-04,False,CSE-CHARLIE-CASE-Q3-2026-00038-INV-04,False
2026-07-19T12:54:40Z,Containment Action Taken,ANALYST-002,CSE-CHARLIE-CASE-Q3-2026-00038,False,False,EVREF-CSE-CHARLIE-CASE-Q3-2026-00038-05,False,CSE-CHARLIE-CASE-Q3-2026-00038-INV-05,False
2026-07-19T17:12:08Z,Disposition Documented,ANALYST-013,CSE-CHARLIE-CASE-Q3-2026-00038,True,False,EVREF-CSE-CHARLIE-CASE-Q3-2026-00038-06,False,CSE-CHARLIE-CASE-Q3-2026-00038-INV-06,False
2026-07-19T21:29:35Z,Alert Reviewed,ANALYST-013,CSE-CHARLIE-CASE-Q3-2026-00038,True,False,EVREF-CSE-CHARLIE-CASE-Q3-2026-00038-07,True,CSE-CHARLIE-CASE-Q3-2026-00038-INV-07,False
2026-07-20T01:47:02Z,Affected Asset Identified,ANALYST-004,CSE-CHARLIE-CASE-Q3-2026-00038,False,False,,False,CSE-CHARLIE-CASE-Q3-2026-00038-INV-08,False
2026-08-17T00:33:38Z,Root Cause Analysis,ANALYST-002,CSE-CHARLIE-CASE-Q3-2026-00039,False,False,EVREF-CSE-CHARLIE-CASE-Q3-2026-00039-01,False,CSE-CHARLIE-CASE-Q3-2026-00039-INV-01,False
2026-08-17T01:59:56Z,Alert Reviewed,ANALYST-011,CSE-CHARLIE-CASE-Q3-2026-00039,True,False,EVREF-CSE-CHARLIE-CASE-Q3-2026-00039-02,True,CSE-CHARLIE-CASE-Q3-2026-00039-INV-02,False
2026-08-17T03:26:14Z,Evidence Examined,ANALYST-005,CSE-CHARLIE-CASE-Q3-2026-00039,True,True,EVREF-CSE-CHARLIE-CASE-Q3-2026-00039-03,True,CSE-CHARLIE-CASE-Q3-2026-00039-INV-03,False
2026-08-17T04:52:31Z,Finding Documented,ANALYST-011,CSE-CHARLIE-CASE-Q3-2026-00039,False,False,,True,CSE-CHARLIE-CASE-Q3-2026-00039-INV-04,False
2026-08-17T06:18:49Z,Log Correlation Performed,ANALYST-014,CSE-CHARLIE-CASE-Q3-2026-00039,True,False,EVREF-CSE-CHARLIE-CASE-Q3-2026-00039-05,True,CSE-CHARLIE-CASE-Q3-2026-00039-INV-05,False
2026-08-17T07:45:07Z,Containment Action Taken,ANALYST-012,CSE-CHARLIE-CASE-Q3-2026-00039,False,False,EVREF-CSE-CHARLIE-CASE-Q3-2026-00039-06,True,CSE-CHARLIE-CASE-Q3-2026-00039-INV-06,False
2026-08-17T09:11:25Z,Affected Asset Identified,ANALYST-011,CSE-CHARLIE-CASE-Q3-2026-00039,False,True,EVREF-CSE-CHARLIE-CASE-Q3-2026-00039-07,False,CSE-CHARLIE-CASE-Q3-2026-00039-INV-07,False
2026-09-10T19:17:54Z,Affected Asset Identified,ANALYST-002,CSE-CHARLIE-CASE-Q3-2026-00040,True,False,EVREF-CSE-CHARLIE-CASE-Q3-2026-00040-01,False,CSE-CHARLIE-CASE-Q3-2026-00040-INV-01,False
2026-09-11T00:17:24Z,Disposition Documented,ANALYST-018,CSE-CHARLIE-CASE-Q3-2026-00040,True,False,EVREF-CSE-CHARLIE-CASE-Q3-2026-00040-02,True,CSE-CHARLIE-CASE-Q3-2026-00040-INV-02,False
2026-09-11T05:16:54Z,Containment Action Taken,ANALYST-014,CSE-CHARLIE-CASE-Q3-2026-00040,True,False,,False,CSE-CHARLIE-CASE-Q3-2026-00040-INV-03,False
2026-09-11T10:16:23Z,Evidence Examined,ANALYST-014,CSE-CHARLIE-CASE-Q3-2026-00040,True,True,EVREF-CSE-CHARLIE-CASE-Q3-2026-00040-04,False,CSE-CHARLIE-CASE-Q3-2026-00040-INV-04,False
2026-09-11T15:15:53Z,Log Correlation Performed,ANALYST-003,CSE-CHARLIE-CASE-Q3-2026-00040,False,False,EVREF-CSE-CHARLIE-CASE-Q3-2026-00040-05,False,CSE-CHARLIE-CASE-Q3-2026-00040-INV-05,False
2026-09-11T20:15:23Z,Root Cause Analysis,ANALYST-017,CSE-CHARLIE-CASE-Q3-2026-00040,False,False,EVREF-CSE-CHARLIE-CASE-Q3-2026-00040-06,False,CSE-CHARLIE-CASE-Q3-2026-00040-INV-06,False
2026-09-12T01:14:52Z,Escalation Decision Documented,ANALYST-006,CSE-CHARLIE-CASE-Q3-2026-00040,False,True,EVREF-CSE-CHARLIE-CASE-Q3-2026-00040-07,False,CSE-CHARLIE-CASE-Q3-2026-00040-INV-07,False
2026-07-21T01:37:58Z,Root Cause Analysis,ANALYST-005,CSE-CHARLIE-CASE-Q3-2026-00041,False,False,EVREF-CSE-CHARLIE-CASE-Q3-2026-00041-01,True,CSE-CHARLIE-CASE-Q3-2026-00041-INV-01,False
2026-07-21T08:30:20Z,Disposition Documented,ANALYST-013,CSE-CHARLIE-CASE-Q3-2026-00041,True,True,,False,CSE-CHARLIE-CASE-Q3-2026-00041-INV-02,False
2026-07-21T15:22:42Z,Affected Asset Identified,ANALYST-009,CSE-CHARLIE-CASE-Q3-2026-00041,True,False,EVREF-CSE-CHARLIE-CASE-Q3-2026-00041-03,True,CSE-CHARLIE-CASE-Q3-2026-00041-INV-03,False
2026-07-21T22:15:04Z,Finding Documented,ANALYST-005,CSE-CHARLIE-CASE-Q3-2026-00041,True,False,,True,CSE-CHARLIE-CASE-Q3-2026-00041-INV-04,False
2026-07-22T05:07:26Z,Evidence Examined,ANALYST-018,CSE-CHARLIE-CASE-Q3-2026-00041,True,False,EVREF-CSE-CHARLIE-CASE-Q3-2026-00041-05,True,CSE-CHARLIE-CASE-Q3-2026-00041-INV-05,False
2026-07-22T11:59:48Z,Escalation Decision Documented,ANALYST-009,CSE-CHARLIE-CASE-Q3-2026-00041,True,True,EVREF-CSE-CHARLIE-CASE-Q3-2026-00041-06,True,CSE-CHARLIE-CASE-Q3-2026-00041-INV-06,False
2026-08-21T04:40:29Z,Alert Reviewed,ANALYST-009,CSE-CHARLIE-CASE-Q3-2026-00042,False,False,EVREF-CSE-CHARLIE-CASE-Q3-2026-00042-01,True,CSE-CHARLIE-CASE-Q3-2026-00042-INV-01,False
2026-08-21T13:04:45Z,Affected Asset Identified,ANALYST-001,CSE-CHARLIE-CASE-Q3-2026-00042,False,True,EVREF-CSE-CHARLIE-CASE-Q3-2026-00042-02,False,CSE-CHARLIE-CASE-Q3-2026-00042-INV-02,False
2026-08-21T21:29:00Z,Escalation Decision Documented,ANALYST-004,CSE-CHARLIE-CASE-Q3-2026-00042,False,True,EVREF-CSE-CHARLIE-CASE-Q3-2026-00042-03,False,CSE-CHARLIE-CASE-Q3-2026-00042-INV-03,False
2026-08-22T05:53:15Z,Disposition Documented,ANALYST-012,CSE-CHARLIE-CASE-Q3-2026-00042,True,False,EVREF-CSE-CHARLIE-CASE-Q3-2026-00042-04,False,CSE-CHARLIE-CASE-Q3-2026-00042-INV-04,False
2026-08-22T14:17:30Z,Containment Action Taken,ANALYST-007,CSE-CHARLIE-CASE-Q3-2026-00042,False,True,EVREF-CSE-CHARLIE-CASE-Q3-2026-00042-05,True,CSE-CHARLIE-CASE-Q3-2026-00042-INV-05,False
2026-07-02T06:11:06Z,Alert Reviewed,ANALYST-004,CSE-CHARLIE-CASE-Q3-2026-00043,False,False,EVREF-CSE-CHARLIE-CASE-Q3-2026-00043-01,True,CSE-CHARLIE-CASE-Q3-2026-00043-INV-01,False
2026-07-02T11:21:36Z,Remediation Recorded,ANALYST-007,CSE-CHARLIE-CASE-Q3-2026-00043,False,False,EVREF-CSE-CHARLIE-CASE-Q3-2026-00043-02,False,CSE-CHARLIE-CASE-Q3-2026-00043-INV-02,True
2026-07-02T16:32:07Z,Evidence Examined,ANALYST-009,CSE-CHARLIE-CASE-Q3-2026-00043,False,True,EVREF-CSE-CHARLIE-CASE-Q3-2026-00043-03,False,CSE-CHARLIE-CASE-Q3-2026-00043-INV-03,False
2026-07-02T21:42:38Z,Disposition Documented,ANALYST-009,CSE-CHARLIE-CASE-Q3-2026-00043,True,True,,False,CSE-CHARLIE-CASE-Q3-2026-00043-INV-04,False
2026-07-03T02:53:09Z,Log Correlation Performed,ANALYST-009,CSE-CHARLIE-CASE-Q3-2026-00043,True,True,EVREF-CSE-CHARLIE-CASE-Q3-2026-00043-05,False,CSE-CHARLIE-CASE-Q3-2026-00043-INV-05,False
2026-07-03T08:03:39Z,Root Cause Analysis,ANALYST-009,CSE-CHARLIE-CASE-Q3-2026-00043,False,False,EVREF-CSE-CHARLIE-CASE-Q3-2026-00043-06,True,CSE-CHARLIE-CASE-Q3-2026-00043-INV-06,False
2026-09-04T10:04:32Z,Evidence Examined,ANALYST-010,CSE-CHARLIE-CASE-Q3-2026-00044,False,False,EVREF-CSE-CHARLIE-CASE-Q3-2026-00044-01,False,CSE-CHARLIE-CASE-Q3-2026-00044-INV-01,False
2026-09-04T16:38:55Z,Log Correlation Performed,ANALYST-015,CSE-CHARLIE-CASE-Q3-2026-00044,False,True,EVREF-CSE-CHARLIE-CASE-Q3-2026-00044-02,False,CSE-CHARLIE-CASE-Q3-2026-00044-INV-02,False
2026-09-04T23:13:17Z,Remediation Recorded,ANALYST-006,CSE-CHARLIE-CASE-Q3-2026-00044,False,True,EVREF-CSE-CHARLIE-CASE-Q3-2026-00044-03,True,CSE-CHARLIE-CASE-Q3-2026-00044-INV-03,False
2026-09-05T05:47:39Z,Affected Asset Identified,ANALYST-018,CSE-CHARLIE-CASE-Q3-2026-00044,False,False,EVREF-CSE-CHARLIE-CASE-Q3-2026-00044-04,False,CSE-CHARLIE-CASE-Q3-2026-00044-INV-04,False
2026-09-05T12:22:02Z,Alert Reviewed,ANALYST-008,CSE-CHARLIE-CASE-Q3-2026-00044,True,False,EVREF-CSE-CHARLIE-CASE-Q3-2026-00044-05,True,CSE-CHARLIE-CASE-Q3-2026-00044-INV-05,False
2026-09-05T18:56:24Z,Containment Action Taken,ANALYST-003,CSE-CHARLIE-CASE-Q3-2026-00044,False,False,EVREF-CSE-CHARLIE-CASE-Q3-2026-00044-06,False,CSE-CHARLIE-CASE-Q3-2026-00044-INV-06,False
2026-07-26T09:12:01Z,Log Correlation Performed,ANALYST-018,CSE-CHARLIE-CASE-Q3-2026-00045,False,False,EVREF-CSE-CHARLIE-CASE-Q3-2026-00045-01,False,CSE-CHARLIE-CASE-Q3-2026-00045-INV-01,False
2026-07-26T19:34:30Z,Finding Documented,ANALYST-002,CSE-CHARLIE-CASE-Q3-2026-00045,False,True,EVREF-CSE-CHARLIE-CASE-Q3-2026-00045-02,True,CSE-CHARLIE-CASE-Q3-2026-00045-INV-02,False
2026-07-27T05:56:59Z,Root Cause Analysis,ANALYST-014,CSE-CHARLIE-CASE-Q3-2026-00045,False,False,EVREF-CSE-CHARLIE-CASE-Q3-2026-00045-03,True,CSE-CHARLIE-CASE-Q3-2026-00045-INV-03,False
2026-07-27T16:19:28Z,Disposition Documented,ANALYST-004,CSE-CHARLIE-CASE-Q3-2026-00045,True,True,EVREF-CSE-CHARLIE-CASE-Q3-2026-00045-04,True,CSE-CHARLIE-CASE-Q3-2026-00045-INV-04,False
2026-07-28T02:41:57Z,Containment Action Taken,ANALYST-006,CSE-CHARLIE-CASE-Q3-2026-00045,True,True,,False,CSE-CHARLIE-CASE-Q3-2026-00045-INV-05,False
2026-07-28T13:04:27Z,Alert Reviewed,ANALYST-014,CSE-CHARLIE-CASE-Q3-2026-00045,True,False,,True,CSE-CHARLIE-CASE-Q3-2026-00045-INV-06,False
2026-07-28T23:26:56Z,Escalation Decision Documented,ANALYST-008,CSE-CHARLIE-CASE-Q3-2026-00045,True,True,EVREF-CSE-CHARLIE-CASE-Q3-2026-00045-07,True,CSE-CHARLIE-CASE-Q3-2026-00045-INV-07,False
2026-07-26T05:46:36Z,Log Correlation Performed,ANALYST-018,CSE-CHARLIE-CASE-Q3-2026-00046,False,False,EVREF-CSE-CHARLIE-CASE-Q3-2026-00046-01,True,CSE-CHARLIE-CASE-Q3-2026-00046-INV-01,False
2026-07-26T09:55:10Z,Finding Documented,ANALYST-012,CSE-CHARLIE-CASE-Q3-2026-00046,False,False,EVREF-CSE-CHARLIE-CASE-Q3-2026-00046-02,True,CSE-CHARLIE-CASE-Q3-2026-00046-INV-02,False
2026-07-26T14:03:44Z,Root Cause Analysis,ANALYST-005,CSE-CHARLIE-CASE-Q3-2026-00046,False,False,EVREF-CSE-CHARLIE-CASE-Q3-2026-00046-03,True,CSE-CHARLIE-CASE-Q3-2026-00046-INV-03,False
2026-07-26T18:12:18Z,Escalation Decision Documented,ANALYST-003,CSE-CHARLIE-CASE-Q3-2026-00046,False,True,EVREF-CSE-CHARLIE-CASE-Q3-2026-00046-04,False,CSE-CHARLIE-CASE-Q3-2026-00046-INV-04,False
2026-07-26T22:20:51Z,Remediation Recorded,ANALYST-002,CSE-CHARLIE-CASE-Q3-2026-00046,True,False,,False,CSE-CHARLIE-CASE-Q3-2026-00046-INV-05,True
2026-07-27T02:29:25Z,Affected Asset Identified,ANALYST-011,CSE-CHARLIE-CASE-Q3-2026-00046,False,False,,False,CSE-CHARLIE-CASE-Q3-2026-00046-INV-06,False
2026-08-12T16:31:31Z,Disposition Documented,ANALYST-017,CSE-CHARLIE-CASE-Q3-2026-00047,True,False,,False,CSE-CHARLIE-CASE-Q3-2026-00047-INV-01,False
2026-08-12T18:04:38Z,Remediation Recorded,ANALYST-006,CSE-CHARLIE-CASE-Q3-2026-00047,False,True,EVREF-CSE-CHARLIE-CASE-Q3-2026-00047-02,False,CSE-CHARLIE-CASE-Q3-2026-00047-INV-02,False
2026-08-12T19:37:44Z,Log Correlation Performed,ANALYST-016,CSE-CHARLIE-CASE-Q3-2026-00047,True,False,EVREF-CSE-CHARLIE-CASE-Q3-2026-00047-03,False,CSE-CHARLIE-CASE-Q3-2026-00047-INV-03,False
2026-08-12T21:10:50Z,Affected Asset Identified,ANALYST-013,CSE-CHARLIE-CASE-Q3-2026-00047,False,True,EVREF-CSE-CHARLIE-CASE-Q3-2026-00047-04,False,CSE-CHARLIE-CASE-Q3-2026-00047-INV-04,False
2026-08-12T22:43:57Z,Containment Action Taken,ANALYST-017,CSE-CHARLIE-CASE-Q3-2026-00047,False,False,EVREF-CSE-CHARLIE-CASE-Q3-2026-00047-05,True,CSE-CHARLIE-CASE-Q3-2026-00047-INV-05,False
2026-09-16T07:50:37Z,Finding Documented,ANALYST-003,CSE-CHARLIE-CASE-Q3-2026-00048,True,True,EVREF-CSE-CHARLIE-CASE-Q3-2026-00048-01,True,CSE-CHARLIE-CASE-Q3-2026-00048-INV-01,False
2026-09-16T15:10:17Z,Evidence Examined,ANALYST-018,CSE-CHARLIE-CASE-Q3-2026-00048,False,False,,True,CSE-CHARLIE-CASE-Q3-2026-00048-INV-02,False
2026-09-16T22:29:58Z,Remediation Recorded,ANALYST-001,CSE-CHARLIE-CASE-Q3-2026-00048,False,False,EVREF-CSE-CHARLIE-CASE-Q3-2026-00048-03,False,CSE-CHARLIE-CASE-Q3-2026-00048-INV-03,False
2026-09-17T05:49:38Z,Affected Asset Identified,ANALYST-015,CSE-CHARLIE-CASE-Q3-2026-00048,True,False,EVREF-CSE-CHARLIE-CASE-Q3-2026-00048-04,True,CSE-CHARLIE-CASE-Q3-2026-00048-INV-04,False
2026-09-17T13:09:19Z,Root Cause Analysis,ANALYST-016,CSE-CHARLIE-CASE-Q3-2026-00048,False,False,EVREF-CSE-CHARLIE-CASE-Q3-2026-00048-05,False,CSE-CHARLIE-CASE-Q3-2026-00048-INV-05,False
2026-09-17T20:28:59Z,Log Correlation Performed,ANALYST-003,CSE-CHARLIE-CASE-Q3-2026-00048,True,True,EVREF-CSE-CHARLIE-CASE-Q3-2026-00048-06,False,CSE-CHARLIE-CASE-Q3-2026-00048-INV-06,False
2026-09-18T03:48:40Z,Alert Reviewed,ANALYST-002,CSE-CHARLIE-CASE-Q3-2026-00048,False,False,,False,CSE-CHARLIE-CASE-Q3-2026-00048-INV-07,False
2026-08-14T18:53:47Z,Disposition Documented,ANALYST-013,CSE-CHARLIE-CASE-Q3-2026-00049,True,False,EVREF-CSE-CHARLIE-CASE-Q3-2026-00049-01,False,CSE-CHARLIE-CASE-Q3-2026-00049-INV-01,False
2026-08-14T23:49:36Z,Finding Documented,ANALYST-004,CSE-CHARLIE-CASE-Q3-2026-00049,False,False,EVREF-CSE-CHARLIE-CASE-Q3-2026-00049-02,True,CSE-CHARLIE-CASE-Q3-2026-00049-INV-02,False
2026-08-15T04:45:26Z,Evidence Examined,ANALYST-005,CSE-CHARLIE-CASE-Q3-2026-00049,False,True,EVREF-CSE-CHARLIE-CASE-Q3-2026-00049-03,False,CSE-CHARLIE-CASE-Q3-2026-00049-INV-03,False
2026-08-15T09:41:16Z,Containment Action Taken,ANALYST-002,CSE-CHARLIE-CASE-Q3-2026-00049,False,False,EVREF-CSE-CHARLIE-CASE-Q3-2026-00049-04,True,CSE-CHARLIE-CASE-Q3-2026-00049-INV-04,False
2026-08-15T14:37:05Z,Alert Reviewed,ANALYST-006,CSE-CHARLIE-CASE-Q3-2026-00049,False,False,EVREF-CSE-CHARLIE-CASE-Q3-2026-00049-05,False,CSE-CHARLIE-CASE-Q3-2026-00049-INV-05,False
2026-09-10T01:47:21Z,Root Cause Analysis,ANALYST-008,CSE-CHARLIE-CASE-Q3-2026-00050,True,False,,False,CSE-CHARLIE-CASE-Q3-2026-00050-INV-01,False
2026-09-10T12:29:46Z,Affected Asset Identified,ANALYST-016,CSE-CHARLIE-CASE-Q3-2026-00050,True,False,,False,CSE-CHARLIE-CASE-Q3-2026-00050-INV-02,False
2026-09-10T23:12:12Z,Alert Reviewed,ANALYST-013,CSE-CHARLIE-CASE-Q3-2026-00050,True,False,EVREF-CSE-CHARLIE-CASE-Q3-2026-00050-03,False,CSE-CHARLIE-CASE-Q3-2026-00050-INV-03,False
2026-09-11T09:54:37Z,Disposition Documented,ANALYST-008,CSE-CHARLIE-CASE-Q3-2026-00050,True,True,EVREF-CSE-CHARLIE-CASE-Q3-2026-00050-04,True,CSE-CHARLIE-CASE-Q3-2026-00050-INV-04,False
2026-09-11T20:37:02Z,Containment Action Taken,ANALYST-013,CSE-CHARLIE-CASE-Q3-2026-00050,False,False,,True,CSE-CHARLIE-CASE-Q3-2026-00050-INV-05,False
2026-09-12T07:19:28Z,Evidence Examined,ANALYST-007,CSE-CHARLIE-CASE-Q3-2026-00050,False,False,,False,CSE-CHARLIE-CASE-Q3-2026-00050-INV-06,False
2026-09-03T22:47:16Z,Escalation Decision Documented,ANALYST-007,CSE-CHARLIE-CASE-Q3-2026-00051,False,True,,False,CSE-CHARLIE-CASE-Q3-2026-00051-INV-01,False
2026-09-04T02:38:46Z,Finding Documented,ANALYST-012,CSE-CHARLIE-CASE-Q3-2026-00051,False,False,EVREF-CSE-CHARLIE-CASE-Q3-2026-00051-02,True,CSE-CHARLIE-CASE-Q3-2026-00051-INV-02,False
2026-09-04T06:30:17Z,Log Correlation Performed,ANALYST-004,CSE-CHARLIE-CASE-Q3-2026-00051,False,False,EVREF-CSE-CHARLIE-CASE-Q3-2026-00051-03,True,CSE-CHARLIE-CASE-Q3-2026-00051-INV-03,False
2026-09-04T10:21:48Z,Root Cause Analysis,ANALYST-017,CSE-CHARLIE-CASE-Q3-2026-00051,False,False,EVREF-CSE-CHARLIE-CASE-Q3-2026-00051-04,True,CSE-CHARLIE-CASE-Q3-2026-00051-INV-04,False
2026-09-04T14:13:18Z,Affected Asset Identified,ANALYST-003,CSE-CHARLIE-CASE-Q3-2026-00051,False,False,EVREF-CSE-CHARLIE-CASE-Q3-2026-00051-05,False,CSE-CHARLIE-CASE-Q3-2026-00051-INV-05,False
2026-08-18T02:07:10Z,Containment Action Taken,ANALYST-006,CSE-CHARLIE-CASE-Q3-2026-00052,True,False,EVREF-CSE-CHARLIE-CASE-Q3-2026-00052-01,False,CSE-CHARLIE-CASE-Q3-2026-00052-INV-01,False
2026-08-18T06:17:38Z,Affected Asset Identified,ANALYST-001,CSE-CHARLIE-CASE-Q3-2026-00052,False,True,,True,CSE-CHARLIE-CASE-Q3-2026-00052-INV-02,False
2026-08-18T10:28:06Z,Finding Documented,ANALYST-012,CSE-CHARLIE-CASE-Q3-2026-00052,False,True,EVREF-CSE-CHARLIE-CASE-Q3-2026-00052-03,True,CSE-CHARLIE-CASE-Q3-2026-00052-INV-03,False
2026-08-18T14:38:34Z,Escalation Decision Documented,ANALYST-012,CSE-CHARLIE-CASE-Q3-2026-00052,False,True,EVREF-CSE-CHARLIE-CASE-Q3-2026-00052-04,True,CSE-CHARLIE-CASE-Q3-2026-00052-INV-04,False
2026-08-16T06:50:24Z,Disposition Documented,ANALYST-001,CSE-CHARLIE-CASE-Q3-2026-00053,True,False,EVREF-CSE-CHARLIE-CASE-Q3-2026-00053-01,False,CSE-CHARLIE-CASE-Q3-2026-00053-INV-01,False
2026-08-16T07:59:57Z,Remediation Recorded,ANALYST-008,CSE-CHARLIE-CASE-Q3-2026-00053,True,False,EVREF-CSE-CHARLIE-CASE-Q3-2026-00053-02,True,CSE-CHARLIE-CASE-Q3-2026-00053-INV-02,False
2026-08-16T09:09:30Z,Affected Asset Identified,ANALYST-002,CSE-CHARLIE-CASE-Q3-2026-00053,False,False,EVREF-CSE-CHARLIE-CASE-Q3-2026-00053-03,True,CSE-CHARLIE-CASE-Q3-2026-00053-INV-03,False
2026-08-16T10:19:02Z,Escalation Decision Documented,ANALYST-013,CSE-CHARLIE-CASE-Q3-2026-00053,False,True,EVREF-CSE-CHARLIE-CASE-Q3-2026-00053-04,False,CSE-CHARLIE-CASE-Q3-2026-00053-INV-04,False
2026-08-16T11:28:35Z,Log Correlation Performed,ANALYST-008,CSE-CHARLIE-CASE-Q3-2026-00053,False,False,,False,CSE-CHARLIE-CASE-Q3-2026-00053-INV-05,False
2026-08-16T12:38:07Z,Finding Documented,ANALYST-016,CSE-CHARLIE-CASE-Q3-2026-00053,True,False,EVREF-CSE-CHARLIE-CASE-Q3-2026-00053-06,True,CSE-CHARLIE-CASE-Q3-2026-00053-INV-06,False
2026-08-16T13:47:40Z,Alert Reviewed,ANALYST-009,CSE-CHARLIE-CASE-Q3-2026-00053,False,False,EVREF-CSE-CHARLIE-CASE-Q3-2026-00053-07,False,CSE-CHARLIE-CASE-Q3-2026-00053-INV-07,False
2026-07-31T22:51:32Z,Disposition Documented,ANALYST-001,CSE-CHARLIE-CASE-Q3-2026-00054,True,False,EVREF-CSE-CHARLIE-CASE-Q3-2026-00054-01,True,CSE-CHARLIE-CASE-Q3-2026-00054-INV-01,False
2026-08-01T06:39:14Z,Alert Reviewed,ANALYST-012,CSE-CHARLIE-CASE-Q3-2026-00054,True,True,EVREF-CSE-CHARLIE-CASE-Q3-2026-00054-02,True,CSE-CHARLIE-CASE-Q3-2026-00054-INV-02,False
2026-08-01T14:26:55Z,Finding Documented,ANALYST-013,CSE-CHARLIE-CASE-Q3-2026-00054,False,False,EVREF-CSE-CHARLIE-CASE-Q3-2026-00054-03,True,CSE-CHARLIE-CASE-Q3-2026-00054-INV-03,False
2026-08-01T22:14:36Z,Containment Action Taken,ANALYST-012,CSE-CHARLIE-CASE-Q3-2026-00054,False,False,EVREF-CSE-CHARLIE-CASE-Q3-2026-00054-04,False,CSE-CHARLIE-CASE-Q3-2026-00054-INV-04,False
2026-08-02T06:02:17Z,Affected Asset Identified,ANALYST-016,CSE-CHARLIE-CASE-Q3-2026-00054,True,False,EVREF-CSE-CHARLIE-CASE-Q3-2026-00054-05,True,CSE-CHARLIE-CASE-Q3-2026-00054-INV-05,False
2026-09-05T14:43:24Z,Remediation Recorded,ANALYST-003,CSE-CHARLIE-CASE-Q3-2026-00055,False,False,EVREF-CSE-CHARLIE-CASE-Q3-2026-00055-01,True,CSE-CHARLIE-CASE-Q3-2026-00055-INV-01,True
2026-09-05T17:38:41Z,Log Correlation Performed,ANALYST-002,CSE-CHARLIE-CASE-Q3-2026-00055,False,True,EVREF-CSE-CHARLIE-CASE-Q3-2026-00055-02,False,CSE-CHARLIE-CASE-Q3-2026-00055-INV-02,False
2026-09-05T20:33:59Z,Evidence Examined,ANALYST-016,CSE-CHARLIE-CASE-Q3-2026-00055,False,True,EVREF-CSE-CHARLIE-CASE-Q3-2026-00055-03,True,CSE-CHARLIE-CASE-Q3-2026-00055-INV-03,False
2026-09-05T23:29:16Z,Containment Action Taken,ANALYST-004,CSE-CHARLIE-CASE-Q3-2026-00055,False,False,,True,CSE-CHARLIE-CASE-Q3-2026-00055-INV-04,False
2026-09-06T02:24:34Z,Affected Asset Identified,ANALYST-008,CSE-CHARLIE-CASE-Q3-2026-00055,False,False,EVREF-CSE-CHARLIE-CASE-Q3-2026-00055-05,False,CSE-CHARLIE-CASE-Q3-2026-00055-INV-05,False
2026-09-06T05:19:52Z,Root Cause Analysis,ANALYST-002,CSE-CHARLIE-CASE-Q3-2026-00055,False,False,EVREF-CSE-CHARLIE-CASE-Q3-2026-00055-06,False,CSE-CHARLIE-CASE-Q3-2026-00055-INV-06,False
2026-09-17T23:12:18Z,Affected Asset Identified,ANALYST-002,CSE-CHARLIE-CASE-Q3-2026-00056,False,True,EVREF-CSE-CHARLIE-CASE-Q3-2026-00056-01,False,CSE-CHARLIE-CASE-Q3-2026-00056-INV-01,False
2026-09-18T05:10:10Z,Alert Reviewed,ANALYST-010,CSE-CHARLIE-CASE-Q3-2026-00056,True,False,EVREF-CSE-CHARLIE-CASE-Q3-2026-00056-02,False,CSE-CHARLIE-CASE-Q3-2026-00056-INV-02,False
2026-09-18T11:08:02Z,Containment Action Taken,ANALYST-015,CSE-CHARLIE-CASE-Q3-2026-00056,False,True,EVREF-CSE-CHARLIE-CASE-Q3-2026-00056-03,False,CSE-CHARLIE-CASE-Q3-2026-00056-INV-03,False
2026-09-18T17:05:55Z,Finding Documented,ANALYST-003,CSE-CHARLIE-CASE-Q3-2026-00056,True,False,EVREF-CSE-CHARLIE-CASE-Q3-2026-00056-04,True,CSE-CHARLIE-CASE-Q3-2026-00056-INV-04,False
2026-09-18T23:03:47Z,Log Correlation Performed,ANALYST-014,CSE-CHARLIE-CASE-Q3-2026-00056,False,True,EVREF-CSE-CHARLIE-CASE-Q3-2026-00056-05,False,CSE-CHARLIE-CASE-Q3-2026-00056-INV-05,False
2026-09-19T05:01:40Z,Evidence Examined,ANALYST-005,CSE-CHARLIE-CASE-Q3-2026-00056,False,False,EVREF-CSE-CHARLIE-CASE-Q3-2026-00056-06,False,CSE-CHARLIE-CASE-Q3-2026-00056-INV-06,False
2026-09-19T10:59:32Z,Escalation Decision Documented,ANALYST-006,CSE-CHARLIE-CASE-Q3-2026-00056,False,True,EVREF-CSE-CHARLIE-CASE-Q3-2026-00056-07,True,CSE-CHARLIE-CASE-Q3-2026-00056-INV-07,False
2026-08-28T02:55:38Z,Finding Documented,ANALYST-015,CSE-CHARLIE-CASE-Q3-2026-00057,False,False,EVREF-CSE-CHARLIE-CASE-Q3-2026-00057-01,True,CSE-CHARLIE-CASE-Q3-2026-00057-INV-01,False
2026-08-28T12:13:34Z,Escalation Decision Documented,ANALYST-006,CSE-CHARLIE-CASE-Q3-2026-00057,False,True,EVREF-CSE-CHARLIE-CASE-Q3-2026-00057-02,False,CSE-CHARLIE-CASE-Q3-2026-00057-INV-02,False
2026-08-28T21:31:30Z,Remediation Recorded,ANALYST-006,CSE-CHARLIE-CASE-Q3-2026-00057,True,False,EVREF-CSE-CHARLIE-CASE-Q3-2026-00057-03,False,CSE-CHARLIE-CASE-Q3-2026-00057-INV-03,True
2026-08-29T06:49:27Z,Affected Asset Identified,ANALYST-003,CSE-CHARLIE-CASE-Q3-2026-00057,False,False,EVREF-CSE-CHARLIE-CASE-Q3-2026-00057-04,True,CSE-CHARLIE-CASE-Q3-2026-00057-INV-04,False
2026-08-29T16:07:23Z,Alert Reviewed,ANALYST-003,CSE-CHARLIE-CASE-Q3-2026-00057,True,False,EVREF-CSE-CHARLIE-CASE-Q3-2026-00057-05,False,CSE-CHARLIE-CASE-Q3-2026-00057-INV-05,False
2026-08-30T01:25:19Z,Log Correlation Performed,ANALYST-002,CSE-CHARLIE-CASE-Q3-2026-00057,False,False,EVREF-CSE-CHARLIE-CASE-Q3-2026-00057-06,True,CSE-CHARLIE-CASE-Q3-2026-00057-INV-06,False
2026-07-17T18:06:09Z,Evidence Examined,ANALYST-005,CSE-CHARLIE-CASE-Q3-2026-00058,False,True,EVREF-CSE-CHARLIE-CASE-Q3-2026-00058-01,True,CSE-CHARLIE-CASE-Q3-2026-00058-INV-01,False
2026-07-17T23:04:29Z,Remediation Recorded,ANALYST-004,CSE-CHARLIE-CASE-Q3-2026-00058,False,False,EVREF-CSE-CHARLIE-CASE-Q3-2026-00058-02,False,CSE-CHARLIE-CASE-Q3-2026-00058-INV-02,True
2026-07-18T04:02:49Z,Finding Documented,ANALYST-013,CSE-CHARLIE-CASE-Q3-2026-00058,True,False,EVREF-CSE-CHARLIE-CASE-Q3-2026-00058-03,True,CSE-CHARLIE-CASE-Q3-2026-00058-INV-03,False
2026-07-18T09:01:08Z,Containment Action Taken,ANALYST-009,CSE-CHARLIE-CASE-Q3-2026-00058,False,False,EVREF-CSE-CHARLIE-CASE-Q3-2026-00058-04,False,CSE-CHARLIE-CASE-Q3-2026-00058-INV-04,False
2026-07-18T13:59:28Z,Root Cause Analysis,ANALYST-012,CSE-CHARLIE-CASE-Q3-2026-00058,False,False,EVREF-CSE-CHARLIE-CASE-Q3-2026-00058-05,True,CSE-CHARLIE-CASE-Q3-2026-00058-INV-05,False
2026-07-18T18:57:47Z,Log Correlation Performed,ANALYST-007,CSE-CHARLIE-CASE-Q3-2026-00058,False,False,EVREF-CSE-CHARLIE-CASE-Q3-2026-00058-06,False,CSE-CHARLIE-CASE-Q3-2026-00058-INV-06,False
2026-07-18T23:56:07Z,Affected Asset Identified,ANALYST-007,CSE-CHARLIE-CASE-Q3-2026-00058,True,False,EVREF-CSE-CHARLIE-CASE-Q3-2026-00058-07,False,CSE-CHARLIE-CASE-Q3-2026-00058-INV-07,False
2026-08-30T20:47:58Z,Disposition Documented,ANALYST-006,CSE-CHARLIE-CASE-Q3-2026-00059,True,True,EVREF-CSE-CHARLIE-CASE-Q3-2026-00059-01,False,CSE-CHARLIE-CASE-Q3-2026-00059-INV-01,False
2026-08-31T02:14:30Z,Finding Documented,ANALYST-017,CSE-CHARLIE-CASE-Q3-2026-00059,False,False,EVREF-CSE-CHARLIE-CASE-Q3-2026-00059-02,True,CSE-CHARLIE-CASE-Q3-2026-00059-INV-02,False
2026-08-31T07:41:03Z,Log Correlation Performed,ANALYST-006,CSE-CHARLIE-CASE-Q3-2026-00059,True,True,EVREF-CSE-CHARLIE-CASE-Q3-2026-00059-03,False,CSE-CHARLIE-CASE-Q3-2026-00059-INV-03,False
2026-08-31T13:07:35Z,Root Cause Analysis,ANALYST-010,CSE-CHARLIE-CASE-Q3-2026-00059,False,True,,True,CSE-CHARLIE-CASE-Q3-2026-00059-INV-04,False
2026-08-31T18:34:07Z,Remediation Recorded,ANALYST-014,CSE-CHARLIE-CASE-Q3-2026-00059,False,True,EVREF-CSE-CHARLIE-CASE-Q3-2026-00059-05,False,CSE-CHARLIE-CASE-Q3-2026-00059-INV-05,False
2026-09-01T00:00:40Z,Evidence Examined,ANALYST-001,CSE-CHARLIE-CASE-Q3-2026-00059,True,False,EVREF-CSE-CHARLIE-CASE-Q3-2026-00059-06,False,CSE-CHARLIE-CASE-Q3-2026-00059-INV-06,False
2026-09-01T05:27:12Z,Containment Action Taken,ANALYST-015,CSE-CHARLIE-CASE-Q3-2026-00059,True,True,EVREF-CSE-CHARLIE-CASE-Q3-2026-00059-07,False,CSE-CHARLIE-CASE-Q3-2026-00059-INV-07,False
2026-09-05T11:19:56Z,Disposition Documented,ANALYST-006,CSE-CHARLIE-CASE-Q3-2026-00060,True,False,,False,CSE-CHARLIE-CASE-Q3-2026-00060-INV-01,False
2026-09-05T18:13:26Z,Evidence Examined,ANALYST-008,CSE-CHARLIE-CASE-Q3-2026-00060,False,True,,False,CSE-CHARLIE-CASE-Q3-2026-00060-INV-02,False
2026-09-06T01:06:56Z,Containment Action Taken,ANALYST-017,CSE-CHARLIE-CASE-Q3-2026-00060,True,True,EVREF-CSE-CHARLIE-CASE-Q3-2026-00060-03,True,CSE-CHARLIE-CASE-Q3-2026-00060-INV-03,False
2026-09-06T08:00:26Z,Finding Documented,ANALYST-004,CSE-CHARLIE-CASE-Q3-2026-00060,False,False,EVREF-CSE-CHARLIE-CASE-Q3-2026-00060-04,True,CSE-CHARLIE-CASE-Q3-2026-00060-INV-04,False
2026-09-06T14:53:57Z,Alert Reviewed,ANALYST-012,CSE-CHARLIE-CASE-Q3-2026-00060,True,False,EVREF-CSE-CHARLIE-CASE-Q3-2026-00060-05,True,CSE-CHARLIE-CASE-Q3-2026-00060-INV-05,False
2026-09-06T21:47:27Z,Root Cause Analysis,ANALYST-005,CSE-CHARLIE-CASE-Q3-2026-00060,True,True,,True,CSE-CHARLIE-CASE-Q3-2026-00060-INV-06,False
2026-09-20T03:02:35Z,Remediation Recorded,ANALYST-008,CSE-CHARLIE-CASE-Q3-2026-00061,False,True,EVREF-CSE-CHARLIE-CASE-Q3-2026-00061-01,False,CSE-CHARLIE-CASE-Q3-2026-00061-INV-01,False
2026-09-20T04:59:57Z,Escalation Decision Documented,ANALYST-004,CSE-CHARLIE-CASE-Q3-2026-00061,False,True,EVREF-CSE-CHARLIE-CASE-Q3-2026-00061-02,False,CSE-CHARLIE-CASE-Q3-2026-00061-INV-02,False
2026-09-20T06:57:20Z,Evidence Examined,ANALYST-001,CSE-CHARLIE-CASE-Q3-2026-00061,True,False,EVREF-CSE-CHARLIE-CASE-Q3-2026-00061-03,False,CSE-CHARLIE-CASE-Q3-2026-00061-INV-03,False
2026-09-20T08:54:43Z,Containment Action Taken,ANALYST-007,CSE-CHARLIE-CASE-Q3-2026-00061,False,False,,False,CSE-CHARLIE-CASE-Q3-2026-00061-INV-04,False
2026-09-20T10:52:05Z,Alert Reviewed,ANALYST-007,CSE-CHARLIE-CASE-Q3-2026-00061,True,False,,True,CSE-CHARLIE-CASE-Q3-2026-00061-INV-05,False
2026-09-20T12:49:28Z,Disposition Documented,ANALYST-012,CSE-CHARLIE-CASE-Q3-2026-00061,True,False,EVREF-CSE-CHARLIE-CASE-Q3-2026-00061-06,False,CSE-CHARLIE-CASE-Q3-2026-00061-INV-06,False
2026-09-20T14:46:51Z,Affected Asset Identified,ANALYST-012,CSE-CHARLIE-CASE-Q3-2026-00061,True,True,EVREF-CSE-CHARLIE-CASE-Q3-2026-00061-07,False,CSE-CHARLIE-CASE-Q3-2026-00061-INV-07,False
2026-07-28T10:05:20Z,Log Correlation Performed,ANALYST-012,CSE-CHARLIE-CASE-Q3-2026-00062,False,True,EVREF-CSE-CHARLIE-CASE-Q3-2026-00062-01,False,CSE-CHARLIE-CASE-Q3-2026-00062-INV-01,False
2026-07-28T20:20:10Z,Finding Documented,ANALYST-004,CSE-CHARLIE-CASE-Q3-2026-00062,True,False,EVREF-CSE-CHARLIE-CASE-Q3-2026-00062-02,True,CSE-CHARLIE-CASE-Q3-2026-00062-INV-02,False
2026-07-29T06:35:00Z,Containment Action Taken,ANALYST-006,CSE-CHARLIE-CASE-Q3-2026-00062,False,False,EVREF-CSE-CHARLIE-CASE-Q3-2026-00062-03,True,CSE-CHARLIE-CASE-Q3-2026-00062-INV-03,False
2026-07-29T16:49:51Z,Escalation Decision Documented,ANALYST-018,CSE-CHARLIE-CASE-Q3-2026-00062,False,True,EVREF-CSE-CHARLIE-CASE-Q3-2026-00062-04,False,CSE-CHARLIE-CASE-Q3-2026-00062-INV-04,False
2026-07-24T04:32:44Z,Finding Documented,ANALYST-011,CSE-CHARLIE-CASE-Q3-2026-00063,False,True,EVREF-CSE-CHARLIE-CASE-Q3-2026-00063-01,True,CSE-CHARLIE-CASE-Q3-2026-00063-INV-01,False
2026-07-24T11:23:07Z,Remediation Recorded,ANALYST-006,CSE-CHARLIE-CASE-Q3-2026-00063,False,False,,False,CSE-CHARLIE-CASE-Q3-2026-00063-INV-02,False
2026-07-24T18:13:29Z,Affected Asset Identified,ANALYST-015,CSE-CHARLIE-CASE-Q3-2026-00063,False,False,EVREF-CSE-CHARLIE-CASE-Q3-2026-00063-03,False,CSE-CHARLIE-CASE-Q3-2026-00063-INV-03,False
2026-07-25T01:03:52Z,Alert Reviewed,ANALYST-018,CSE-CHARLIE-CASE-Q3-2026-00063,False,False,EVREF-CSE-CHARLIE-CASE-Q3-2026-00063-04,False,CSE-CHARLIE-CASE-Q3-2026-00063-INV-04,False
2026-07-25T07:54:14Z,Root Cause Analysis,ANALYST-007,CSE-CHARLIE-CASE-Q3-2026-00063,True,False,EVREF-CSE-CHARLIE-CASE-Q3-2026-00063-05,False,CSE-CHARLIE-CASE-Q3-2026-00063-INV-05,False
2026-07-25T14:44:37Z,Escalation Decision Documented,ANALYST-003,CSE-CHARLIE-CASE-Q3-2026-00063,False,True,EVREF-CSE-CHARLIE-CASE-Q3-2026-00063-06,True,CSE-CHARLIE-CASE-Q3-2026-00063-INV-06,False
2026-09-01T15:46:53Z,Evidence Examined,ANALYST-006,CSE-CHARLIE-CASE-Q3-2026-00064,True,False,,True,CSE-CHARLIE-CASE-Q3-2026-00064-INV-01,False
2026-09-02T01:19:52Z,Log Correlation Performed,ANALYST-001,CSE-CHARLIE-CASE-Q3-2026-00064,False,True,EVREF-CSE-CHARLIE-CASE-Q3-2026-00064-02,True,CSE-CHARLIE-CASE-Q3-2026-00064-INV-02,False
2026-09-02T10:52:51Z,Finding Documented,ANALYST-011,CSE-CHARLIE-CASE-Q3-2026-00064,False,True,EVREF-CSE-CHARLIE-CASE-Q3-2026-00064-03,True,CSE-CHARLIE-CASE-Q3-2026-00064-INV-03,False
2026-09-02T20:25:49Z,Remediation Recorded,ANALYST-003,CSE-CHARLIE-CASE-Q3-2026-00064,True,False,EVREF-CSE-CHARLIE-CASE-Q3-2026-00064-04,False,CSE-CHARLIE-CASE-Q3-2026-00064-INV-04,True
2026-09-03T05:58:48Z,Disposition Documented,ANALYST-010,CSE-CHARLIE-CASE-Q3-2026-00064,True,True,EVREF-CSE-CHARLIE-CASE-Q3-2026-00064-05,False,CSE-CHARLIE-CASE-Q3-2026-00064-INV-05,False
2026-08-18T06:25:23Z,Finding Documented,ANALYST-015,CSE-CHARLIE-CASE-Q3-2026-00065,False,False,EVREF-CSE-CHARLIE-CASE-Q3-2026-00065-01,True,CSE-CHARLIE-CASE-Q3-2026-00065-INV-01,False
2026-08-18T12:01:22Z,Remediation Recorded,ANALYST-002,CSE-CHARLIE-CASE-Q3-2026-00065,False,False,EVREF-CSE-CHARLIE-CASE-Q3-2026-00065-02,False,CSE-CHARLIE-CASE-Q3-2026-00065-INV-02,True
2026-08-18T17:37:22Z,Affected Asset Identified,ANALYST-001,CSE-CHARLIE-CASE-Q3-2026-00065,False,False,EVREF-CSE-CHARLIE-CASE-Q3-2026-00065-03,False,CSE-CHARLIE-CASE-Q3-2026-00065-INV-03,False
2026-08-18T23:13:22Z,Evidence Examined,ANALYST-004,CSE-CHARLIE-CASE-Q3-2026-00065,False,True,EVREF-CSE-CHARLIE-CASE-Q3-2026-00065-04,False,CSE-CHARLIE-CASE-Q3-2026-00065-INV-04,False
2026-08-19T04:49:21Z,Log Correlation Performed,ANALYST-011,CSE-CHARLIE-CASE-Q3-2026-00065,True,False,EVREF-CSE-CHARLIE-CASE-Q3-2026-00065-05,False,CSE-CHARLIE-CASE-Q3-2026-00065-INV-05,False
2026-07-27T23:35:31Z,Log Correlation Performed,ANALYST-008,CSE-CHARLIE-CASE-Q3-2026-00066,True,False,EVREF-CSE-CHARLIE-CASE-Q3-2026-00066-01,False,CSE-CHARLIE-CASE-Q3-2026-00066-INV-01,False
2026-07-28T04:23:27Z,Remediation Recorded,ANALYST-012,CSE-CHARLIE-CASE-Q3-2026-00066,False,False,,True,CSE-CHARLIE-CASE-Q3-2026-00066-INV-02,True
2026-07-28T09:11:23Z,Evidence Examined,ANALYST-009,CSE-CHARLIE-CASE-Q3-2026-00066,False,False,EVREF-CSE-CHARLIE-CASE-Q3-2026-00066-03,True,CSE-CHARLIE-CASE-Q3-2026-00066-INV-03,False
2026-07-28T13:59:19Z,Containment Action Taken,ANALYST-014,CSE-CHARLIE-CASE-Q3-2026-00066,False,False,EVREF-CSE-CHARLIE-CASE-Q3-2026-00066-04,False,CSE-CHARLIE-CASE-Q3-2026-00066-INV-04,False
2026-08-07T14:10:36Z,Containment Action Taken,ANALYST-016,CSE-CHARLIE-CASE-Q3-2026-00067,True,False,EVREF-CSE-CHARLIE-CASE-Q3-2026-00067-01,False,CSE-CHARLIE-CASE-Q3-2026-00067-INV-01,False
2026-08-07T16:11:43Z,Evidence Examined,ANALYST-013,CSE-CHARLIE-CASE-Q3-2026-00067,False,False,EVREF-CSE-CHARLIE-CASE-Q3-2026-00067-02,False,CSE-CHARLIE-CASE-Q3-2026-00067-INV-02,False
2026-08-07T18:12:51Z,Alert Reviewed,ANALYST-003,CSE-CHARLIE-CASE-Q3-2026-00067,False,True,EVREF-CSE-CHARLIE-CASE-Q3-2026-00067-03,True,CSE-CHARLIE-CASE-Q3-2026-00067-INV-03,False
2026-08-07T20:13:58Z,Finding Documented,ANALYST-014,CSE-CHARLIE-CASE-Q3-2026-00067,True,False,EVREF-CSE-CHARLIE-CASE-Q3-2026-00067-04,True,CSE-CHARLIE-CASE-Q3-2026-00067-INV-04,False
2026-08-07T22:15:06Z,Root Cause Analysis,ANALYST-004,CSE-CHARLIE-CASE-Q3-2026-00067,False,False,,True,CSE-CHARLIE-CASE-Q3-2026-00067-INV-05,False
2026-08-08T00:16:13Z,Remediation Recorded,ANALYST-017,CSE-CHARLIE-CASE-Q3-2026-00067,False,False,,False,CSE-CHARLIE-CASE-Q3-2026-00067-INV-06,True
2026-08-14T08:04:32Z,Affected Asset Identified,ANALYST-002,CSE-CHARLIE-CASE-Q3-2026-00068,True,False,EVREF-CSE-CHARLIE-CASE-Q3-2026-00068-01,False,CSE-CHARLIE-CASE-Q3-2026-00068-INV-01,False
2026-07-06T12:44:16Z,Containment Action Taken,ANALYST-018,CSE-CHARLIE-CASE-Q3-2026-00069,False,True,EVREF-CSE-CHARLIE-CASE-Q3-2026-00069-01,False,CSE-CHARLIE-CASE-Q3-2026-00069-INV-01,False
2026-07-06T16:32:46Z,Affected Asset Identified,ANALYST-010,CSE-CHARLIE-CASE-Q3-2026-00069,False,False,EVREF-CSE-CHARLIE-CASE-Q3-2026-00069-02,False,CSE-CHARLIE-CASE-Q3-2026-00069-INV-02,False
2026-07-06T20:21:15Z,Finding Documented,ANALYST-012,CSE-CHARLIE-CASE-Q3-2026-00069,False,False,EVREF-CSE-CHARLIE-CASE-Q3-2026-00069-03,True,CSE-CHARLIE-CASE-Q3-2026-00069-INV-03,False
2026-07-07T00:09:44Z,Log Correlation Performed,ANALYST-006,CSE-CHARLIE-CASE-Q3-2026-00069,False,False,EVREF-CSE-CHARLIE-CASE-Q3-2026-00069-04,False,CSE-CHARLIE-CASE-Q3-2026-00069-INV-04,False
2026-07-07T03:58:14Z,Alert Reviewed,ANALYST-010,CSE-CHARLIE-CASE-Q3-2026-00069,True,True,EVREF-CSE-CHARLIE-CASE-Q3-2026-00069-05,True,CSE-CHARLIE-CASE-Q3-2026-00069-INV-05,False
2026-07-07T07:46:43Z,Root Cause Analysis,ANALYST-007,CSE-CHARLIE-CASE-Q3-2026-00069,True,True,EVREF-CSE-CHARLIE-CASE-Q3-2026-00069-06,False,CSE-CHARLIE-CASE-Q3-2026-00069-INV-06,False
2026-07-07T11:35:12Z,Disposition Documented,ANALYST-012,CSE-CHARLIE-CASE-Q3-2026-00069,True,False,EVREF-CSE-CHARLIE-CASE-Q3-2026-00069-07,True,CSE-CHARLIE-CASE-Q3-2026-00069-INV-07,False
2026-09-01T18:19:03Z,Containment Action Taken,ANALYST-002,CSE-CHARLIE-CASE-Q3-2026-00070,False,False,EVREF-CSE-CHARLIE-CASE-Q3-2026-00070-01,False,CSE-CHARLIE-CASE-Q3-2026-00070-INV-01,False
2026-09-02T01:15:19Z,Alert Reviewed,ANALYST-007,CSE-CHARLIE-CASE-Q3-2026-00070,True,False,EVREF-CSE-CHARLIE-CASE-Q3-2026-00070-02,False,CSE-CHARLIE-CASE-Q3-2026-00070-INV-02,False
2026-09-02T08:11:35Z,Evidence Examined,ANALYST-010,CSE-CHARLIE-CASE-Q3-2026-00070,True,True,EVREF-CSE-CHARLIE-CASE-Q3-2026-00070-03,True,CSE-CHARLIE-CASE-Q3-2026-00070-INV-03,False
2026-09-02T15:07:51Z,Escalation Decision Documented,ANALYST-010,CSE-CHARLIE-CASE-Q3-2026-00070,False,True,EVREF-CSE-CHARLIE-CASE-Q3-2026-00070-04,False,CSE-CHARLIE-CASE-Q3-2026-00070-INV-04,False
2026-07-17T20:39:59Z,Escalation Decision Documented,ANALYST-005,CSE-CHARLIE-CASE-Q3-2026-00071,False,True,,False,CSE-CHARLIE-CASE-Q3-2026-00071-INV-01,False
2026-07-18T08:30:28Z,Affected Asset Identified,ANALYST-018,CSE-CHARLIE-CASE-Q3-2026-00071,False,True,EVREF-CSE-CHARLIE-CASE-Q3-2026-00071-02,True,CSE-CHARLIE-CASE-Q3-2026-00071-INV-02,False
2026-07-18T20:20:58Z,Finding Documented,ANALYST-013,CSE-CHARLIE-CASE-Q3-2026-00071,False,False,EVREF-CSE-CHARLIE-CASE-Q3-2026-00071-03,True,CSE-CHARLIE-CASE-Q3-2026-00071-INV-03,False
2026-07-19T08:11:27Z,Root Cause Analysis,ANALYST-012,CSE-CHARLIE-CASE-Q3-2026-00071,False,False,EVREF-CSE-CHARLIE-CASE-Q3-2026-00071-04,False,CSE-CHARLIE-CASE-Q3-2026-00071-INV-04,False
2026-07-19T20:01:56Z,Alert Reviewed,ANALYST-001,CSE-CHARLIE-CASE-Q3-2026-00071,True,False,EVREF-CSE-CHARLIE-CASE-Q3-2026-00071-05,False,CSE-CHARLIE-CASE-Q3-2026-00071-INV-05,False
2026-07-20T07:52:25Z,Log Correlation Performed,ANALYST-002,CSE-CHARLIE-CASE-Q3-2026-00071,True,True,EVREF-CSE-CHARLIE-CASE-Q3-2026-00071-06,True,CSE-CHARLIE-CASE-Q3-2026-00071-INV-06,False
2026-08-23T19:36:39Z,Remediation Recorded,ANALYST-008,CSE-CHARLIE-CASE-Q3-2026-00072,False,True,EVREF-CSE-CHARLIE-CASE-Q3-2026-00072-01,True,CSE-CHARLIE-CASE-Q3-2026-00072-INV-01,False
2026-08-24T01:39:58Z,Log Correlation Performed,ANALYST-013,CSE-CHARLIE-CASE-Q3-2026-00072,True,False,EVREF-CSE-CHARLIE-CASE-Q3-2026-00072-02,False,CSE-CHARLIE-CASE-Q3-2026-00072-INV-02,False
2026-08-24T07:43:17Z,Root Cause Analysis,ANALYST-013,CSE-CHARLIE-CASE-Q3-2026-00072,False,True,EVREF-CSE-CHARLIE-CASE-Q3-2026-00072-03,True,CSE-CHARLIE-CASE-Q3-2026-00072-INV-03,False
2026-08-24T13:46:36Z,Escalation Decision Documented,ANALYST-014,CSE-CHARLIE-CASE-Q3-2026-00072,True,True,EVREF-CSE-CHARLIE-CASE-Q3-2026-00072-04,True,CSE-CHARLIE-CASE-Q3-2026-00072-INV-04,False
2026-08-24T19:49:55Z,Disposition Documented,ANALYST-010,CSE-CHARLIE-CASE-Q3-2026-00072,True,False,EVREF-CSE-CHARLIE-CASE-Q3-2026-00072-05,False,CSE-CHARLIE-CASE-Q3-2026-00072-INV-05,False
2026-08-25T01:53:14Z,Finding Documented,ANALYST-011,CSE-CHARLIE-CASE-Q3-2026-00072,False,False,EVREF-CSE-CHARLIE-CASE-Q3-2026-00072-06,True,CSE-CHARLIE-CASE-Q3-2026-00072-INV-06,False
2026-08-25T07:56:33Z,Affected Asset Identified,ANALYST-004,CSE-CHARLIE-CASE-Q3-2026-00072,False,False,EVREF-CSE-CHARLIE-CASE-Q3-2026-00072-07,True,CSE-CHARLIE-CASE-Q3-2026-00072-INV-07,False
2026-08-20T11:41:03Z,Containment Action Taken,ANALYST-001,CSE-CHARLIE-CASE-Q3-2026-00073,True,False,EVREF-CSE-CHARLIE-CASE-Q3-2026-00073-01,False,CSE-CHARLIE-CASE-Q3-2026-00073-INV-01,False
2026-08-20T16:20:41Z,Alert Reviewed,ANALYST-008,CSE-CHARLIE-CASE-Q3-2026-00073,False,True,EVREF-CSE-CHARLIE-CASE-Q3-2026-00073-02,True,CSE-CHARLIE-CASE-Q3-2026-00073-INV-02,False
2026-08-20T21:00:20Z,Log Correlation Performed,ANALYST-007,CSE-CHARLIE-CASE-Q3-2026-00073,True,False,EVREF-CSE-CHARLIE-CASE-Q3-2026-00073-03,True,CSE-CHARLIE-CASE-Q3-2026-00073-INV-03,False
2026-08-21T01:39:59Z,Disposition Documented,ANALYST-017,CSE-CHARLIE-CASE-Q3-2026-00073,True,False,EVREF-CSE-CHARLIE-CASE-Q3-2026-00073-04,False,CSE-CHARLIE-CASE-Q3-2026-00073-INV-04,False
2026-08-21T06:19:37Z,Evidence Examined,ANALYST-006,CSE-CHARLIE-CASE-Q3-2026-00073,False,True,EVREF-CSE-CHARLIE-CASE-Q3-2026-00073-05,False,CSE-CHARLIE-CASE-Q3-2026-00073-INV-05,False
2026-08-21T10:59:16Z,Affected Asset Identified,ANALYST-009,CSE-CHARLIE-CASE-Q3-2026-00073,True,False,EVREF-CSE-CHARLIE-CASE-Q3-2026-00073-06,True,CSE-CHARLIE-CASE-Q3-2026-00073-INV-06,False
2026-08-21T15:38:55Z,Root Cause Analysis,ANALYST-018,CSE-CHARLIE-CASE-Q3-2026-00073,False,True,EVREF-CSE-CHARLIE-CASE-Q3-2026-00073-07,False,CSE-CHARLIE-CASE-Q3-2026-00073-INV-07,False
2026-07-29T05:24:10Z,Evidence Examined,ANALYST-012,CSE-CHARLIE-CASE-Q3-2026-00074,False,False,EVREF-CSE-CHARLIE-CASE-Q3-2026-00074-01,False,CSE-CHARLIE-CASE-Q3-2026-00074-INV-01,False
2026-07-29T10:52:40Z,Escalation Decision Documented,ANALYST-004,CSE-CHARLIE-CASE-Q3-2026-00074,False,True,EVREF-CSE-CHARLIE-CASE-Q3-2026-00074-02,True,CSE-CHARLIE-CASE-Q3-2026-00074-INV-02,False
2026-07-29T16:21:11Z,Remediation Recorded,ANALYST-009,CSE-CHARLIE-CASE-Q3-2026-00074,False,False,EVREF-CSE-CHARLIE-CASE-Q3-2026-00074-03,False,CSE-CHARLIE-CASE-Q3-2026-00074-INV-03,True
2026-07-29T21:49:42Z,Affected Asset Identified,ANALYST-010,CSE-CHARLIE-CASE-Q3-2026-00074,False,False,EVREF-CSE-CHARLIE-CASE-Q3-2026-00074-04,False,CSE-CHARLIE-CASE-Q3-2026-00074-INV-04,False
2026-07-30T03:18:12Z,Log Correlation Performed,ANALYST-005,CSE-CHARLIE-CASE-Q3-2026-00074,True,False,,True,CSE-CHARLIE-CASE-Q3-2026-00074-INV-05,False
2026-07-30T08:46:43Z,Root Cause Analysis,ANALYST-012,CSE-CHARLIE-CASE-Q3-2026-00074,False,False,EVREF-CSE-CHARLIE-CASE-Q3-2026-00074-06,True,CSE-CHARLIE-CASE-Q3-2026-00074-INV-06,False
2026-07-30T14:15:14Z,Finding Documented,ANALYST-005,CSE-CHARLIE-CASE-Q3-2026-00074,False,False,EVREF-CSE-CHARLIE-CASE-Q3-2026-00074-07,True,CSE-CHARLIE-CASE-Q3-2026-00074-INV-07,False
2026-08-08T23:24:14Z,Alert Reviewed,ANALYST-005,CSE-CHARLIE-CASE-Q3-2026-00075,True,True,,False,CSE-CHARLIE-CASE-Q3-2026-00075-INV-01,False
2026-08-09T08:35:46Z,Finding Documented,ANALYST-012,CSE-CHARLIE-CASE-Q3-2026-00075,False,True,EVREF-CSE-CHARLIE-CASE-Q3-2026-00075-02,True,CSE-CHARLIE-CASE-Q3-2026-00075-INV-02,False
2026-08-09T17:47:18Z,Remediation Recorded,ANALYST-006,CSE-CHARLIE-CASE-Q3-2026-00075,True,False,,False,CSE-CHARLIE-CASE-Q3-2026-00075-INV-03,True
2026-08-10T02:58:49Z,Affected Asset Identified,ANALYST-007,CSE-CHARLIE-CASE-Q3-2026-00075,False,False,EVREF-CSE-CHARLIE-CASE-Q3-2026-00075-04,False,CSE-CHARLIE-CASE-Q3-2026-00075-INV-04,False
2026-08-10T12:10:21Z,Disposition Documented,ANALYST-018,CSE-CHARLIE-CASE-Q3-2026-00075,True,False,EVREF-CSE-CHARLIE-CASE-Q3-2026-00075-05,True,CSE-CHARLIE-CASE-Q3-2026-00075-INV-05,False
2026-08-10T21:21:53Z,Evidence Examined,ANALYST-009,CSE-CHARLIE-CASE-Q3-2026-00075,False,True,EVREF-CSE-CHARLIE-CASE-Q3-2026-00075-06,False,CSE-CHARLIE-CASE-Q3-2026-00075-INV-06,False
2026-09-26T11:41:26Z,Affected Asset Identified,ANALYST-002,CSE-CHARLIE-CASE-Q3-2026-00076,False,False,EVREF-CSE-CHARLIE-CASE-Q3-2026-00076-01,False,CSE-CHARLIE-CASE-Q3-2026-00076-INV-01,False
2026-09-26T18:44:23Z,Log Correlation Performed,ANALYST-005,CSE-CHARLIE-CASE-Q3-2026-00076,True,False,EVREF-CSE-CHARLIE-CASE-Q3-2026-00076-02,False,CSE-CHARLIE-CASE-Q3-2026-00076-INV-02,False
2026-09-27T01:47:20Z,Remediation Recorded,ANALYST-016,CSE-CHARLIE-CASE-Q3-2026-00076,True,True,EVREF-CSE-CHARLIE-CASE-Q3-2026-00076-03,False,CSE-CHARLIE-CASE-Q3-2026-00076-INV-03,True
2026-09-27T08:50:17Z,Alert Reviewed,ANALYST-001,CSE-CHARLIE-CASE-Q3-2026-00076,False,False,,True,CSE-CHARLIE-CASE-Q3-2026-00076-INV-04,False
2026-09-27T15:53:14Z,Containment Action Taken,ANALYST-003,CSE-CHARLIE-CASE-Q3-2026-00076,True,False,EVREF-CSE-CHARLIE-CASE-Q3-2026-00076-05,False,CSE-CHARLIE-CASE-Q3-2026-00076-INV-05,False
2026-09-03T00:58:04Z,Log Correlation Performed,ANALYST-010,CSE-CHARLIE-CASE-Q3-2026-00077,False,False,,False,CSE-CHARLIE-CASE-Q3-2026-00077-INV-01,False
2026-09-03T06:39:23Z,Remediation Recorded,ANALYST-015,CSE-CHARLIE-CASE-Q3-2026-00077,False,True,EVREF-CSE-CHARLIE-CASE-Q3-2026-00077-02,True,CSE-CHARLIE-CASE-Q3-2026-00077-INV-02,True
2026-09-03T12:20:42Z,Affected Asset Identified,ANALYST-016,CSE-CHARLIE-CASE-Q3-2026-00077,False,False,EVREF-CSE-CHARLIE-CASE-Q3-2026-00077-03,False,CSE-CHARLIE-CASE-Q3-2026-00077-INV-03,False
2026-09-03T18:02:00Z,Escalation Decision Documented,ANALYST-014,CSE-CHARLIE-CASE-Q3-2026-00077,True,True,EVREF-CSE-CHARLIE-CASE-Q3-2026-00077-04,False,CSE-CHARLIE-CASE-Q3-2026-00077-INV-04,False
2026-09-03T23:43:19Z,Finding Documented,ANALYST-015,CSE-CHARLIE-CASE-Q3-2026-00077,False,True,,True,CSE-CHARLIE-CASE-Q3-2026-00077-INV-05,False
2026-08-13T11:26:33Z,Containment Action Taken,ANALYST-012,CSE-CHARLIE-CASE-Q3-2026-00078,False,False,EVREF-CSE-CHARLIE-CASE-Q3-2026-00078-01,False,CSE-CHARLIE-CASE-Q3-2026-00078-INV-01,False
2026-08-13T16:50:24Z,Alert Reviewed,ANALYST-015,CSE-CHARLIE-CASE-Q3-2026-00078,False,True,EVREF-CSE-CHARLIE-CASE-Q3-2026-00078-02,False,CSE-CHARLIE-CASE-Q3-2026-00078-INV-02,False
2026-08-13T22:14:16Z,Log Correlation Performed,ANALYST-004,CSE-CHARLIE-CASE-Q3-2026-00078,False,False,EVREF-CSE-CHARLIE-CASE-Q3-2026-00078-03,False,CSE-CHARLIE-CASE-Q3-2026-00078-INV-03,False
2026-08-14T03:38:08Z,Escalation Decision Documented,ANALYST-014,CSE-CHARLIE-CASE-Q3-2026-00078,True,True,EVREF-CSE-CHARLIE-CASE-Q3-2026-00078-04,True,CSE-CHARLIE-CASE-Q3-2026-00078-INV-04,False
2026-08-14T09:01:59Z,Root Cause Analysis,ANALYST-007,CSE-CHARLIE-CASE-Q3-2026-00078,False,False,EVREF-CSE-CHARLIE-CASE-Q3-2026-00078-05,False,CSE-CHARLIE-CASE-Q3-2026-00078-INV-05,False
2026-09-04T09:01:34Z,Remediation Recorded,ANALYST-002,CSE-CHARLIE-CASE-Q3-2026-00079,True,True,,False,CSE-CHARLIE-CASE-Q3-2026-00079-INV-01,True
2026-09-04T12:34:16Z,Root Cause Analysis,ANALYST-006,CSE-CHARLIE-CASE-Q3-2026-00079,False,False,EVREF-CSE-CHARLIE-CASE-Q3-2026-00079-02,False,CSE-CHARLIE-CASE-Q3-2026-00079-INV-02,False
2026-09-04T16:06:59Z,Alert Reviewed,ANALYST-006,CSE-CHARLIE-CASE-Q3-2026-00079,True,False,,False,CSE-CHARLIE-CASE-Q3-2026-00079-INV-03,False
2026-09-04T19:39:41Z,Affected Asset Identified,ANALYST-008,CSE-CHARLIE-CASE-Q3-2026-00079,False,False,EVREF-CSE-CHARLIE-CASE-Q3-2026-00079-04,False,CSE-CHARLIE-CASE-Q3-2026-00079-INV-04,False
2026-09-04T23:12:23Z,Containment Action Taken,ANALYST-001,CSE-CHARLIE-CASE-Q3-2026-00079,False,False,,True,CSE-CHARLIE-CASE-Q3-2026-00079-INV-05,False
2026-09-05T02:45:06Z,Log Correlation Performed,ANALYST-016,CSE-CHARLIE-CASE-Q3-2026-00079,True,True,EVREF-CSE-CHARLIE-CASE-Q3-2026-00079-06,False,CSE-CHARLIE-CASE-Q3-2026-00079-INV-06,False
2026-09-05T06:17:48Z,Evidence Examined,ANALYST-015,CSE-CHARLIE-CASE-Q3-2026-00079,False,False,EVREF-CSE-CHARLIE-CASE-Q3-2026-00079-07,False,CSE-CHARLIE-CASE-Q3-2026-00079-INV-07,False
2026-07-30T01:17:00Z,Log Correlation Performed,ANALYST-016,CSE-CHARLIE-CASE-Q3-2026-00080,False,False,EVREF-CSE-CHARLIE-CASE-Q3-2026-00080-01,False,CSE-CHARLIE-CASE-Q3-2026-00080-INV-01,False
2026-07-30T07:45:52Z,Evidence Examined,ANALYST-003,CSE-CHARLIE-CASE-Q3-2026-00080,False,False,EVREF-CSE-CHARLIE-CASE-Q3-2026-00080-02,False,CSE-CHARLIE-CASE-Q3-2026-00080-INV-02,False
2026-07-30T14:14:44Z,Remediation Recorded,ANALYST-007,CSE-CHARLIE-CASE-Q3-2026-00080,False,True,,False,CSE-CHARLIE-CASE-Q3-2026-00080-INV-03,False
2026-07-30T20:43:36Z,Alert Reviewed,ANALYST-004,CSE-CHARLIE-CASE-Q3-2026-00080,False,False,EVREF-CSE-CHARLIE-CASE-Q3-2026-00080-04,False,CSE-CHARLIE-CASE-Q3-2026-00080-INV-04,False
2026-07-31T03:12:28Z,Escalation Decision Documented,ANALYST-012,CSE-CHARLIE-CASE-Q3-2026-00080,False,True,EVREF-CSE-CHARLIE-CASE-Q3-2026-00080-05,False,CSE-CHARLIE-CASE-Q3-2026-00080-INV-05,False
2026-07-31T09:41:20Z,Affected Asset Identified,ANALYST-008,CSE-CHARLIE-CASE-Q3-2026-00080,False,True,EVREF-CSE-CHARLIE-CASE-Q3-2026-00080-06,False,CSE-CHARLIE-CASE-Q3-2026-00080-INV-06,False
2026-08-05T16:35:01Z,Affected Asset Identified,ANALYST-010,CSE-CHARLIE-CASE-Q3-2026-00081,True,True,EVREF-CSE-CHARLIE-CASE-Q3-2026-00081-01,False,CSE-CHARLIE-CASE-Q3-2026-00081-INV-01,False
2026-08-05T22:55:10Z,Finding Documented,ANALYST-007,CSE-CHARLIE-CASE-Q3-2026-00081,True,False,EVREF-CSE-CHARLIE-CASE-Q3-2026-00081-02,True,CSE-CHARLIE-CASE-Q3-2026-00081-INV-02,False
2026-08-06T05:15:20Z,Containment Action Taken,ANALYST-017,CSE-CHARLIE-CASE-Q3-2026-00081,True,False,EVREF-CSE-CHARLIE-CASE-Q3-2026-00081-03,True,CSE-CHARLIE-CASE-Q3-2026-00081-INV-03,False
2026-08-06T11:35:29Z,Log Correlation Performed,ANALYST-004,CSE-CHARLIE-CASE-Q3-2026-00081,False,False,EVREF-CSE-CHARLIE-CASE-Q3-2026-00081-04,True,CSE-CHARLIE-CASE-Q3-2026-00081-INV-04,False
2026-08-06T17:55:39Z,Remediation Recorded,ANALYST-010,CSE-CHARLIE-CASE-Q3-2026-00081,True,False,,True,CSE-CHARLIE-CASE-Q3-2026-00081-INV-05,True
2026-08-07T00:15:48Z,Disposition Documented,ANALYST-003,CSE-CHARLIE-CASE-Q3-2026-00081,True,True,,False,CSE-CHARLIE-CASE-Q3-2026-00081-INV-06,False
2026-08-07T06:35:58Z,Escalation Decision Documented,ANALYST-018,CSE-CHARLIE-CASE-Q3-2026-00081,False,True,EVREF-CSE-CHARLIE-CASE-Q3-2026-00081-07,True,CSE-CHARLIE-CASE-Q3-2026-00081-INV-07,False
2026-08-28T13:18:15Z,Containment Action Taken,ANALYST-005,CSE-CHARLIE-CASE-Q3-2026-00082,False,False,EVREF-CSE-CHARLIE-CASE-Q3-2026-00082-01,False,CSE-CHARLIE-CASE-Q3-2026-00082-INV-01,False
2026-08-28T18:58:18Z,Evidence Examined,ANALYST-008,CSE-CHARLIE-CASE-Q3-2026-00082,True,False,EVREF-CSE-CHARLIE-CASE-Q3-2026-00082-02,False,CSE-CHARLIE-CASE-Q3-2026-00082-INV-02,False
2026-08-29T00:38:21Z,Root Cause Analysis,ANALYST-001,CSE-CHARLIE-CASE-Q3-2026-00082,True,False,EVREF-CSE-CHARLIE-CASE-Q3-2026-00082-03,False,CSE-CHARLIE-CASE-Q3-2026-00082-INV-03,False
2026-08-29T06:18:24Z,Remediation Recorded,ANALYST-011,CSE-CHARLIE-CASE-Q3-2026-00082,False,False,EVREF-CSE-CHARLIE-CASE-Q3-2026-00082-04,False,CSE-CHARLIE-CASE-Q3-2026-00082-INV-04,True
2026-07-31T05:16:34Z,Escalation Decision Documented,ANALYST-014,CSE-CHARLIE-CASE-Q3-2026-00083,False,True,EVREF-CSE-CHARLIE-CASE-Q3-2026-00083-01,True,CSE-CHARLIE-CASE-Q3-2026-00083-INV-01,False
2026-07-31T12:01:13Z,Containment Action Taken,ANALYST-017,CSE-CHARLIE-CASE-Q3-2026-00083,False,False,EVREF-CSE-CHARLIE-CASE-Q3-2026-00083-02,False,CSE-CHARLIE-CASE-Q3-2026-00083-INV-02,False
2026-07-31T18:45:51Z,Root Cause Analysis,ANALYST-002,CSE-CHARLIE-CASE-Q3-2026-00083,False,False,,False,CSE-CHARLIE-CASE-Q3-2026-00083-INV-03,False
2026-08-01T01:30:29Z,Evidence Examined,ANALYST-017,CSE-CHARLIE-CASE-Q3-2026-00083,False,False,EVREF-CSE-CHARLIE-CASE-Q3-2026-00083-04,False,CSE-CHARLIE-CASE-Q3-2026-00083-INV-04,False
2026-08-01T08:15:08Z,Log Correlation Performed,ANALYST-004,CSE-CHARLIE-CASE-Q3-2026-00083,False,False,,True,CSE-CHARLIE-CASE-Q3-2026-00083-INV-05,False
2026-08-01T14:59:46Z,Affected Asset Identified,ANALYST-005,CSE-CHARLIE-CASE-Q3-2026-00083,False,False,EVREF-CSE-CHARLIE-CASE-Q3-2026-00083-06,False,CSE-CHARLIE-CASE-Q3-2026-00083-INV-06,False
2026-07-25T23:49:11Z,Affected Asset Identified,ANALYST-010,CSE-CHARLIE-CASE-Q3-2026-00084,False,False,,True,CSE-CHARLIE-CASE-Q3-2026-00084-INV-01,False
2026-07-26T04:23:57Z,Log Correlation Performed,ANALYST-014,CSE-CHARLIE-CASE-Q3-2026-00084,False,False,EVREF-CSE-CHARLIE-CASE-Q3-2026-00084-02,False,CSE-CHARLIE-CASE-Q3-2026-00084-INV-02,False
2026-07-26T08:58:43Z,Remediation Recorded,ANALYST-001,CSE-CHARLIE-CASE-Q3-2026-00084,True,False,EVREF-CSE-CHARLIE-CASE-Q3-2026-00084-03,False,CSE-CHARLIE-CASE-Q3-2026-00084-INV-03,True
2026-07-26T13:33:30Z,Evidence Examined,ANALYST-005,CSE-CHARLIE-CASE-Q3-2026-00084,True,False,EVREF-CSE-CHARLIE-CASE-Q3-2026-00084-04,False,CSE-CHARLIE-CASE-Q3-2026-00084-INV-04,False
2026-07-26T18:08:16Z,Root Cause Analysis,ANALYST-012,CSE-CHARLIE-CASE-Q3-2026-00084,True,False,EVREF-CSE-CHARLIE-CASE-Q3-2026-00084-05,True,CSE-CHARLIE-CASE-Q3-2026-00084-INV-05,False
2026-07-26T22:43:02Z,Alert Reviewed,ANALYST-018,CSE-CHARLIE-CASE-Q3-2026-00084,True,False,EVREF-CSE-CHARLIE-CASE-Q3-2026-00084-06,True,CSE-CHARLIE-CASE-Q3-2026-00084-INV-06,False
2026-07-27T03:17:48Z,Escalation Decision Documented,ANALYST-018,CSE-CHARLIE-CASE-Q3-2026-00084,True,True,,True,CSE-CHARLIE-CASE-Q3-2026-00084-INV-07,False
2026-07-08T02:58:34Z,Alert Reviewed,ANALYST-016,CSE-CHARLIE-CASE-Q3-2026-00085,False,False,EVREF-CSE-CHARLIE-CASE-Q3-2026-00085-01,False,CSE-CHARLIE-CASE-Q3-2026-00085-INV-01,False
2026-07-08T07:45:20Z,Finding Documented,ANALYST-010,CSE-CHARLIE-CASE-Q3-2026-00085,False,False,EVREF-CSE-CHARLIE-CASE-Q3-2026-00085-02,True,CSE-CHARLIE-CASE-Q3-2026-00085-INV-02,False
2026-07-08T12:32:06Z,Containment Action Taken,ANALYST-015,CSE-CHARLIE-CASE-Q3-2026-00085,False,False,,False,CSE-CHARLIE-CASE-Q3-2026-00085-INV-03,False
2026-07-08T17:18:52Z,Affected Asset Identified,ANALYST-008,CSE-CHARLIE-CASE-Q3-2026-00085,False,False,EVREF-CSE-CHARLIE-CASE-Q3-2026-00085-04,False,CSE-CHARLIE-CASE-Q3-2026-00085-INV-04,False
2026-07-08T22:05:38Z,Disposition Documented,ANALYST-014,CSE-CHARLIE-CASE-Q3-2026-00085,True,True,EVREF-CSE-CHARLIE-CASE-Q3-2026-00085-05,False,CSE-CHARLIE-CASE-Q3-2026-00085-INV-05,False
2026-08-15T15:32:21Z,Containment Action Taken,ANALYST-009,CSE-CHARLIE-CASE-Q3-2026-00086,True,False,EVREF-CSE-CHARLIE-CASE-Q3-2026-00086-01,False,CSE-CHARLIE-CASE-Q3-2026-00086-INV-01,False
2026-08-15T19:36:08Z,Affected Asset Identified,ANALYST-014,CSE-CHARLIE-CASE-Q3-2026-00086,False,False,EVREF-CSE-CHARLIE-CASE-Q3-2026-00086-02,False,CSE-CHARLIE-CASE-Q3-2026-00086-INV-02,False
2026-08-15T23:39:55Z,Disposition Documented,ANALYST-017,CSE-CHARLIE-CASE-Q3-2026-00086,True,False,,True,CSE-CHARLIE-CASE-Q3-2026-00086-INV-03,False
2026-08-16T03:43:42Z,Remediation Recorded,ANALYST-016,CSE-CHARLIE-CASE-Q3-2026-00086,False,False,EVREF-CSE-CHARLIE-CASE-Q3-2026-00086-04,False,CSE-CHARLIE-CASE-Q3-2026-00086-INV-04,True
2026-08-16T07:47:29Z,Escalation Decision Documented,ANALYST-003,CSE-CHARLIE-CASE-Q3-2026-00086,False,True,EVREF-CSE-CHARLIE-CASE-Q3-2026-00086-05,False,CSE-CHARLIE-CASE-Q3-2026-00086-INV-05,False
2026-08-16T11:51:17Z,Alert Reviewed,ANALYST-005,CSE-CHARLIE-CASE-Q3-2026-00086,True,True,,True,CSE-CHARLIE-CASE-Q3-2026-00086-INV-06,False
2026-07-08T16:36:45Z,Finding Documented,ANALYST-018,CSE-CHARLIE-CASE-Q3-2026-00087,True,False,EVREF-CSE-CHARLIE-CASE-Q3-2026-00087-01,True,CSE-CHARLIE-CASE-Q3-2026-00087-INV-01,False
2026-07-30T13:24:15Z,Remediation Recorded,ANALYST-003,CSE-CHARLIE-CASE-Q3-2026-00088,True,True,EVREF-CSE-CHARLIE-CASE-Q3-2026-00088-01,False,CSE-CHARLIE-CASE-Q3-2026-00088-INV-01,False
2026-07-30T18:29:47Z,Finding Documented,ANALYST-016,CSE-CHARLIE-CASE-Q3-2026-00088,False,False,EVREF-CSE-CHARLIE-CASE-Q3-2026-00088-02,True,CSE-CHARLIE-CASE-Q3-2026-00088-INV-02,False
2026-07-30T23:35:18Z,Disposition Documented,ANALYST-015,CSE-CHARLIE-CASE-Q3-2026-00088,True,False,,True,CSE-CHARLIE-CASE-Q3-2026-00088-INV-03,False
2026-07-31T04:40:49Z,Escalation Decision Documented,ANALYST-009,CSE-CHARLIE-CASE-Q3-2026-00088,False,True,,True,CSE-CHARLIE-CASE-Q3-2026-00088-INV-04,False
2026-07-31T09:46:20Z,Containment Action Taken,ANALYST-016,CSE-CHARLIE-CASE-Q3-2026-00088,False,True,EVREF-CSE-CHARLIE-CASE-Q3-2026-00088-05,False,CSE-CHARLIE-CASE-Q3-2026-00088-INV-05,False
2026-07-21T05:01:32Z,Disposition Documented,ANALYST-013,CSE-CHARLIE-CASE-Q3-2026-00089,True,False,EVREF-CSE-CHARLIE-CASE-Q3-2026-00089-01,False,CSE-CHARLIE-CASE-Q3-2026-00089-INV-01,False
2026-07-21T11:21:35Z,Evidence Examined,ANALYST-003,CSE-CHARLIE-CASE-Q3-2026-00089,True,False,EVREF-CSE-CHARLIE-CASE-Q3-2026-00089-02,False,CSE-CHARLIE-CASE-Q3-2026-00089-INV-02,False
2026-07-21T17:41:38Z,Escalation Decision Documented,ANALYST-010,CSE-CHARLIE-CASE-Q3-2026-00089,False,True,EVREF-CSE-CHARLIE-CASE-Q3-2026-00089-03,False,CSE-CHARLIE-CASE-Q3-2026-00089-INV-03,False
2026-07-22T00:01:40Z,Remediation Recorded,ANALYST-012,CSE-CHARLIE-CASE-Q3-2026-00089,False,False,EVREF-CSE-CHARLIE-CASE-Q3-2026-00089-04,False,CSE-CHARLIE-CASE-Q3-2026-00089-INV-04,False
2026-07-22T06:21:43Z,Containment Action Taken,ANALYST-003,CSE-CHARLIE-CASE-Q3-2026-00089,False,False,EVREF-CSE-CHARLIE-CASE-Q3-2026-00089-05,False,CSE-CHARLIE-CASE-Q3-2026-00089-INV-05,False
2026-07-22T12:41:46Z,Affected Asset Identified,ANALYST-012,CSE-CHARLIE-CASE-Q3-2026-00089,True,False,EVREF-CSE-CHARLIE-CASE-Q3-2026-00089-06,True,CSE-CHARLIE-CASE-Q3-2026-00089-INV-06,False
2026-09-22T18:14:37Z,Root Cause Analysis,ANALYST-017,CSE-CHARLIE-CASE-Q3-2026-00090,False,False,EVREF-CSE-CHARLIE-CASE-Q3-2026-00090-01,True,CSE-CHARLIE-CASE-Q3-2026-00090-INV-01,False
2026-09-23T02:28:35Z,Log Correlation Performed,ANALYST-014,CSE-CHARLIE-CASE-Q3-2026-00090,False,False,EVREF-CSE-CHARLIE-CASE-Q3-2026-00090-02,True,CSE-CHARLIE-CASE-Q3-2026-00090-INV-02,False
2026-09-23T10:42:34Z,Escalation Decision Documented,ANALYST-017,CSE-CHARLIE-CASE-Q3-2026-00090,False,True,EVREF-CSE-CHARLIE-CASE-Q3-2026-00090-03,False,CSE-CHARLIE-CASE-Q3-2026-00090-INV-03,False
2026-09-23T18:56:32Z,Affected Asset Identified,ANALYST-015,CSE-CHARLIE-CASE-Q3-2026-00090,False,False,EVREF-CSE-CHARLIE-CASE-Q3-2026-00090-04,False,CSE-CHARLIE-CASE-Q3-2026-00090-INV-04,False
2026-09-24T03:10:31Z,Alert Reviewed,ANALYST-009,CSE-CHARLIE-CASE-Q3-2026-00090,False,False,EVREF-CSE-CHARLIE-CASE-Q3-2026-00090-05,True,CSE-CHARLIE-CASE-Q3-2026-00090-INV-05,False
2026-09-24T11:24:30Z,Containment Action Taken,ANALYST-017,CSE-CHARLIE-CASE-Q3-2026-00090,True,False,EVREF-CSE-CHARLIE-CASE-Q3-2026-00090-06,False,CSE-CHARLIE-CASE-Q3-2026-00090-INV-06,False
2026-09-24T17:53:57Z,Finding Documented,ANALYST-008,CSE-CHARLIE-CASE-Q3-2026-00091,True,False,EVREF-CSE-CHARLIE-CASE-Q3-2026-00091-01,True,CSE-CHARLIE-CASE-Q3-2026-00091-INV-01,False
2026-09-25T03:02:36Z,Disposition Documented,ANALYST-017,CSE-CHARLIE-CASE-Q3-2026-00091,True,False,EVREF-CSE-CHARLIE-CASE-Q3-2026-00091-02,False,CSE-CHARLIE-CASE-Q3-2026-00091-INV-02,False
2026-09-25T12:11:14Z,Root Cause Analysis,ANALYST-010,CSE-CHARLIE-CASE-Q3-2026-00091,False,False,,True,CSE-CHARLIE-CASE-Q3-2026-00091-INV-03,False
2026-09-25T21:19:53Z,Escalation Decision Documented,ANALYST-005,CSE-CHARLIE-CASE-Q3-2026-00091,True,True,,False,CSE-CHARLIE-CASE-Q3-2026-00091-INV-04,False
2026-09-26T06:28:31Z,Alert Reviewed,ANALYST-012,CSE-CHARLIE-CASE-Q3-2026-00091,False,True,EVREF-CSE-CHARLIE-CASE-Q3-2026-00091-05,False,CSE-CHARLIE-CASE-Q3-2026-00091-INV-05,False
2026-09-26T15:37:10Z,Remediation Recorded,ANALYST-018,CSE-CHARLIE-CASE-Q3-2026-00091,False,False,EVREF-CSE-CHARLIE-CASE-Q3-2026-00091-06,True,CSE-CHARLIE-CASE-Q3-2026-00091-INV-06,True
2026-09-14T23:44:55Z,Affected Asset Identified,ANALYST-017,CSE-CHARLIE-CASE-Q3-2026-00092,False,False,EVREF-CSE-CHARLIE-CASE-Q3-2026-00092-01,False,CSE-CHARLIE-CASE-Q3-2026-00092-INV-01,False
2026-09-15T03:24:44Z,Finding Documented,ANALYST-017,CSE-CHARLIE-CASE-Q3-2026-00092,False,False,EVREF-CSE-CHARLIE-CASE-Q3-2026-00092-02,True,CSE-CHARLIE-CASE-Q3-2026-00092-INV-02,False
2026-09-15T07:04:33Z,Alert Reviewed,ANALYST-016,CSE-CHARLIE-CASE-Q3-2026-00092,False,True,EVREF-CSE-CHARLIE-CASE-Q3-2026-00092-03,False,CSE-CHARLIE-CASE-Q3-2026-00092-INV-03,False
2026-09-15T10:44:21Z,Remediation Recorded,ANALYST-017,CSE-CHARLIE-CASE-Q3-2026-00092,True,False,EVREF-CSE-CHARLIE-CASE-Q3-2026-00092-04,False,CSE-CHARLIE-CASE-Q3-2026-00092-INV-04,True
2026-09-15T14:24:10Z,Containment Action Taken,ANALYST-010,CSE-CHARLIE-CASE-Q3-2026-00092,False,True,EVREF-CSE-CHARLIE-CASE-Q3-2026-00092-05,False,CSE-CHARLIE-CASE-Q3-2026-00092-INV-05,False
2026-09-15T18:03:59Z,Escalation Decision Documented,ANALYST-009,CSE-CHARLIE-CASE-Q3-2026-00092,False,True,EVREF-CSE-CHARLIE-CASE-Q3-2026-00092-06,True,CSE-CHARLIE-CASE-Q3-2026-00092-INV-06,False
2026-09-12T01:27:43Z,Affected Asset Identified,ANALYST-016,CSE-CHARLIE-CASE-Q3-2026-00093,True,False,EVREF-CSE-CHARLIE-CASE-Q3-2026-00093-01,False,CSE-CHARLIE-CASE-Q3-2026-00093-INV-01,False
2026-09-12T11:35:53Z,Remediation Recorded,ANALYST-002,CSE-CHARLIE-CASE-Q3-2026-00093,True,False,EVREF-CSE-CHARLIE-CASE-Q3-2026-00093-02,True,CSE-CHARLIE-CASE-Q3-2026-00093-INV-02,True
2026-09-12T21:44:03Z,Evidence Examined,ANALYST-017,CSE-CHARLIE-CASE-Q3-2026-00093,False,False,,True,CSE-CHARLIE-CASE-Q3-2026-00093-INV-03,False
2026-09-13T07:52:13Z,Log Correlation Performed,ANALYST-003,CSE-CHARLIE-CASE-Q3-2026-00093,False,False,EVREF-CSE-CHARLIE-CASE-Q3-2026-00093-04,False,CSE-CHARLIE-CASE-Q3-2026-00093-INV-04,False
2026-09-13T18:00:23Z,Alert Reviewed,ANALYST-017,CSE-CHARLIE-CASE-Q3-2026-00093,False,True,EVREF-CSE-CHARLIE-CASE-Q3-2026-00093-05,True,CSE-CHARLIE-CASE-Q3-2026-00093-INV-05,False
2026-09-16T05:54:48Z,Remediation Recorded,ANALYST-014,CSE-CHARLIE-CASE-Q3-2026-00094,False,False,EVREF-CSE-CHARLIE-CASE-Q3-2026-00094-01,False,CSE-CHARLIE-CASE-Q3-2026-00094-INV-01,True
2026-09-16T16:09:24Z,Disposition Documented,ANALYST-014,CSE-CHARLIE-CASE-Q3-2026-00094,True,False,EVREF-CSE-CHARLIE-CASE-Q3-2026-00094-02,True,CSE-CHARLIE-CASE-Q3-2026-00094-INV-02,False
2026-09-17T02:24:00Z,Affected Asset Identified,ANALYST-015,CSE-CHARLIE-CASE-Q3-2026-00094,False,True,EVREF-CSE-CHARLIE-CASE-Q3-2026-00094-03,False,CSE-CHARLIE-CASE-Q3-2026-00094-INV-03,False
2026-09-17T12:38:36Z,Alert Reviewed,ANALYST-008,CSE-CHARLIE-CASE-Q3-2026-00094,False,False,,False,CSE-CHARLIE-CASE-Q3-2026-00094-INV-04,False
2026-09-17T22:53:12Z,Escalation Decision Documented,ANALYST-012,CSE-CHARLIE-CASE-Q3-2026-00094,False,True,,False,CSE-CHARLIE-CASE-Q3-2026-00094-INV-05,False
2026-09-18T09:07:48Z,Root Cause Analysis,ANALYST-018,CSE-CHARLIE-CASE-Q3-2026-00094,False,True,EVREF-CSE-CHARLIE-CASE-Q3-2026-00094-06,False,CSE-CHARLIE-CASE-Q3-2026-00094-INV-06,False
2026-07-08T06:56:12Z,Log Correlation Performed,ANALYST-017,CSE-CHARLIE-CASE-Q3-2026-00095,False,False,,False,CSE-CHARLIE-CASE-Q3-2026-00095-INV-01,False
2026-07-08T13:03:30Z,Containment Action Taken,ANALYST-012,CSE-CHARLIE-CASE-Q3-2026-00095,True,False,EVREF-CSE-CHARLIE-CASE-Q3-2026-00095-02,True,CSE-CHARLIE-CASE-Q3-2026-00095-INV-02,False
2026-07-08T19:10:48Z,Disposition Documented,ANALYST-014,CSE-CHARLIE-CASE-Q3-2026-00095,True,False,EVREF-CSE-CHARLIE-CASE-Q3-2026-00095-03,False,CSE-CHARLIE-CASE-Q3-2026-00095-INV-03,False
2026-07-09T01:18:07Z,Evidence Examined,ANALYST-005,CSE-CHARLIE-CASE-Q3-2026-00095,True,True,EVREF-CSE-CHARLIE-CASE-Q3-2026-00095-04,True,CSE-CHARLIE-CASE-Q3-2026-00095-INV-04,False
2026-07-09T07:25:25Z,Remediation Recorded,ANALYST-011,CSE-CHARLIE-CASE-Q3-2026-00095,False,False,EVREF-CSE-CHARLIE-CASE-Q3-2026-00095-05,True,CSE-CHARLIE-CASE-Q3-2026-00095-INV-05,True
2026-07-09T13:32:43Z,Affected Asset Identified,ANALYST-004,CSE-CHARLIE-CASE-Q3-2026-00095,False,False,,False,CSE-CHARLIE-CASE-Q3-2026-00095-INV-06,False
2026-07-09T19:40:01Z,Finding Documented,ANALYST-006,CSE-CHARLIE-CASE-Q3-2026-00095,True,False,EVREF-CSE-CHARLIE-CASE-Q3-2026-00095-07,True,CSE-CHARLIE-CASE-Q3-2026-00095-INV-07,False
2026-08-13T16:13:51Z,Alert Reviewed,ANALYST-001,CSE-CHARLIE-CASE-Q3-2026-00096,False,False,EVREF-CSE-CHARLIE-CASE-Q3-2026-00096-01,True,CSE-CHARLIE-CASE-Q3-2026-00096-INV-01,False
2026-08-13T22:02:54Z,Remediation Recorded,ANALYST-007,CSE-CHARLIE-CASE-Q3-2026-00096,False,False,EVREF-CSE-CHARLIE-CASE-Q3-2026-00096-02,True,CSE-CHARLIE-CASE-Q3-2026-00096-INV-02,True
2026-08-14T03:51:57Z,Escalation Decision Documented,ANALYST-010,CSE-CHARLIE-CASE-Q3-2026-00096,True,True,EVREF-CSE-CHARLIE-CASE-Q3-2026-00096-03,False,CSE-CHARLIE-CASE-Q3-2026-00096-INV-03,False
2026-08-14T09:41:00Z,Root Cause Analysis,ANALYST-002,CSE-CHARLIE-CASE-Q3-2026-00096,False,False,EVREF-CSE-CHARLIE-CASE-Q3-2026-00096-04,False,CSE-CHARLIE-CASE-Q3-2026-00096-INV-04,False
2026-08-14T15:30:03Z,Disposition Documented,ANALYST-017,CSE-CHARLIE-CASE-Q3-2026-00096,True,False,EVREF-CSE-CHARLIE-CASE-Q3-2026-00096-05,True,CSE-CHARLIE-CASE-Q3-2026-00096-INV-05,False
2026-08-14T21:19:06Z,Containment Action Taken,ANALYST-006,CSE-CHARLIE-CASE-Q3-2026-00096,False,False,EVREF-CSE-CHARLIE-CASE-Q3-2026-00096-06,True,CSE-CHARLIE-CASE-Q3-2026-00096-INV-06,False
2026-08-15T03:08:09Z,Log Correlation Performed,ANALYST-003,CSE-CHARLIE-CASE-Q3-2026-00096,True,False,EVREF-CSE-CHARLIE-CASE-Q3-2026-00096-07,False,CSE-CHARLIE-CASE-Q3-2026-00096-INV-07,False
2026-08-03T02:07:05Z,Log Correlation Performed,ANALYST-008,CSE-CHARLIE-CASE-Q3-2026-00097,False,False,EVREF-CSE-CHARLIE-CASE-Q3-2026-00097-01,False,CSE-CHARLIE-CASE-Q3-2026-00097-INV-01,False
2026-08-03T06:35:43Z,Evidence Examined,ANALYST-018,CSE-CHARLIE-CASE-Q3-2026-00097,False,False,EVREF-CSE-CHARLIE-CASE-Q3-2026-00097-02,False,CSE-CHARLIE-CASE-Q3-2026-00097-INV-02,False
2026-08-03T11:04:21Z,Disposition Documented,ANALYST-014,CSE-CHARLIE-CASE-Q3-2026-00097,True,True,EVREF-CSE-CHARLIE-CASE-Q3-2026-00097-03,False,CSE-CHARLIE-CASE-Q3-2026-00097-INV-03,False
2026-08-03T15:32:59Z,Containment Action Taken,ANALYST-008,CSE-CHARLIE-CASE-Q3-2026-00097,False,True,EVREF-CSE-CHARLIE-CASE-Q3-2026-00097-04,False,CSE-CHARLIE-CASE-Q3-2026-00097-INV-04,False
2026-08-03T20:01:36Z,Escalation Decision Documented,ANALYST-001,CSE-CHARLIE-CASE-Q3-2026-00097,False,True,,False,CSE-CHARLIE-CASE-Q3-2026-00097-INV-05,False
2026-08-04T00:30:14Z,Affected Asset Identified,ANALYST-018,CSE-CHARLIE-CASE-Q3-2026-00097,False,False,EVREF-CSE-CHARLIE-CASE-Q3-2026-00097-06,True,CSE-CHARLIE-CASE-Q3-2026-00097-INV-06,False
2026-07-04T21:49:22Z,Remediation Recorded,ANALYST-018,CSE-CHARLIE-CASE-Q3-2026-00098,True,True,EVREF-CSE-CHARLIE-CASE-Q3-2026-00098-01,False,CSE-CHARLIE-CASE-Q3-2026-00098-INV-01,True
