action_timestamp,action_type,actor_id,case_id,disposition_recorded,escalation_decision_recorded,evidence_reference,finding_recorded,investigation_action_id,remediation_recorded
2026-02-01T07:13:01Z,Root Cause Analysis,ANALYST-014,CSE-CHARLIE-CASE-Q1-2026-00001,False,False,EVREF-CSE-CHARLIE-CASE-Q1-2026-00001-01,False,CSE-CHARLIE-CASE-Q1-2026-00001-INV-01,False
2026-02-01T11:48:18Z,Remediation Recorded,ANALYST-004,CSE-CHARLIE-CASE-Q1-2026-00001,True,False,,True,CSE-CHARLIE-CASE-Q1-2026-00001-INV-02,True
2026-02-01T16:23:34Z,Log Correlation Performed,ANALYST-016,CSE-CHARLIE-CASE-Q1-2026-00001,True,False,EVREF-CSE-CHARLIE-CASE-Q1-2026-00001-03,False,CSE-CHARLIE-CASE-Q1-2026-00001-INV-03,False
2026-02-01T20:58:50Z,Evidence Examined,ANALYST-017,CSE-CHARLIE-CASE-Q1-2026-00001,False,False,EVREF-CSE-CHARLIE-CASE-Q1-2026-00001-04,False,CSE-CHARLIE-CASE-Q1-2026-00001-INV-04,False
2026-02-02T01:34:06Z,Affected Asset Identified,ANALYST-014,CSE-CHARLIE-CASE-Q1-2026-00001,True,False,,False,CSE-CHARLIE-CASE-Q1-2026-00001-INV-05,False
2026-02-02T06:09:23Z,Alert Reviewed,ANALYST-007,CSE-CHARLIE-CASE-Q1-2026-00001,False,True,EVREF-CSE-CHARLIE-CASE-Q1-2026-00001-06,True,CSE-CHARLIE-CASE-Q1-2026-00001-INV-06,False
2026-02-27T22:10:27Z,Containment Action Taken,ANALYST-014,CSE-CHARLIE-CASE-Q1-2026-00002,True,False,EVREF-CSE-CHARLIE-CASE-Q1-2026-00002-01,False,CSE-CHARLIE-CASE-Q1-2026-00002-INV-01,False
2026-02-28T10:03:28Z,Escalation Decision Documented,ANALYST-008,CSE-CHARLIE-CASE-Q1-2026-00002,False,True,EVREF-CSE-CHARLIE-CASE-Q1-2026-00002-02,False,CSE-CHARLIE-CASE-Q1-2026-00002-INV-02,False
2026-02-28T21:56:29Z,Alert Reviewed,ANALYST-015,CSE-CHARLIE-CASE-Q1-2026-00002,False,True,EVREF-CSE-CHARLIE-CASE-Q1-2026-00002-03,True,CSE-CHARLIE-CASE-Q1-2026-00002-INV-03,False
2026-03-01T09:49:30Z,Disposition Documented,ANALYST-006,CSE-CHARLIE-CASE-Q1-2026-00002,True,True,,False,CSE-CHARLIE-CASE-Q1-2026-00002-INV-04,False
2026-03-01T21:42:31Z,Evidence Examined,ANALYST-004,CSE-CHARLIE-CASE-Q1-2026-00002,True,True,EVREF-CSE-CHARLIE-CASE-Q1-2026-00002-05,False,CSE-CHARLIE-CASE-Q1-2026-00002-INV-05,False
2026-03-02T09:35:31Z,Finding Documented,ANALYST-013,CSE-CHARLIE-CASE-Q1-2026-00002,False,False,,True,CSE-CHARLIE-CASE-Q1-2026-00002-INV-06,False
2026-03-07T13:30:00Z,Log Correlation Performed,ANALYST-014,CSE-CHARLIE-CASE-Q1-2026-00003,False,True,EVREF-CSE-CHARLIE-CASE-Q1-2026-00003-01,True,CSE-CHARLIE-CASE-Q1-2026-00003-INV-01,False
2026-03-07T20:45:23Z,Affected Asset Identified,ANALYST-018,CSE-CHARLIE-CASE-Q1-2026-00003,False,True,,False,CSE-CHARLIE-CASE-Q1-2026-00003-INV-02,False
2026-03-08T04:00:47Z,Finding Documented,ANALYST-011,CSE-CHARLIE-CASE-Q1-2026-00003,False,False,EVREF-CSE-CHARLIE-CASE-Q1-2026-00003-03,True,CSE-CHARLIE-CASE-Q1-2026-00003-INV-03,False
2026-03-08T11:16:10Z,Evidence Examined,ANALYST-011,CSE-CHARLIE-CASE-Q1-2026-00003,False,False,,False,CSE-CHARLIE-CASE-Q1-2026-00003-INV-04,False
2026-03-08T18:31:33Z,Disposition Documented,ANALYST-007,CSE-CHARLIE-CASE-Q1-2026-00003,True,False,EVREF-CSE-CHARLIE-CASE-Q1-2026-00003-05,False,CSE-CHARLIE-CASE-Q1-2026-00003-INV-05,False
2026-03-09T01:46:57Z,Root Cause Analysis,ANALYST-015,CSE-CHARLIE-CASE-Q1-2026-00003,True,False,,False,CSE-CHARLIE-CASE-Q1-2026-00003-INV-06,False
2026-03-04T00:55:19Z,Root Cause Analysis,ANALYST-011,CSE-CHARLIE-CASE-Q1-2026-00004,True,False,EVREF-CSE-CHARLIE-CASE-Q1-2026-00004-01,False,CSE-CHARLIE-CASE-Q1-2026-00004-INV-01,False
2026-03-04T07:25:55Z,Remediation Recorded,ANALYST-011,CSE-CHARLIE-CASE-Q1-2026-00004,False,False,EVREF-CSE-CHARLIE-CASE-Q1-2026-00004-02,False,CSE-CHARLIE-CASE-Q1-2026-00004-INV-02,True
2026-03-04T13:56:31Z,Alert Reviewed,ANALYST-006,CSE-CHARLIE-CASE-Q1-2026-00004,False,True,EVREF-CSE-CHARLIE-CASE-Q1-2026-00004-03,False,CSE-CHARLIE-CASE-Q1-2026-00004-INV-03,False
2026-03-04T20:27:07Z,Finding Documented,ANALYST-014,CSE-CHARLIE-CASE-Q1-2026-00004,False,False,EVREF-CSE-CHARLIE-CASE-Q1-2026-00004-04,True,CSE-CHARLIE-CASE-Q1-2026-00004-INV-04,False
2026-03-05T02:57:42Z,Evidence Examined,ANALYST-001,CSE-CHARLIE-CASE-Q1-2026-00004,True,False,EVREF-CSE-CHARLIE-CASE-Q1-2026-00004-05,False,CSE-CHARLIE-CASE-Q1-2026-00004-INV-05,False
2026-03-05T09:28:18Z,Disposition Documented,ANALYST-016,CSE-CHARLIE-CASE-Q1-2026-00004,True,True,EVREF-CSE-CHARLIE-CASE-Q1-2026-00004-06,False,CSE-CHARLIE-CASE-Q1-2026-00004-INV-06,False
2026-03-16T08:16:07Z,Evidence Examined,ANALYST-011,CSE-CHARLIE-CASE-Q1-2026-00005,True,False,EVREF-CSE-CHARLIE-CASE-Q1-2026-00005-01,False,CSE-CHARLIE-CASE-Q1-2026-00005-INV-01,False
2026-03-16T15:45:23Z,Containment Action Taken,ANALYST-012,CSE-CHARLIE-CASE-Q1-2026-00005,True,False,EVREF-CSE-CHARLIE-CASE-Q1-2026-00005-02,True,CSE-CHARLIE-CASE-Q1-2026-00005-INV-02,False
2026-03-16T23:14:39Z,Log Correlation Performed,ANALYST-006,CSE-CHARLIE-CASE-Q1-2026-00005,False,True,EVREF-CSE-CHARLIE-CASE-Q1-2026-00005-03,True,CSE-CHARLIE-CASE-Q1-2026-00005-INV-03,False
2026-03-17T06:43:55Z,Remediation Recorded,ANALYST-002,CSE-CHARLIE-CASE-Q1-2026-00005,True,False,EVREF-CSE-CHARLIE-CASE-Q1-2026-00005-04,False,CSE-CHARLIE-CASE-Q1-2026-00005-INV-04,True
2026-03-17T14:13:12Z,Disposition Documented,ANALYST-015,CSE-CHARLIE-CASE-Q1-2026-00005,True,False,EVREF-CSE-CHARLIE-CASE-Q1-2026-00005-05,False,CSE-CHARLIE-CASE-Q1-2026-00005-INV-05,False
2026-03-17T21:42:28Z,Affected Asset Identified,ANALYST-017,CSE-CHARLIE-CASE-Q1-2026-00005,False,True,,True,CSE-CHARLIE-CASE-Q1-2026-00005-INV-06,False
2026-03-31T09:49:59Z,Evidence Examined,ANALYST-007,CSE-CHARLIE-CASE-Q1-2026-00006,False,True,EVREF-CSE-CHARLIE-CASE-Q1-2026-00006-01,False,CSE-CHARLIE-CASE-Q1-2026-00006-INV-01,False
2026-03-31T12:59:44Z,Affected Asset Identified,ANALYST-009,CSE-CHARLIE-CASE-Q1-2026-00006,False,False,EVREF-CSE-CHARLIE-CASE-Q1-2026-00006-02,True,CSE-CHARLIE-CASE-Q1-2026-00006-INV-02,False
2026-03-31T16:09:29Z,Disposition Documented,ANALYST-010,CSE-CHARLIE-CASE-Q1-2026-00006,True,True,EVREF-CSE-CHARLIE-CASE-Q1-2026-00006-03,False,CSE-CHARLIE-CASE-Q1-2026-00006-INV-03,False
2026-03-31T19:19:14Z,Finding Documented,ANALYST-010,CSE-CHARLIE-CASE-Q1-2026-00006,True,True,EVREF-CSE-CHARLIE-CASE-Q1-2026-00006-04,True,CSE-CHARLIE-CASE-Q1-2026-00006-INV-04,False
2026-03-07T22:46:20Z,Root Cause Analysis,ANALYST-014,CSE-CHARLIE-CASE-Q1-2026-00007,False,False,EVREF-CSE-CHARLIE-CASE-Q1-2026-00007-01,False,CSE-CHARLIE-CASE-Q1-2026-00007-INV-01,False
2026-03-08T05:19:19Z,Escalation Decision Documented,ANALYST-001,CSE-CHARLIE-CASE-Q1-2026-00007,False,True,EVREF-CSE-CHARLIE-CASE-Q1-2026-00007-02,False,CSE-CHARLIE-CASE-Q1-2026-00007-INV-02,False
2026-03-08T11:52:18Z,Affected Asset Identified,ANALYST-015,CSE-CHARLIE-CASE-Q1-2026-00007,False,False,EVREF-CSE-CHARLIE-CASE-Q1-2026-00007-03,True,CSE-CHARLIE-CASE-Q1-2026-00007-INV-03,False
2026-03-08T18:25:17Z,Evidence Examined,ANALYST-004,CSE-CHARLIE-CASE-Q1-2026-00007,True,True,EVREF-CSE-CHARLIE-CASE-Q1-2026-00007-04,False,CSE-CHARLIE-CASE-Q1-2026-00007-INV-04,False
2026-03-09T00:58:16Z,Containment Action Taken,ANALYST-006,CSE-CHARLIE-CASE-Q1-2026-00007,True,True,EVREF-CSE-CHARLIE-CASE-Q1-2026-00007-05,False,CSE-CHARLIE-CASE-Q1-2026-00007-INV-05,False
2026-01-28T23:33:31Z,Containment Action Taken,ANALYST-014,CSE-CHARLIE-CASE-Q1-2026-00008,True,False,EVREF-CSE-CHARLIE-CASE-Q1-2026-00008-01,False,CSE-CHARLIE-CASE-Q1-2026-00008-INV-01,False
2026-01-29T06:33:33Z,Log Correlation Performed,ANALYST-002,CSE-CHARLIE-CASE-Q1-2026-00008,True,False,EVREF-CSE-CHARLIE-CASE-Q1-2026-00008-02,False,CSE-CHARLIE-CASE-Q1-2026-00008-INV-02,False
2026-01-29T13:33:35Z,Affected Asset Identified,ANALYST-012,CSE-CHARLIE-CASE-Q1-2026-00008,False,False,EVREF-CSE-CHARLIE-CASE-Q1-2026-00008-03,False,CSE-CHARLIE-CASE-Q1-2026-00008-INV-03,False
2026-01-29T20:33:36Z,Evidence Examined,ANALYST-008,CSE-CHARLIE-CASE-Q1-2026-00008,False,False,EVREF-CSE-CHARLIE-CASE-Q1-2026-00008-04,False,CSE-CHARLIE-CASE-Q1-2026-00008-INV-04,False
2026-01-30T03:33:38Z,Root Cause Analysis,ANALYST-001,CSE-CHARLIE-CASE-Q1-2026-00008,True,False,EVREF-CSE-CHARLIE-CASE-Q1-2026-00008-05,False,CSE-CHARLIE-CASE-Q1-2026-00008-INV-05,False
2026-01-30T10:33:39Z,Alert Reviewed,ANALYST-004,CSE-CHARLIE-CASE-Q1-2026-00008,False,False,,True,CSE-CHARLIE-CASE-Q1-2026-00008-INV-06,False
2026-01-30T17:33:41Z,Remediation Recorded,ANALYST-016,CSE-CHARLIE-CASE-Q1-2026-00008,False,False,EVREF-CSE-CHARLIE-CASE-Q1-2026-00008-07,False,CSE-CHARLIE-CASE-Q1-2026-00008-INV-07,False
2026-01-31T00:33:43Z,Finding Documented,ANALYST-003,CSE-CHARLIE-CASE-Q1-2026-00008,False,True,EVREF-CSE-CHARLIE-CASE-Q1-2026-00008-08,True,CSE-CHARLIE-CASE-Q1-2026-00008-INV-08,False
2026-01-07T09:52:07Z,Escalation Decision Documented,ANALYST-013,CSE-CHARLIE-CASE-Q1-2026-00009,False,True,EVREF-CSE-CHARLIE-CASE-Q1-2026-00009-01,False,CSE-CHARLIE-CASE-Q1-2026-00009-INV-01,False
2026-01-07T18:24:09Z,Finding Documented,ANALYST-004,CSE-CHARLIE-CASE-Q1-2026-00009,False,True,,True,CSE-CHARLIE-CASE-Q1-2026-00009-INV-02,False
2026-01-08T02:56:10Z,Evidence Examined,ANALYST-003,CSE-CHARLIE-CASE-Q1-2026-00009,False,True,,True,CSE-CHARLIE-CASE-Q1-2026-00009-INV-03,False
2026-01-08T11:28:11Z,Disposition Documented,ANALYST-005,CSE-CHARLIE-CASE-Q1-2026-00009,True,False,,True,CSE-CHARLIE-CASE-Q1-2026-00009-INV-04,False
2026-02-14T04:40:44Z,Finding Documented,ANALYST-005,CSE-CHARLIE-CASE-Q1-2026-00010,False,True,,True,CSE-CHARLIE-CASE-Q1-2026-00010-INV-01,False
2026-02-14T10:56:25Z,Evidence Examined,ANALYST-011,CSE-CHARLIE-CASE-Q1-2026-00010,False,True,EVREF-CSE-CHARLIE-CASE-Q1-2026-00010-02,False,CSE-CHARLIE-CASE-Q1-2026-00010-INV-02,False
2026-02-14T17:12:07Z,Log Correlation Performed,ANALYST-002,CSE-CHARLIE-CASE-Q1-2026-00010,True,True,EVREF-CSE-CHARLIE-CASE-Q1-2026-00010-03,False,CSE-CHARLIE-CASE-Q1-2026-00010-INV-03,False
2026-02-14T23:27:48Z,Containment Action Taken,ANALYST-003,CSE-CHARLIE-CASE-Q1-2026-00010,False,False,EVREF-CSE-CHARLIE-CASE-Q1-2026-00010-04,False,CSE-CHARLIE-CASE-Q1-2026-00010-INV-04,False
2026-02-15T05:43:29Z,Disposition Documented,ANALYST-004,CSE-CHARLIE-CASE-Q1-2026-00010,True,False,EVREF-CSE-CHARLIE-CASE-Q1-2026-00010-05,False,CSE-CHARLIE-CASE-Q1-2026-00010-INV-05,False
2026-02-15T11:59:11Z,Remediation Recorded,ANALYST-004,CSE-CHARLIE-CASE-Q1-2026-00010,True,False,EVREF-CSE-CHARLIE-CASE-Q1-2026-00010-06,False,CSE-CHARLIE-CASE-Q1-2026-00010-INV-06,True
2026-02-15T18:14:52Z,Alert Reviewed,ANALYST-018,CSE-CHARLIE-CASE-Q1-2026-00010,False,False,EVREF-CSE-CHARLIE-CASE-Q1-2026-00010-07,True,CSE-CHARLIE-CASE-Q1-2026-00010-INV-07,False
2026-02-16T00:30:34Z,Root Cause Analysis,ANALYST-001,CSE-CHARLIE-CASE-Q1-2026-00010,False,False,EVREF-CSE-CHARLIE-CASE-Q1-2026-00010-08,True,CSE-CHARLIE-CASE-Q1-2026-00010-INV-08,False
2026-03-20T11:37:05Z,Escalation Decision Documented,ANALYST-010,CSE-CHARLIE-CASE-Q1-2026-00011,False,True,,True,CSE-CHARLIE-CASE-Q1-2026-00011-INV-01,False
2026-03-20T15:29:47Z,Evidence Examined,ANALYST-011,CSE-CHARLIE-CASE-Q1-2026-00011,False,False,EVREF-CSE-CHARLIE-CASE-Q1-2026-00011-02,True,CSE-CHARLIE-CASE-Q1-2026-00011-INV-02,False
2026-03-20T19:22:29Z,Root Cause Analysis,ANALYST-017,CSE-CHARLIE-CASE-Q1-2026-00011,False,False,,False,CSE-CHARLIE-CASE-Q1-2026-00011-INV-03,False
2026-03-20T23:15:10Z,Log Correlation Performed,ANALYST-013,CSE-CHARLIE-CASE-Q1-2026-00011,False,False,EVREF-CSE-CHARLIE-CASE-Q1-2026-00011-04,True,CSE-CHARLIE-CASE-Q1-2026-00011-INV-04,False
2026-03-21T03:07:52Z,Finding Documented,ANALYST-007,CSE-CHARLIE-CASE-Q1-2026-00011,False,False,EVREF-CSE-CHARLIE-CASE-Q1-2026-00011-05,True,CSE-CHARLIE-CASE-Q1-2026-00011-INV-05,False
2026-03-21T07:00:34Z,Alert Reviewed,ANALYST-002,CSE-CHARLIE-CASE-Q1-2026-00011,False,True,EVREF-CSE-CHARLIE-CASE-Q1-2026-00011-06,False,CSE-CHARLIE-CASE-Q1-2026-00011-INV-06,False
2026-03-05T20:11:47Z,Evidence Examined,ANALYST-011,CSE-CHARLIE-CASE-Q1-2026-00012,False,False,,False,CSE-CHARLIE-CASE-Q1-2026-00012-INV-01,False
2026-03-05T23:35:26Z,Disposition Documented,ANALYST-016,CSE-CHARLIE-CASE-Q1-2026-00012,True,True,EVREF-CSE-CHARLIE-CASE-Q1-2026-00012-02,True,CSE-CHARLIE-CASE-Q1-2026-00012-INV-02,False
2026-03-06T02:59:04Z,Containment Action Taken,ANALYST-011,CSE-CHARLIE-CASE-Q1-2026-00012,False,False,EVREF-CSE-CHARLIE-CASE-Q1-2026-00012-03,False,CSE-CHARLIE-CASE-Q1-2026-00012-INV-03,False
2026-03-06T06:22:43Z,Remediation Recorded,ANALYST-001,CSE-CHARLIE-CASE-Q1-2026-00012,False,False,EVREF-CSE-CHARLIE-CASE-Q1-2026-00012-04,True,CSE-CHARLIE-CASE-Q1-2026-00012-INV-04,True
2026-03-06T09:46:21Z,Escalation Decision Documented,ANALYST-017,CSE-CHARLIE-CASE-Q1-2026-00012,True,True,EVREF-CSE-CHARLIE-CASE-Q1-2026-00012-05,True,CSE-CHARLIE-CASE-Q1-2026-00012-INV-05,False
2026-03-06T13:10:00Z,Finding Documented,ANALYST-001,CSE-CHARLIE-CASE-Q1-2026-00012,False,False,EVREF-CSE-CHARLIE-CASE-Q1-2026-00012-06,True,CSE-CHARLIE-CASE-Q1-2026-00012-INV-06,False
2026-03-06T16:33:38Z,Affected Asset Identified,ANALYST-013,CSE-CHARLIE-CASE-Q1-2026-00012,False,True,EVREF-CSE-CHARLIE-CASE-Q1-2026-00012-07,False,CSE-CHARLIE-CASE-Q1-2026-00012-INV-07,False
2026-01-23T06:15:40Z,Affected Asset Identified,ANALYST-016,CSE-CHARLIE-CASE-Q1-2026-00013,False,False,,False,CSE-CHARLIE-CASE-Q1-2026-00013-INV-01,False
2026-01-23T11:46:23Z,Disposition Documented,ANALYST-003,CSE-CHARLIE-CASE-Q1-2026-00013,True,False,EVREF-CSE-CHARLIE-CASE-Q1-2026-00013-02,False,CSE-CHARLIE-CASE-Q1-2026-00013-INV-02,False
2026-01-23T17:17:06Z,Remediation Recorded,ANALYST-005,CSE-CHARLIE-CASE-Q1-2026-00013,False,True,,False,CSE-CHARLIE-CASE-Q1-2026-00013-INV-03,False
2026-01-23T22:47:49Z,Escalation Decision Documented,ANALYST-017,CSE-CHARLIE-CASE-Q1-2026-00013,True,True,EVREF-CSE-CHARLIE-CASE-Q1-2026-00013-04,False,CSE-CHARLIE-CASE-Q1-2026-00013-INV-04,False
2026-01-24T04:18:32Z,Log Correlation Performed,ANALYST-015,CSE-CHARLIE-CASE-Q1-2026-00013,False,True,EVREF-CSE-CHARLIE-CASE-Q1-2026-00013-05,False,CSE-CHARLIE-CASE-Q1-2026-00013-INV-05,False
2026-02-04T08:41:56Z,Finding Documented,ANALYST-005,CSE-CHARLIE-CASE-Q1-2026-00014,False,True,EVREF-CSE-CHARLIE-CASE-Q1-2026-00014-01,True,CSE-CHARLIE-CASE-Q1-2026-00014-INV-01,False
2026-02-04T15:34:32Z,Disposition Documented,ANALYST-001,CSE-CHARLIE-CASE-Q1-2026-00014,True,True,EVREF-CSE-CHARLIE-CASE-Q1-2026-00014-02,True,CSE-CHARLIE-CASE-Q1-2026-00014-INV-02,False
2026-02-04T22:27:08Z,Evidence Examined,ANALYST-017,CSE-CHARLIE-CASE-Q1-2026-00014,False,False,,False,CSE-CHARLIE-CASE-Q1-2026-00014-INV-03,False
2026-02-05T05:19:45Z,Alert Reviewed,ANALYST-013,CSE-CHARLIE-CASE-Q1-2026-00014,True,False,EVREF-CSE-CHARLIE-CASE-Q1-2026-00014-04,True,CSE-CHARLIE-CASE-Q1-2026-00014-INV-04,False
2026-02-05T12:12:21Z,Escalation Decision Documented,ANALYST-003,CSE-CHARLIE-CASE-Q1-2026-00014,False,True,EVREF-CSE-CHARLIE-CASE-Q1-2026-00014-05,True,CSE-CHARLIE-CASE-Q1-2026-00014-INV-05,False
2026-02-05T19:04:58Z,Containment Action Taken,ANALYST-017,CSE-CHARLIE-CASE-Q1-2026-00014,False,False,EVREF-CSE-CHARLIE-CASE-Q1-2026-00014-06,True,CSE-CHARLIE-CASE-Q1-2026-00014-INV-06,False
2026-02-06T01:57:34Z,Log Correlation Performed,ANALYST-004,CSE-CHARLIE-CASE-Q1-2026-00014,False,False,EVREF-CSE-CHARLIE-CASE-Q1-2026-00014-07,False,CSE-CHARLIE-CASE-Q1-2026-00014-INV-07,False
2026-03-18T23:34:48Z,Alert Reviewed,ANALYST-010,CSE-CHARLIE-CASE-Q1-2026-00015,False,False,,False,CSE-CHARLIE-CASE-Q1-2026-00015-INV-01,False
2026-03-19T06:05:08Z,Finding Documented,ANALYST-011,CSE-CHARLIE-CASE-Q1-2026-00015,False,False,,True,CSE-CHARLIE-CASE-Q1-2026-00015-INV-02,False
2026-03-19T12:35:29Z,Evidence Examined,ANALYST-007,CSE-CHARLIE-CASE-Q1-2026-00015,False,True,EVREF-CSE-CHARLIE-CASE-Q1-2026-00015-03,False,CSE-CHARLIE-CASE-Q1-2026-00015-INV-03,False
2026-03-19T19:05:50Z,Remediation Recorded,ANALYST-005,CSE-CHARLIE-CASE-Q1-2026-00015,False,False,EVREF-CSE-CHARLIE-CASE-Q1-2026-00015-04,True,CSE-CHARLIE-CASE-Q1-2026-00015-INV-04,False
2026-03-20T01:36:11Z,Containment Action Taken,ANALYST-001,CSE-CHARLIE-CASE-Q1-2026-00015,True,False,EVREF-CSE-CHARLIE-CASE-Q1-2026-00015-05,True,CSE-CHARLIE-CASE-Q1-2026-00015-INV-05,False
2026-03-20T08:06:32Z,Log Correlation Performed,ANALYST-009,CSE-CHARLIE-CASE-Q1-2026-00015,False,False,EVREF-CSE-CHARLIE-CASE-Q1-2026-00015-06,False,CSE-CHARLIE-CASE-Q1-2026-00015-INV-06,False
2026-03-20T14:36:53Z,Affected Asset Identified,ANALYST-003,CSE-CHARLIE-CASE-Q1-2026-00015,False,True,EVREF-CSE-CHARLIE-CASE-Q1-2026-00015-07,False,CSE-CHARLIE-CASE-Q1-2026-00015-INV-07,False
2026-02-21T19:11:02Z,Root Cause Analysis,ANALYST-008,CSE-CHARLIE-CASE-Q1-2026-00016,False,True,,True,CSE-CHARLIE-CASE-Q1-2026-00016-INV-01,False
2026-02-22T01:41:01Z,Remediation Recorded,ANALYST-010,CSE-CHARLIE-CASE-Q1-2026-00016,False,False,EVREF-CSE-CHARLIE-CASE-Q1-2026-00016-02,True,CSE-CHARLIE-CASE-Q1-2026-00016-INV-02,False
2026-02-22T08:11:01Z,Evidence Examined,ANALYST-004,CSE-CHARLIE-CASE-Q1-2026-00016,True,True,EVREF-CSE-CHARLIE-CASE-Q1-2026-00016-03,False,CSE-CHARLIE-CASE-Q1-2026-00016-INV-03,False
2026-02-22T14:41:01Z,Escalation Decision Documented,ANALYST-016,CSE-CHARLIE-CASE-Q1-2026-00016,False,True,,False,CSE-CHARLIE-CASE-Q1-2026-00016-INV-04,False
2026-02-22T21:11:00Z,Finding Documented,ANALYST-008,CSE-CHARLIE-CASE-Q1-2026-00016,True,False,EVREF-CSE-CHARLIE-CASE-Q1-2026-00016-05,True,CSE-CHARLIE-CASE-Q1-2026-00016-INV-05,False
2026-02-23T03:41:00Z,Disposition Documented,ANALYST-017,CSE-CHARLIE-CASE-Q1-2026-00016,True,False,,False,CSE-CHARLIE-CASE-Q1-2026-00016-INV-06,False
2026-02-23T10:10:59Z,Log Correlation Performed,ANALYST-003,CSE-CHARLIE-CASE-Q1-2026-00016,False,False,,True,CSE-CHARLIE-CASE-Q1-2026-00016-INV-07,False
2026-01-09T07:35:23Z,Containment Action Taken,ANALYST-011,CSE-CHARLIE-CASE-Q1-2026-00017,True,False,EVREF-CSE-CHARLIE-CASE-Q1-2026-00017-01,False,CSE-CHARLIE-CASE-Q1-2026-00017-INV-01,False
2026-01-09T13:42:05Z,Root Cause Analysis,ANALYST-008,CSE-CHARLIE-CASE-Q1-2026-00017,False,False,EVREF-CSE-CHARLIE-CASE-Q1-2026-00017-02,True,CSE-CHARLIE-CASE-Q1-2026-00017-INV-02,False
2026-01-09T19:48:47Z,Alert Reviewed,ANALYST-002,CSE-CHARLIE-CASE-Q1-2026-00017,False,False,EVREF-CSE-CHARLIE-CASE-Q1-2026-00017-03,True,CSE-CHARLIE-CASE-Q1-2026-00017-INV-03,False
2026-01-10T01:55:29Z,Finding Documented,ANALYST-009,CSE-CHARLIE-CASE-Q1-2026-00017,False,True,EVREF-CSE-CHARLIE-CASE-Q1-2026-00017-04,True,CSE-CHARLIE-CASE-Q1-2026-00017-INV-04,False
2026-01-10T08:02:11Z,Remediation Recorded,ANALYST-011,CSE-CHARLIE-CASE-Q1-2026-00017,False,False,EVREF-CSE-CHARLIE-CASE-Q1-2026-00017-05,False,CSE-CHARLIE-CASE-Q1-2026-00017-INV-05,False
2026-01-10T14:08:53Z,Evidence Examined,ANALYST-012,CSE-CHARLIE-CASE-Q1-2026-00017,False,False,,False,CSE-CHARLIE-CASE-Q1-2026-00017-INV-06,False
2026-01-23T22:43:01Z,Containment Action Taken,ANALYST-002,CSE-CHARLIE-CASE-Q1-2026-00018,False,False,EVREF-CSE-CHARLIE-CASE-Q1-2026-00018-01,True,CSE-CHARLIE-CASE-Q1-2026-00018-INV-01,False
2026-01-24T08:51:37Z,Remediation Recorded,ANALYST-002,CSE-CHARLIE-CASE-Q1-2026-00018,False,False,EVREF-CSE-CHARLIE-CASE-Q1-2026-00018-02,False,CSE-CHARLIE-CASE-Q1-2026-00018-INV-02,False
2026-01-24T19:00:13Z,Log Correlation Performed,ANALYST-003,CSE-CHARLIE-CASE-Q1-2026-00018,True,True,,False,CSE-CHARLIE-CASE-Q1-2026-00018-INV-03,False
2026-01-25T05:08:49Z,Finding Documented,ANALYST-010,CSE-CHARLIE-CASE-Q1-2026-00018,True,True,EVREF-CSE-CHARLIE-CASE-Q1-2026-00018-04,True,CSE-CHARLIE-CASE-Q1-2026-00018-INV-04,False
2026-01-25T15:17:25Z,Escalation Decision Documented,ANALYST-007,CSE-CHARLIE-CASE-Q1-2026-00018,False,True,EVREF-CSE-CHARLIE-CASE-Q1-2026-00018-05,True,CSE-CHARLIE-CASE-Q1-2026-00018-INV-05,False
2026-01-26T01:26:01Z,Affected Asset Identified,ANALYST-015,CSE-CHARLIE-CASE-Q1-2026-00018,False,False,EVREF-CSE-CHARLIE-CASE-Q1-2026-00018-06,False,CSE-CHARLIE-CASE-Q1-2026-00018-INV-06,False
2026-01-14T00:31:26Z,Finding Documented,ANALYST-003,CSE-CHARLIE-CASE-Q1-2026-00019,False,False,EVREF-CSE-CHARLIE-CASE-Q1-2026-00019-01,True,CSE-CHARLIE-CASE-Q1-2026-00019-INV-01,False
2026-01-14T05:39:05Z,Affected Asset Identified,ANALYST-017,CSE-CHARLIE-CASE-Q1-2026-00019,False,False,,True,CSE-CHARLIE-CASE-Q1-2026-00019-INV-02,False
2026-01-14T10:46:44Z,Alert Reviewed,ANALYST-005,CSE-CHARLIE-CASE-Q1-2026-00019,False,True,,True,CSE-CHARLIE-CASE-Q1-2026-00019-INV-03,False
2026-01-14T15:54:24Z,Evidence Examined,ANALYST-014,CSE-CHARLIE-CASE-Q1-2026-00019,False,False,EVREF-CSE-CHARLIE-CASE-Q1-2026-00019-04,False,CSE-CHARLIE-CASE-Q1-2026-00019-INV-04,False
2026-01-14T21:02:03Z,Root Cause Analysis,ANALYST-003,CSE-CHARLIE-CASE-Q1-2026-00019,True,False,,True,CSE-CHARLIE-CASE-Q1-2026-00019-INV-05,False
2026-01-15T02:09:42Z,Remediation Recorded,ANALYST-017,CSE-CHARLIE-CASE-Q1-2026-00019,False,True,EVREF-CSE-CHARLIE-CASE-Q1-2026-00019-06,True,CSE-CHARLIE-CASE-Q1-2026-00019-INV-06,True
2026-01-15T07:17:21Z,Disposition Documented,ANALYST-012,CSE-CHARLIE-CASE-Q1-2026-00019,True,True,EVREF-CSE-CHARLIE-CASE-Q1-2026-00019-07,False,CSE-CHARLIE-CASE-Q1-2026-00019-INV-07,False
2026-01-02T02:03:17Z,Log Correlation Performed,ANALYST-008,CSE-CHARLIE-CASE-Q1-2026-00020,False,False,EVREF-CSE-CHARLIE-CASE-Q1-2026-00020-01,False,CSE-CHARLIE-CASE-Q1-2026-00020-INV-01,False
2026-01-02T10:01:06Z,Affected Asset Identified,ANALYST-010,CSE-CHARLIE-CASE-Q1-2026-00020,False,True,EVREF-CSE-CHARLIE-CASE-Q1-2026-00020-02,False,CSE-CHARLIE-CASE-Q1-2026-00020-INV-02,False
2026-01-02T17:58:55Z,Containment Action Taken,ANALYST-009,CSE-CHARLIE-CASE-Q1-2026-00020,False,False,EVREF-CSE-CHARLIE-CASE-Q1-2026-00020-03,True,CSE-CHARLIE-CASE-Q1-2026-00020-INV-03,False
2026-01-03T01:56:44Z,Root Cause Analysis,ANALYST-015,CSE-CHARLIE-CASE-Q1-2026-00020,False,False,EVREF-CSE-CHARLIE-CASE-Q1-2026-00020-04,False,CSE-CHARLIE-CASE-Q1-2026-00020-INV-04,False
2026-01-03T09:54:33Z,Alert Reviewed,ANALYST-018,CSE-CHARLIE-CASE-Q1-2026-00020,False,True,,False,CSE-CHARLIE-CASE-Q1-2026-00020-INV-05,False
2026-02-07T09:07:03Z,Root Cause Analysis,ANALYST-010,CSE-CHARLIE-CASE-Q1-2026-00021,False,False,EVREF-CSE-CHARLIE-CASE-Q1-2026-00021-01,False,CSE-CHARLIE-CASE-Q1-2026-00021-INV-01,False
2026-02-07T14:22:28Z,Log Correlation Performed,ANALYST-016,CSE-CHARLIE-CASE-Q1-2026-00021,False,False,,False,CSE-CHARLIE-CASE-Q1-2026-00021-INV-02,False
2026-02-07T19:37:53Z,Affected Asset Identified,ANALYST-003,CSE-CHARLIE-CASE-Q1-2026-00021,False,False,,True,CSE-CHARLIE-CASE-Q1-2026-00021-INV-03,False
2026-02-08T00:53:18Z,Disposition Documented,ANALYST-013,CSE-CHARLIE-CASE-Q1-2026-00021,True,False,EVREF-CSE-CHARLIE-CASE-Q1-2026-00021-04,False,CSE-CHARLIE-CASE-Q1-2026-00021-INV-04,False
2026-02-08T06:08:44Z,Escalation Decision Documented,ANALYST-001,CSE-CHARLIE-CASE-Q1-2026-00021,True,True,EVREF-CSE-CHARLIE-CASE-Q1-2026-00021-05,True,CSE-CHARLIE-CASE-Q1-2026-00021-INV-05,False
2026-02-08T11:24:09Z,Alert Reviewed,ANALYST-015,CSE-CHARLIE-CASE-Q1-2026-00021,False,False,EVREF-CSE-CHARLIE-CASE-Q1-2026-00021-06,False,CSE-CHARLIE-CASE-Q1-2026-00021-INV-06,False
2026-02-26T08:59:47Z,Affected Asset Identified,ANALYST-001,CSE-CHARLIE-CASE-Q1-2026-00022,False,True,EVREF-CSE-CHARLIE-CASE-Q1-2026-00022-01,False,CSE-CHARLIE-CASE-Q1-2026-00022-INV-01,False
2026-02-26T11:37:43Z,Log Correlation Performed,ANALYST-011,CSE-CHARLIE-CASE-Q1-2026-00022,False,True,EVREF-CSE-CHARLIE-CASE-Q1-2026-00022-02,True,CSE-CHARLIE-CASE-Q1-2026-00022-INV-02,False
2026-02-26T14:15:39Z,Finding Documented,ANALYST-008,CSE-CHARLIE-CASE-Q1-2026-00022,False,False,,True,CSE-CHARLIE-CASE-Q1-2026-00022-INV-03,False
2026-02-26T16:53:35Z,Containment Action Taken,ANALYST-010,CSE-CHARLIE-CASE-Q1-2026-00022,False,False,EVREF-CSE-CHARLIE-CASE-Q1-2026-00022-04,False,CSE-CHARLIE-CASE-Q1-2026-00022-INV-04,False
2026-02-26T19:31:30Z,Root Cause Analysis,ANALYST-005,CSE-CHARLIE-CASE-Q1-2026-00022,True,False,EVREF-CSE-CHARLIE-CASE-Q1-2026-00022-05,False,CSE-CHARLIE-CASE-Q1-2026-00022-INV-05,False
2026-02-26T22:09:26Z,Alert Reviewed,ANALYST-001,CSE-CHARLIE-CASE-Q1-2026-00022,True,False,EVREF-CSE-CHARLIE-CASE-Q1-2026-00022-06,True,CSE-CHARLIE-CASE-Q1-2026-00022-INV-06,False
2026-02-27T00:47:22Z,Escalation Decision Documented,ANALYST-007,CSE-CHARLIE-CASE-Q1-2026-00022,True,True,EVREF-CSE-CHARLIE-CASE-Q1-2026-00022-07,True,CSE-CHARLIE-CASE-Q1-2026-00022-INV-07,False
2026-03-20T17:22:38Z,Finding Documented,ANALYST-014,CSE-CHARLIE-CASE-Q1-2026-00023,False,False,EVREF-CSE-CHARLIE-CASE-Q1-2026-00023-01,True,CSE-CHARLIE-CASE-Q1-2026-00023-INV-01,False
2026-03-21T00:15:09Z,Remediation Recorded,ANALYST-007,CSE-CHARLIE-CASE-Q1-2026-00023,False,False,EVREF-CSE-CHARLIE-CASE-Q1-2026-00023-02,True,CSE-CHARLIE-CASE-Q1-2026-00023-INV-02,True
2026-03-21T07:07:39Z,Log Correlation Performed,ANALYST-012,CSE-CHARLIE-CASE-Q1-2026-00023,False,False,EVREF-CSE-CHARLIE-CASE-Q1-2026-00023-03,False,CSE-CHARLIE-CASE-Q1-2026-00023-INV-03,False
2026-03-21T14:00:10Z,Escalation Decision Documented,ANALYST-014,CSE-CHARLIE-CASE-Q1-2026-00023,True,True,EVREF-CSE-CHARLIE-CASE-Q1-2026-00023-04,True,CSE-CHARLIE-CASE-Q1-2026-00023-INV-04,False
2026-03-21T20:52:40Z,Root Cause Analysis,ANALYST-003,CSE-CHARLIE-CASE-Q1-2026-00023,True,False,EVREF-CSE-CHARLIE-CASE-Q1-2026-00023-05,False,CSE-CHARLIE-CASE-Q1-2026-00023-INV-05,False
2026-03-22T03:45:11Z,Disposition Documented,ANALYST-005,CSE-CHARLIE-CASE-Q1-2026-00023,True,False,EVREF-CSE-CHARLIE-CASE-Q1-2026-00023-06,False,CSE-CHARLIE-CASE-Q1-2026-00023-INV-06,False
2026-01-05T12:02:24Z,Disposition Documented,ANALYST-013,CSE-CHARLIE-CASE-Q1-2026-00024,True,False,EVREF-CSE-CHARLIE-CASE-Q1-2026-00024-01,False,CSE-CHARLIE-CASE-Q1-2026-00024-INV-01,False
2026-01-05T14:18:01Z,Escalation Decision Documented,ANALYST-011,CSE-CHARLIE-CASE-Q1-2026-00024,False,True,,False,CSE-CHARLIE-CASE-Q1-2026-00024-INV-02,False
2026-01-05T16:33:38Z,Evidence Examined,ANALYST-010,CSE-CHARLIE-CASE-Q1-2026-00024,True,True,EVREF-CSE-CHARLIE-CASE-Q1-2026-00024-03,True,CSE-CHARLIE-CASE-Q1-2026-00024-INV-03,False
2026-01-05T18:49:15Z,Log Correlation Performed,ANALYST-009,CSE-CHARLIE-CASE-Q1-2026-00024,True,False,EVREF-CSE-CHARLIE-CASE-Q1-2026-00024-04,True,CSE-CHARLIE-CASE-Q1-2026-00024-INV-04,False
2026-01-05T21:04:52Z,Affected Asset Identified,ANALYST-018,CSE-CHARLIE-CASE-Q1-2026-00024,False,False,,True,CSE-CHARLIE-CASE-Q1-2026-00024-INV-05,False
2026-01-05T23:20:29Z,Containment Action Taken,ANALYST-006,CSE-CHARLIE-CASE-Q1-2026-00024,False,False,EVREF-CSE-CHARLIE-CASE-Q1-2026-00024-06,True,CSE-CHARLIE-CASE-Q1-2026-00024-INV-06,False
2026-01-06T01:36:06Z,Root Cause Analysis,ANALYST-001,CSE-CHARLIE-CASE-Q1-2026-00024,True,True,EVREF-CSE-CHARLIE-CASE-Q1-2026-00024-07,True,CSE-CHARLIE-CASE-Q1-2026-00024-INV-07,False
2026-01-06T03:51:43Z,Remediation Recorded,ANALYST-015,CSE-CHARLIE-CASE-Q1-2026-00024,False,False,EVREF-CSE-CHARLIE-CASE-Q1-2026-00024-08,True,CSE-CHARLIE-CASE-Q1-2026-00024-INV-08,False
2026-02-06T17:45:03Z,Disposition Documented,ANALYST-007,CSE-CHARLIE-CASE-Q1-2026-00025,True,True,EVREF-CSE-CHARLIE-CASE-Q1-2026-00025-01,False,CSE-CHARLIE-CASE-Q1-2026-00025-INV-01,False
2026-02-07T07:48:58Z,Root Cause Analysis,ANALYST-013,CSE-CHARLIE-CASE-Q1-2026-00025,False,False,EVREF-CSE-CHARLIE-CASE-Q1-2026-00025-02,True,CSE-CHARLIE-CASE-Q1-2026-00025-INV-02,False
2026-02-07T21:52:54Z,Alert Reviewed,ANALYST-008,CSE-CHARLIE-CASE-Q1-2026-00025,False,False,EVREF-CSE-CHARLIE-CASE-Q1-2026-00025-03,True,CSE-CHARLIE-CASE-Q1-2026-00025-INV-03,False
2026-02-08T11:56:50Z,Affected Asset Identified,ANALYST-015,CSE-CHARLIE-CASE-Q1-2026-00025,False,False,EVREF-CSE-CHARLIE-CASE-Q1-2026-00025-04,True,CSE-CHARLIE-CASE-Q1-2026-00025-INV-04,False
2026-02-09T02:00:45Z,Remediation Recorded,ANALYST-011,CSE-CHARLIE-CASE-Q1-2026-00025,False,False,EVREF-CSE-CHARLIE-CASE-Q1-2026-00025-05,False,CSE-CHARLIE-CASE-Q1-2026-00025-INV-05,True
2026-01-11T21:11:02Z,Disposition Documented,ANALYST-008,CSE-CHARLIE-CASE-Q1-2026-00026,True,False,,False,CSE-CHARLIE-CASE-Q1-2026-00026-INV-01,False
2026-01-12T07:29:47Z,Containment Action Taken,ANALYST-017,CSE-CHARLIE-CASE-Q1-2026-00026,False,False,EVREF-CSE-CHARLIE-CASE-Q1-2026-00026-02,False,CSE-CHARLIE-CASE-Q1-2026-00026-INV-02,False
2026-01-12T17:48:32Z,Alert Reviewed,ANALYST-002,CSE-CHARLIE-CASE-Q1-2026-00026,False,False,,True,CSE-CHARLIE-CASE-Q1-2026-00026-INV-03,False
2026-01-13T04:07:17Z,Evidence Examined,ANALYST-008,CSE-CHARLIE-CASE-Q1-2026-00026,False,False,EVREF-CSE-CHARLIE-CASE-Q1-2026-00026-04,False,CSE-CHARLIE-CASE-Q1-2026-00026-INV-04,False
2026-01-13T14:26:02Z,Log Correlation Performed,ANALYST-001,CSE-CHARLIE-CASE-Q1-2026-00026,False,True,EVREF-CSE-CHARLIE-CASE-Q1-2026-00026-05,True,CSE-CHARLIE-CASE-Q1-2026-00026-INV-05,False
2026-01-14T00:44:47Z,Affected Asset Identified,ANALYST-013,CSE-CHARLIE-CASE-Q1-2026-00026,False,False,EVREF-CSE-CHARLIE-CASE-Q1-2026-00026-06,True,CSE-CHARLIE-CASE-Q1-2026-00026-INV-06,False
2026-01-11T05:54:15Z,Disposition Documented,ANALYST-006,CSE-CHARLIE-CASE-Q1-2026-00027,True,True,EVREF-CSE-CHARLIE-CASE-Q1-2026-00027-01,True,CSE-CHARLIE-CASE-Q1-2026-00027-INV-01,False
2026-01-24T15:29:33Z,Root Cause Analysis,ANALYST-006,CSE-CHARLIE-CASE-Q1-2026-00028,False,True,,False,CSE-CHARLIE-CASE-Q1-2026-00028-INV-01,False
2026-01-24T22:54:37Z,Evidence Examined,ANALYST-017,CSE-CHARLIE-CASE-Q1-2026-00028,False,False,EVREF-CSE-CHARLIE-CASE-Q1-2026-00028-02,False,CSE-CHARLIE-CASE-Q1-2026-00028-INV-02,False
2026-01-25T06:19:41Z,Containment Action Taken,ANALYST-017,CSE-CHARLIE-CASE-Q1-2026-00028,False,False,EVREF-CSE-CHARLIE-CASE-Q1-2026-00028-03,False,CSE-CHARLIE-CASE-Q1-2026-00028-INV-03,False
2026-01-25T13:44:45Z,Finding Documented,ANALYST-007,CSE-CHARLIE-CASE-Q1-2026-00028,False,True,EVREF-CSE-CHARLIE-CASE-Q1-2026-00028-04,True,CSE-CHARLIE-CASE-Q1-2026-00028-INV-04,False
2026-01-25T21:09:48Z,Alert Reviewed,ANALYST-004,CSE-CHARLIE-CASE-Q1-2026-00028,False,False,,False,CSE-CHARLIE-CASE-Q1-2026-00028-INV-05,False
2026-01-26T04:34:52Z,Log Correlation Performed,ANALYST-018,CSE-CHARLIE-CASE-Q1-2026-00028,True,False,,True,CSE-CHARLIE-CASE-Q1-2026-00028-INV-06,False
2026-01-26T11:59:56Z,Affected Asset Identified,ANALYST-006,CSE-CHARLIE-CASE-Q1-2026-00028,False,False,,False,CSE-CHARLIE-CASE-Q1-2026-00028-INV-07,False
2026-02-05T04:28:29Z,Containment Action Taken,ANALYST-017,CSE-CHARLIE-CASE-Q1-2026-00029,False,True,EVREF-CSE-CHARLIE-CASE-Q1-2026-00029-01,False,CSE-CHARLIE-CASE-Q1-2026-00029-INV-01,False
2026-02-05T08:49:26Z,Log Correlation Performed,ANALYST-004,CSE-CHARLIE-CASE-Q1-2026-00029,False,False,EVREF-CSE-CHARLIE-CASE-Q1-2026-00029-02,False,CSE-CHARLIE-CASE-Q1-2026-00029-INV-02,False
2026-02-05T13:10:22Z,Remediation Recorded,ANALYST-013,CSE-CHARLIE-CASE-Q1-2026-00029,False,True,,True,CSE-CHARLIE-CASE-Q1-2026-00029-INV-03,True
2026-02-05T17:31:19Z,Disposition Documented,ANALYST-011,CSE-CHARLIE-CASE-Q1-2026-00029,True,False,EVREF-CSE-CHARLIE-CASE-Q1-2026-00029-04,False,CSE-CHARLIE-CASE-Q1-2026-00029-INV-04,False
2026-02-05T21:52:15Z,Escalation Decision Documented,ANALYST-016,CSE-CHARLIE-CASE-Q1-2026-00029,False,True,EVREF-CSE-CHARLIE-CASE-Q1-2026-00029-05,True,CSE-CHARLIE-CASE-Q1-2026-00029-INV-05,False
2026-03-01T14:39:09Z,Disposition Documented,ANALYST-017,CSE-CHARLIE-CASE-Q1-2026-00030,True,True,EVREF-CSE-CHARLIE-CASE-Q1-2026-00030-01,True,CSE-CHARLIE-CASE-Q1-2026-00030-INV-01,False
2026-03-02T01:51:54Z,Alert Reviewed,ANALYST-017,CSE-CHARLIE-CASE-Q1-2026-00030,False,False,EVREF-CSE-CHARLIE-CASE-Q1-2026-00030-02,True,CSE-CHARLIE-CASE-Q1-2026-00030-INV-02,False
2026-03-02T13:04:38Z,Affected Asset Identified,ANALYST-006,CSE-CHARLIE-CASE-Q1-2026-00030,False,True,EVREF-CSE-CHARLIE-CASE-Q1-2026-00030-03,False,CSE-CHARLIE-CASE-Q1-2026-00030-INV-03,False
2026-03-03T00:17:22Z,Escalation Decision Documented,ANALYST-010,CSE-CHARLIE-CASE-Q1-2026-00030,True,True,EVREF-CSE-CHARLIE-CASE-Q1-2026-00030-04,True,CSE-CHARLIE-CASE-Q1-2026-00030-INV-04,False
2026-03-03T11:30:07Z,Root Cause Analysis,ANALYST-016,CSE-CHARLIE-CASE-Q1-2026-00030,False,False,EVREF-CSE-CHARLIE-CASE-Q1-2026-00030-05,False,CSE-CHARLIE-CASE-Q1-2026-00030-INV-05,False
2026-03-03T22:42:51Z,Evidence Examined,ANALYST-006,CSE-CHARLIE-CASE-Q1-2026-00030,False,True,EVREF-CSE-CHARLIE-CASE-Q1-2026-00030-06,True,CSE-CHARLIE-CASE-Q1-2026-00030-INV-06,False
2026-03-04T09:55:36Z,Finding Documented,ANALYST-006,CSE-CHARLIE-CASE-Q1-2026-00030,True,False,EVREF-CSE-CHARLIE-CASE-Q1-2026-00030-07,True,CSE-CHARLIE-CASE-Q1-2026-00030-INV-07,False
2026-03-14T09:22:04Z,Alert Reviewed,ANALYST-013,CSE-CHARLIE-CASE-Q1-2026-00031,False,True,EVREF-CSE-CHARLIE-CASE-Q1-2026-00031-01,False,CSE-CHARLIE-CASE-Q1-2026-00031-INV-01,False
2026-03-14T14:23:54Z,Disposition Documented,ANALYST-016,CSE-CHARLIE-CASE-Q1-2026-00031,True,False,EVREF-CSE-CHARLIE-CASE-Q1-2026-00031-02,False,CSE-CHARLIE-CASE-Q1-2026-00031-INV-02,False
2026-03-14T19:25:45Z,Evidence Examined,ANALYST-007,CSE-CHARLIE-CASE-Q1-2026-00031,True,True,EVREF-CSE-CHARLIE-CASE-Q1-2026-00031-03,True,CSE-CHARLIE-CASE-Q1-2026-00031-INV-03,False
2026-03-15T00:27:35Z,Containment Action Taken,ANALYST-008,CSE-CHARLIE-CASE-Q1-2026-00031,False,False,EVREF-CSE-CHARLIE-CASE-Q1-2026-00031-04,False,CSE-CHARLIE-CASE-Q1-2026-00031-INV-04,False
2026-03-15T05:29:25Z,Log Correlation Performed,ANALYST-017,CSE-CHARLIE-CASE-Q1-2026-00031,True,True,,True,CSE-CHARLIE-CASE-Q1-2026-00031-INV-05,False
2026-03-15T10:31:15Z,Root Cause Analysis,ANALYST-007,CSE-CHARLIE-CASE-Q1-2026-00031,False,False,EVREF-CSE-CHARLIE-CASE-Q1-2026-00031-06,False,CSE-CHARLIE-CASE-Q1-2026-00031-INV-06,False
2026-03-15T15:33:06Z,Escalation Decision Documented,ANALYST-015,CSE-CHARLIE-CASE-Q1-2026-00031,False,True,EVREF-CSE-CHARLIE-CASE-Q1-2026-00031-07,False,CSE-CHARLIE-CASE-Q1-2026-00031-INV-07,False
2026-01-18T16:16:20Z,Containment Action Taken,ANALYST-007,CSE-CHARLIE-CASE-Q1-2026-00032,False,False,EVREF-CSE-CHARLIE-CASE-Q1-2026-00032-01,True,CSE-CHARLIE-CASE-Q1-2026-00032-INV-01,False
2026-01-18T18:33:11Z,Alert Reviewed,ANALYST-008,CSE-CHARLIE-CASE-Q1-2026-00032,False,True,EVREF-CSE-CHARLIE-CASE-Q1-2026-00032-02,False,CSE-CHARLIE-CASE-Q1-2026-00032-INV-02,False
2026-01-18T20:50:02Z,Affected Asset Identified,ANALYST-012,CSE-CHARLIE-CASE-Q1-2026-00032,False,False,EVREF-CSE-CHARLIE-CASE-Q1-2026-00032-03,False,CSE-CHARLIE-CASE-Q1-2026-00032-INV-03,False
2026-01-18T23:06:52Z,Log Correlation Performed,ANALYST-003,CSE-CHARLIE-CASE-Q1-2026-00032,False,False,EVREF-CSE-CHARLIE-CASE-Q1-2026-00032-04,True,CSE-CHARLIE-CASE-Q1-2026-00032-INV-04,False
2026-01-19T01:23:43Z,Escalation Decision Documented,ANALYST-004,CSE-CHARLIE-CASE-Q1-2026-00032,True,True,EVREF-CSE-CHARLIE-CASE-Q1-2026-00032-05,False,CSE-CHARLIE-CASE-Q1-2026-00032-INV-05,False
2026-03-06T21:06:00Z,Log Correlation Performed,ANALYST-001,CSE-CHARLIE-CASE-Q1-2026-00033,True,False,,False,CSE-CHARLIE-CASE-Q1-2026-00033-INV-01,False
2026-03-06T23:15:54Z,Escalation Decision Documented,ANALYST-009,CSE-CHARLIE-CASE-Q1-2026-00033,False,True,,False,CSE-CHARLIE-CASE-Q1-2026-00033-INV-02,False
2026-03-07T01:25:49Z,Disposition Documented,ANALYST-017,CSE-CHARLIE-CASE-Q1-2026-00033,True,False,EVREF-CSE-CHARLIE-CASE-Q1-2026-00033-03,True,CSE-CHARLIE-CASE-Q1-2026-00033-INV-03,False
2026-03-07T03:35:43Z,Affected Asset Identified,ANALYST-015,CSE-CHARLIE-CASE-Q1-2026-00033,False,False,EVREF-CSE-CHARLIE-CASE-Q1-2026-00033-04,True,CSE-CHARLIE-CASE-Q1-2026-00033-INV-04,False
2026-03-07T05:45:37Z,Alert Reviewed,ANALYST-007,CSE-CHARLIE-CASE-Q1-2026-00033,False,False,EVREF-CSE-CHARLIE-CASE-Q1-2026-00033-05,False,CSE-CHARLIE-CASE-Q1-2026-00033-INV-05,False
2026-03-07T07:55:31Z,Containment Action Taken,ANALYST-002,CSE-CHARLIE-CASE-Q1-2026-00033,False,True,EVREF-CSE-CHARLIE-CASE-Q1-2026-00033-06,False,CSE-CHARLIE-CASE-Q1-2026-00033-INV-06,False
2026-03-07T10:05:26Z,Root Cause Analysis,ANALYST-015,CSE-CHARLIE-CASE-Q1-2026-00033,False,False,EVREF-CSE-CHARLIE-CASE-Q1-2026-00033-07,True,CSE-CHARLIE-CASE-Q1-2026-00033-INV-07,False
2026-03-28T09:35:37Z,Containment Action Taken,ANALYST-006,CSE-CHARLIE-CASE-Q1-2026-00034,False,True,EVREF-CSE-CHARLIE-CASE-Q1-2026-00034-01,True,CSE-CHARLIE-CASE-Q1-2026-00034-INV-01,False
2026-03-28T17:04:48Z,Log Correlation Performed,ANALYST-015,CSE-CHARLIE-CASE-Q1-2026-00034,False,False,EVREF-CSE-CHARLIE-CASE-Q1-2026-00034-02,True,CSE-CHARLIE-CASE-Q1-2026-00034-INV-02,False
2026-03-29T00:33:58Z,Alert Reviewed,ANALYST-005,CSE-CHARLIE-CASE-Q1-2026-00034,False,False,EVREF-CSE-CHARLIE-CASE-Q1-2026-00034-03,False,CSE-CHARLIE-CASE-Q1-2026-00034-INV-03,False
2026-03-29T08:03:09Z,Remediation Recorded,ANALYST-011,CSE-CHARLIE-CASE-Q1-2026-00034,True,False,EVREF-CSE-CHARLIE-CASE-Q1-2026-00034-04,True,CSE-CHARLIE-CASE-Q1-2026-00034-INV-04,False
2026-03-29T15:32:20Z,Escalation Decision Documented,ANALYST-014,CSE-CHARLIE-CASE-Q1-2026-00034,True,True,EVREF-CSE-CHARLIE-CASE-Q1-2026-00034-05,False,CSE-CHARLIE-CASE-Q1-2026-00034-INV-05,False
2026-02-03T07:47:04Z,Disposition Documented,ANALYST-018,CSE-CHARLIE-CASE-Q1-2026-00035,True,False,,True,CSE-CHARLIE-CASE-Q1-2026-00035-INV-01,False
2026-02-03T12:14:11Z,Evidence Examined,ANALYST-010,CSE-CHARLIE-CASE-Q1-2026-00035,False,False,,False,CSE-CHARLIE-CASE-Q1-2026-00035-INV-02,False
2026-02-03T16:41:19Z,Affected Asset Identified,ANALYST-009,CSE-CHARLIE-CASE-Q1-2026-00035,False,False,EVREF-CSE-CHARLIE-CASE-Q1-2026-00035-03,True,CSE-CHARLIE-CASE-Q1-2026-00035-INV-03,False
2026-02-03T21:08:26Z,Escalation Decision Documented,ANALYST-015,CSE-CHARLIE-CASE-Q1-2026-00035,False,True,EVREF-CSE-CHARLIE-CASE-Q1-2026-00035-04,True,CSE-CHARLIE-CASE-Q1-2026-00035-INV-04,False
2026-02-04T01:35:33Z,Remediation Recorded,ANALYST-017,CSE-CHARLIE-CASE-Q1-2026-00035,True,False,EVREF-CSE-CHARLIE-CASE-Q1-2026-00035-05,True,CSE-CHARLIE-CASE-Q1-2026-00035-INV-05,True
2026-03-12T12:18:56Z,Alert Reviewed,ANALYST-015,CSE-CHARLIE-CASE-Q1-2026-00036,False,False,EVREF-CSE-CHARLIE-CASE-Q1-2026-00036-01,False,CSE-CHARLIE-CASE-Q1-2026-00036-INV-01,False
2026-03-12T19:48:39Z,Finding Documented,ANALYST-013,CSE-CHARLIE-CASE-Q1-2026-00036,False,False,EVREF-CSE-CHARLIE-CASE-Q1-2026-00036-02,True,CSE-CHARLIE-CASE-Q1-2026-00036-INV-02,False
2026-03-13T03:18:23Z,Log Correlation Performed,ANALYST-005,CSE-CHARLIE-CASE-Q1-2026-00036,False,False,EVREF-CSE-CHARLIE-CASE-Q1-2026-00036-03,False,CSE-CHARLIE-CASE-Q1-2026-00036-INV-03,False
2026-03-13T10:48:07Z,Evidence Examined,ANALYST-016,CSE-CHARLIE-CASE-Q1-2026-00036,False,False,EVREF-CSE-CHARLIE-CASE-Q1-2026-00036-04,True,CSE-CHARLIE-CASE-Q1-2026-00036-INV-04,False
2026-03-13T18:17:51Z,Affected Asset Identified,ANALYST-005,CSE-CHARLIE-CASE-Q1-2026-00036,False,False,EVREF-CSE-CHARLIE-CASE-Q1-2026-00036-05,False,CSE-CHARLIE-CASE-Q1-2026-00036-INV-05,False
2026-03-14T01:47:34Z,Escalation Decision Documented,ANALYST-017,CSE-CHARLIE-CASE-Q1-2026-00036,True,True,EVREF-CSE-CHARLIE-CASE-Q1-2026-00036-06,False,CSE-CHARLIE-CASE-Q1-2026-00036-INV-06,False
2026-03-14T09:17:18Z,Disposition Documented,ANALYST-012,CSE-CHARLIE-CASE-Q1-2026-00036,True,True,EVREF-CSE-CHARLIE-CASE-Q1-2026-00036-07,True,CSE-CHARLIE-CASE-Q1-2026-00036-INV-07,False
2026-01-24T17:44:41Z,Log Correlation Performed,ANALYST-004,CSE-CHARLIE-CASE-Q1-2026-00037,False,False,EVREF-CSE-CHARLIE-CASE-Q1-2026-00037-01,False,CSE-CHARLIE-CASE-Q1-2026-00037-INV-01,False
2026-01-24T22:22:10Z,Remediation Recorded,ANALYST-008,CSE-CHARLIE-CASE-Q1-2026-00037,True,False,,False,CSE-CHARLIE-CASE-Q1-2026-00037-INV-02,False
2026-01-25T02:59:39Z,Root Cause Analysis,ANALYST-006,CSE-CHARLIE-CASE-Q1-2026-00037,False,False,EVREF-CSE-CHARLIE-CASE-Q1-2026-00037-03,False,CSE-CHARLIE-CASE-Q1-2026-00037-INV-03,False
2026-01-25T07:37:08Z,Finding Documented,ANALYST-013,CSE-CHARLIE-CASE-Q1-2026-00037,True,False,EVREF-CSE-CHARLIE-CASE-Q1-2026-00037-04,True,CSE-CHARLIE-CASE-Q1-2026-00037-INV-04,False
2026-01-25T12:14:37Z,Escalation Decision Documented,ANALYST-005,CSE-CHARLIE-CASE-Q1-2026-00037,False,True,EVREF-CSE-CHARLIE-CASE-Q1-2026-00037-05,True,CSE-CHARLIE-CASE-Q1-2026-00037-INV-05,False
2026-02-12T23:31:49Z,Finding Documented,ANALYST-006,CSE-CHARLIE-CASE-Q1-2026-00038,False,True,EVREF-CSE-CHARLIE-CASE-Q1-2026-00038-01,True,CSE-CHARLIE-CASE-Q1-2026-00038-INV-01,False
2026-02-13T04:01:02Z,Escalation Decision Documented,ANALYST-002,CSE-CHARLIE-CASE-Q1-2026-00038,True,True,EVREF-CSE-CHARLIE-CASE-Q1-2026-00038-02,True,CSE-CHARLIE-CASE-Q1-2026-00038-INV-02,False
2026-02-13T08:30:14Z,Containment Action Taken,ANALYST-015,CSE-CHARLIE-CASE-Q1-2026-00038,False,False,,False,CSE-CHARLIE-CASE-Q1-2026-00038-INV-03,False
2026-02-13T12:59:27Z,Remediation Recorded,ANALYST-013,CSE-CHARLIE-CASE-Q1-2026-00038,True,True,EVREF-CSE-CHARLIE-CASE-Q1-2026-00038-04,True,CSE-CHARLIE-CASE-Q1-2026-00038-INV-04,True
2026-02-13T17:28:40Z,Disposition Documented,ANALYST-016,CSE-CHARLIE-CASE-Q1-2026-00038,True,True,EVREF-CSE-CHARLIE-CASE-Q1-2026-00038-05,True,CSE-CHARLIE-CASE-Q1-2026-00038-INV-05,False
2026-02-13T21:57:53Z,Root Cause Analysis,ANALYST-011,CSE-CHARLIE-CASE-Q1-2026-00038,True,True,EVREF-CSE-CHARLIE-CASE-Q1-2026-00038-06,True,CSE-CHARLIE-CASE-Q1-2026-00038-INV-06,False
2026-03-07T22:34:12Z,Remediation Recorded,ANALYST-015,CSE-CHARLIE-CASE-Q1-2026-00039,True,False,,False,CSE-CHARLIE-CASE-Q1-2026-00039-INV-01,True
2026-03-08T04:36:02Z,Log Correlation Performed,ANALYST-002,CSE-CHARLIE-CASE-Q1-2026-00039,True,False,EVREF-CSE-CHARLIE-CASE-Q1-2026-00039-02,False,CSE-CHARLIE-CASE-Q1-2026-00039-INV-02,False
2026-03-08T10:37:51Z,Evidence Examined,ANALYST-009,CSE-CHARLIE-CASE-Q1-2026-00039,False,False,EVREF-CSE-CHARLIE-CASE-Q1-2026-00039-03,False,CSE-CHARLIE-CASE-Q1-2026-00039-INV-03,False
2026-03-08T16:39:40Z,Disposition Documented,ANALYST-005,CSE-CHARLIE-CASE-Q1-2026-00039,True,False,,True,CSE-CHARLIE-CASE-Q1-2026-00039-INV-04,False
2026-03-08T22:41:29Z,Affected Asset Identified,ANALYST-011,CSE-CHARLIE-CASE-Q1-2026-00039,False,False,,True,CSE-CHARLIE-CASE-Q1-2026-00039-INV-05,False
2026-03-09T04:43:18Z,Containment Action Taken,ANALYST-001,CSE-CHARLIE-CASE-Q1-2026-00039,False,False,,False,CSE-CHARLIE-CASE-Q1-2026-00039-INV-06,False
2026-03-09T10:45:07Z,Alert Reviewed,ANALYST-001,CSE-CHARLIE-CASE-Q1-2026-00039,False,False,EVREF-CSE-CHARLIE-CASE-Q1-2026-00039-07,False,CSE-CHARLIE-CASE-Q1-2026-00039-INV-07,False
2026-01-19T13:04:49Z,Escalation Decision Documented,ANALYST-003,CSE-CHARLIE-CASE-Q1-2026-00040,False,True,EVREF-CSE-CHARLIE-CASE-Q1-2026-00040-01,False,CSE-CHARLIE-CASE-Q1-2026-00040-INV-01,False
2026-01-19T20:35:27Z,Alert Reviewed,ANALYST-002,CSE-CHARLIE-CASE-Q1-2026-00040,False,False,EVREF-CSE-CHARLIE-CASE-Q1-2026-00040-02,False,CSE-CHARLIE-CASE-Q1-2026-00040-INV-02,False
2026-01-20T04:06:05Z,Containment Action Taken,ANALYST-003,CSE-CHARLIE-CASE-Q1-2026-00040,True,False,,True,CSE-CHARLIE-CASE-Q1-2026-00040-INV-03,False
2026-01-20T11:36:43Z,Log Correlation Performed,ANALYST-015,CSE-CHARLIE-CASE-Q1-2026-00040,True,False,EVREF-CSE-CHARLIE-CASE-Q1-2026-00040-04,True,CSE-CHARLIE-CASE-Q1-2026-00040-INV-04,False
2026-01-20T19:07:21Z,Remediation Recorded,ANALYST-012,CSE-CHARLIE-CASE-Q1-2026-00040,False,False,EVREF-CSE-CHARLIE-CASE-Q1-2026-00040-05,False,CSE-CHARLIE-CASE-Q1-2026-00040-INV-05,False
2026-01-14T23:25:34Z,Containment Action Taken,ANALYST-014,CSE-CHARLIE-CASE-Q1-2026-00041,True,False,,False,CSE-CHARLIE-CASE-Q1-2026-00041-INV-01,False
2026-01-15T05:45:04Z,Evidence Examined,ANALYST-005,CSE-CHARLIE-CASE-Q1-2026-00041,True,False,EVREF-CSE-CHARLIE-CASE-Q1-2026-00041-02,False,CSE-CHARLIE-CASE-Q1-2026-00041-INV-02,False
2026-01-15T12:04:34Z,Affected Asset Identified,ANALYST-018,CSE-CHARLIE-CASE-Q1-2026-00041,False,False,EVREF-CSE-CHARLIE-CASE-Q1-2026-00041-03,True,CSE-CHARLIE-CASE-Q1-2026-00041-INV-03,False
2026-01-15T18:24:05Z,Escalation Decision Documented,ANALYST-007,CSE-CHARLIE-CASE-Q1-2026-00041,False,True,EVREF-CSE-CHARLIE-CASE-Q1-2026-00041-04,True,CSE-CHARLIE-CASE-Q1-2026-00041-INV-04,False
2026-01-16T00:43:35Z,Remediation Recorded,ANALYST-003,CSE-CHARLIE-CASE-Q1-2026-00041,False,False,,False,CSE-CHARLIE-CASE-Q1-2026-00041-INV-05,True
2026-01-16T07:03:05Z,Alert Reviewed,ANALYST-003,CSE-CHARLIE-CASE-Q1-2026-00041,False,False,EVREF-CSE-CHARLIE-CASE-Q1-2026-00041-06,False,CSE-CHARLIE-CASE-Q1-2026-00041-INV-06,False
2026-01-16T13:22:36Z,Finding Documented,ANALYST-014,CSE-CHARLIE-CASE-Q1-2026-00041,True,False,EVREF-CSE-CHARLIE-CASE-Q1-2026-00041-07,True,CSE-CHARLIE-CASE-Q1-2026-00041-INV-07,False
2026-01-23T01:52:57Z,Disposition Documented,ANALYST-008,CSE-CHARLIE-CASE-Q1-2026-00042,True,False,EVREF-CSE-CHARLIE-CASE-Q1-2026-00042-01,True,CSE-CHARLIE-CASE-Q1-2026-00042-INV-01,False
2026-01-23T07:06:41Z,Affected Asset Identified,ANALYST-011,CSE-CHARLIE-CASE-Q1-2026-00042,True,False,EVREF-CSE-CHARLIE-CASE-Q1-2026-00042-02,True,CSE-CHARLIE-CASE-Q1-2026-00042-INV-02,False
2026-01-23T12:20:24Z,Root Cause Analysis,ANALYST-010,CSE-CHARLIE-CASE-Q1-2026-00042,False,True,,False,CSE-CHARLIE-CASE-Q1-2026-00042-INV-03,False
2026-01-23T17:34:08Z,Evidence Examined,ANALYST-018,CSE-CHARLIE-CASE-Q1-2026-00042,True,False,EVREF-CSE-CHARLIE-CASE-Q1-2026-00042-04,False,CSE-CHARLIE-CASE-Q1-2026-00042-INV-04,False
2026-01-23T22:47:51Z,Alert Reviewed,ANALYST-008,CSE-CHARLIE-CASE-Q1-2026-00042,False,False,,True,CSE-CHARLIE-CASE-Q1-2026-00042-INV-05,False
2026-01-24T04:01:34Z,Containment Action Taken,ANALYST-014,CSE-CHARLIE-CASE-Q1-2026-00042,False,False,EVREF-CSE-CHARLIE-CASE-Q1-2026-00042-06,False,CSE-CHARLIE-CASE-Q1-2026-00042-INV-06,False
2026-03-19T00:44:26Z,Alert Reviewed,ANALYST-009,CSE-CHARLIE-CASE-Q1-2026-00043,False,True,,False,CSE-CHARLIE-CASE-Q1-2026-00043-INV-01,False
2026-03-19T07:01:50Z,Affected Asset Identified,ANALYST-002,CSE-CHARLIE-CASE-Q1-2026-00043,True,False,EVREF-CSE-CHARLIE-CASE-Q1-2026-00043-02,False,CSE-CHARLIE-CASE-Q1-2026-00043-INV-02,False
2026-03-19T13:19:13Z,Evidence Examined,ANALYST-001,CSE-CHARLIE-CASE-Q1-2026-00043,False,True,EVREF-CSE-CHARLIE-CASE-Q1-2026-00043-03,False,CSE-CHARLIE-CASE-Q1-2026-00043-INV-03,False
2026-03-19T19:36:37Z,Finding Documented,ANALYST-004,CSE-CHARLIE-CASE-Q1-2026-00043,True,False,EVREF-CSE-CHARLIE-CASE-Q1-2026-00043-04,True,CSE-CHARLIE-CASE-Q1-2026-00043-INV-04,False
2026-03-20T01:54:00Z,Root Cause Analysis,ANALYST-016,CSE-CHARLIE-CASE-Q1-2026-00043,True,False,,False,CSE-CHARLIE-CASE-Q1-2026-00043-INV-05,False
2026-03-20T08:11:23Z,Escalation Decision Documented,ANALYST-015,CSE-CHARLIE-CASE-Q1-2026-00043,True,True,,False,CSE-CHARLIE-CASE-Q1-2026-00043-INV-06,False
2026-03-20T14:28:47Z,Remediation Recorded,ANALYST-004,CSE-CHARLIE-CASE-Q1-2026-00043,True,False,EVREF-CSE-CHARLIE-CASE-Q1-2026-00043-07,False,CSE-CHARLIE-CASE-Q1-2026-00043-INV-07,False
2026-03-15T23:59:50Z,Remediation Recorded,ANALYST-001,CSE-CHARLIE-CASE-Q1-2026-00044,True,False,EVREF-CSE-CHARLIE-CASE-Q1-2026-00044-01,False,CSE-CHARLIE-CASE-Q1-2026-00044-INV-01,True
2026-03-16T09:14:50Z,Affected Asset Identified,ANALYST-013,CSE-CHARLIE-CASE-Q1-2026-00044,True,False,EVREF-CSE-CHARLIE-CASE-Q1-2026-00044-02,True,CSE-CHARLIE-CASE-Q1-2026-00044-INV-02,False
2026-03-16T18:29:51Z,Alert Reviewed,ANALYST-005,CSE-CHARLIE-CASE-Q1-2026-00044,False,False,EVREF-CSE-CHARLIE-CASE-Q1-2026-00044-03,False,CSE-CHARLIE-CASE-Q1-2026-00044-INV-03,False
2026-03-17T03:44:51Z,Disposition Documented,ANALYST-009,CSE-CHARLIE-CASE-Q1-2026-00044,True,False,EVREF-CSE-CHARLIE-CASE-Q1-2026-00044-04,False,CSE-CHARLIE-CASE-Q1-2026-00044-INV-04,False
2026-03-17T12:59:51Z,Root Cause Analysis,ANALYST-001,CSE-CHARLIE-CASE-Q1-2026-00044,False,False,EVREF-CSE-CHARLIE-CASE-Q1-2026-00044-05,False,CSE-CHARLIE-CASE-Q1-2026-00044-INV-05,False
2026-03-17T22:14:52Z,Log Correlation Performed,ANALYST-007,CSE-CHARLIE-CASE-Q1-2026-00044,False,True,,False,CSE-CHARLIE-CASE-Q1-2026-00044-INV-06,False
2026-03-18T07:29:52Z,Escalation Decision Documented,ANALYST-014,CSE-CHARLIE-CASE-Q1-2026-00044,False,True,EVREF-CSE-CHARLIE-CASE-Q1-2026-00044-07,False,CSE-CHARLIE-CASE-Q1-2026-00044-INV-07,False
2026-03-07T06:34:59Z,Root Cause Analysis,ANALYST-004,CSE-CHARLIE-CASE-Q1-2026-00045,False,False,EVREF-CSE-CHARLIE-CASE-Q1-2026-00045-01,False,CSE-CHARLIE-CASE-Q1-2026-00045-INV-01,False
2026-02-12T00:15:38Z,Containment Action Taken,ANALYST-017,CSE-CHARLIE-CASE-Q1-2026-00046,False,False,EVREF-CSE-CHARLIE-CASE-Q1-2026-00046-01,False,CSE-CHARLIE-CASE-Q1-2026-00046-INV-01,False
2026-02-12T08:12:15Z,Affected Asset Identified,ANALYST-004,CSE-CHARLIE-CASE-Q1-2026-00046,True,False,EVREF-CSE-CHARLIE-CASE-Q1-2026-00046-02,False,CSE-CHARLIE-CASE-Q1-2026-00046-INV-02,False
2026-02-12T16:08:52Z,Finding Documented,ANALYST-008,CSE-CHARLIE-CASE-Q1-2026-00046,False,True,EVREF-CSE-CHARLIE-CASE-Q1-2026-00046-03,True,CSE-CHARLIE-CASE-Q1-2026-00046-INV-03,False
2026-02-13T00:05:29Z,Disposition Documented,ANALYST-012,CSE-CHARLIE-CASE-Q1-2026-00046,True,False,EVREF-CSE-CHARLIE-CASE-Q1-2026-00046-04,False,CSE-CHARLIE-CASE-Q1-2026-00046-INV-04,False
2026-03-12T12:48:44Z,Evidence Examined,ANALYST-003,CSE-CHARLIE-CASE-Q1-2026-00047,True,True,EVREF-CSE-CHARLIE-CASE-Q1-2026-00047-01,False,CSE-CHARLIE-CASE-Q1-2026-00047-INV-01,False
2026-03-12T16:16:41Z,Root Cause Analysis,ANALYST-004,CSE-CHARLIE-CASE-Q1-2026-00047,False,True,EVREF-CSE-CHARLIE-CASE-Q1-2026-00047-02,False,CSE-CHARLIE-CASE-Q1-2026-00047-INV-02,False
2026-03-12T19:44:38Z,Remediation Recorded,ANALYST-006,CSE-CHARLIE-CASE-Q1-2026-00047,True,False,EVREF-CSE-CHARLIE-CASE-Q1-2026-00047-03,False,CSE-CHARLIE-CASE-Q1-2026-00047-INV-03,True
2026-03-12T23:12:34Z,Affected Asset Identified,ANALYST-015,CSE-CHARLIE-CASE-Q1-2026-00047,False,False,EVREF-CSE-CHARLIE-CASE-Q1-2026-00047-04,False,CSE-CHARLIE-CASE-Q1-2026-00047-INV-04,False
2026-03-13T02:40:31Z,Alert Reviewed,ANALYST-009,CSE-CHARLIE-CASE-Q1-2026-00047,True,False,EVREF-CSE-CHARLIE-CASE-Q1-2026-00047-05,False,CSE-CHARLIE-CASE-Q1-2026-00047-INV-05,False
2026-03-13T06:08:28Z,Containment Action Taken,ANALYST-004,CSE-CHARLIE-CASE-Q1-2026-00047,False,False,EVREF-CSE-CHARLIE-CASE-Q1-2026-00047-06,True,CSE-CHARLIE-CASE-Q1-2026-00047-INV-06,False
2026-03-13T09:36:25Z,Escalation Decision Documented,ANALYST-009,CSE-CHARLIE-CASE-Q1-2026-00047,True,True,,True,CSE-CHARLIE-CASE-Q1-2026-00047-INV-07,False
2026-02-11T00:01:30Z,Log Correlation Performed,ANALYST-003,CSE-CHARLIE-CASE-Q1-2026-00048,True,False,EVREF-CSE-CHARLIE-CASE-Q1-2026-00048-01,False,CSE-CHARLIE-CASE-Q1-2026-00048-INV-01,False
2026-02-11T12:47:54Z,Alert Reviewed,ANALYST-004,CSE-CHARLIE-CASE-Q1-2026-00048,False,True,EVREF-CSE-CHARLIE-CASE-Q1-2026-00048-02,False,CSE-CHARLIE-CASE-Q1-2026-00048-INV-02,False
2026-02-12T01:34:18Z,Affected Asset Identified,ANALYST-015,CSE-CHARLIE-CASE-Q1-2026-00048,False,False,,True,CSE-CHARLIE-CASE-Q1-2026-00048-INV-03,False
2026-02-12T14:20:42Z,Finding Documented,ANALYST-003,CSE-CHARLIE-CASE-Q1-2026-00048,True,False,EVREF-CSE-CHARLIE-CASE-Q1-2026-00048-04,True,CSE-CHARLIE-CASE-Q1-2026-00048-INV-04,False
2026-02-13T03:07:06Z,Containment Action Taken,ANALYST-013,CSE-CHARLIE-CASE-Q1-2026-00048,False,False,,False,CSE-CHARLIE-CASE-Q1-2026-00048-INV-05,False
2026-03-24T14:54:38Z,Remediation Recorded,ANALYST-003,CSE-CHARLIE-CASE-Q1-2026-00049,False,False,EVREF-CSE-CHARLIE-CASE-Q1-2026-00049-01,True,CSE-CHARLIE-CASE-Q1-2026-00049-INV-01,True
2026-03-24T21:27:57Z,Alert Reviewed,ANALYST-008,CSE-CHARLIE-CASE-Q1-2026-00049,True,False,EVREF-CSE-CHARLIE-CASE-Q1-2026-00049-02,False,CSE-CHARLIE-CASE-Q1-2026-00049-INV-02,False
2026-03-25T04:01:16Z,Affected Asset Identified,ANALYST-011,CSE-CHARLIE-CASE-Q1-2026-00049,False,True,EVREF-CSE-CHARLIE-CASE-Q1-2026-00049-03,False,CSE-CHARLIE-CASE-Q1-2026-00049-INV-03,False
2026-03-25T10:34:36Z,Disposition Documented,ANALYST-009,CSE-CHARLIE-CASE-Q1-2026-00049,True,False,EVREF-CSE-CHARLIE-CASE-Q1-2026-00049-04,False,CSE-CHARLIE-CASE-Q1-2026-00049-INV-04,False
2026-03-25T17:07:55Z,Escalation Decision Documented,ANALYST-015,CSE-CHARLIE-CASE-Q1-2026-00049,False,True,EVREF-CSE-CHARLIE-CASE-Q1-2026-00049-05,False,CSE-CHARLIE-CASE-Q1-2026-00049-INV-05,False
2026-03-25T23:41:14Z,Root Cause Analysis,ANALYST-007,CSE-CHARLIE-CASE-Q1-2026-00049,True,False,EVREF-CSE-CHARLIE-CASE-Q1-2026-00049-06,True,CSE-CHARLIE-CASE-Q1-2026-00049-INV-06,False
2026-02-27T09:51:40Z,Alert Reviewed,ANALYST-008,CSE-CHARLIE-CASE-Q1-2026-00050,False,True,EVREF-CSE-CHARLIE-CASE-Q1-2026-00050-01,False,CSE-CHARLIE-CASE-Q1-2026-00050-INV-01,False
2026-02-27T12:15:43Z,Disposition Documented,ANALYST-001,CSE-CHARLIE-CASE-Q1-2026-00050,True,True,,False,CSE-CHARLIE-CASE-Q1-2026-00050-INV-02,False
2026-02-27T14:39:45Z,Root Cause Analysis,ANALYST-013,CSE-CHARLIE-CASE-Q1-2026-00050,True,False,EVREF-CSE-CHARLIE-CASE-Q1-2026-00050-03,False,CSE-CHARLIE-CASE-Q1-2026-00050-INV-03,False
2026-02-27T17:03:48Z,Escalation Decision Documented,ANALYST-011,CSE-CHARLIE-CASE-Q1-2026-00050,False,True,EVREF-CSE-CHARLIE-CASE-Q1-2026-00050-04,False,CSE-CHARLIE-CASE-Q1-2026-00050-INV-04,False
2026-02-27T19:27:50Z,Containment Action Taken,ANALYST-012,CSE-CHARLIE-CASE-Q1-2026-00050,False,False,EVREF-CSE-CHARLIE-CASE-Q1-2026-00050-05,False,CSE-CHARLIE-CASE-Q1-2026-00050-INV-05,False
2026-02-27T21:51:52Z,Finding Documented,ANALYST-018,CSE-CHARLIE-CASE-Q1-2026-00050,True,False,,True,CSE-CHARLIE-CASE-Q1-2026-00050-INV-06,False
2026-03-05T14:40:17Z,Affected Asset Identified,ANALYST-016,CSE-CHARLIE-CASE-Q1-2026-00051,False,False,EVREF-CSE-CHARLIE-CASE-Q1-2026-00051-01,False,CSE-CHARLIE-CASE-Q1-2026-00051-INV-01,False
2026-03-05T23:35:27Z,Evidence Examined,ANALYST-007,CSE-CHARLIE-CASE-Q1-2026-00051,True,False,EVREF-CSE-CHARLIE-CASE-Q1-2026-00051-02,False,CSE-CHARLIE-CASE-Q1-2026-00051-INV-02,False
2026-03-06T08:30:37Z,Escalation Decision Documented,ANALYST-014,CSE-CHARLIE-CASE-Q1-2026-00051,False,True,EVREF-CSE-CHARLIE-CASE-Q1-2026-00051-03,False,CSE-CHARLIE-CASE-Q1-2026-00051-INV-03,False
2026-03-06T17:25:47Z,Containment Action Taken,ANALYST-002,CSE-CHARLIE-CASE-Q1-2026-00051,False,False,EVREF-CSE-CHARLIE-CASE-Q1-2026-00051-04,False,CSE-CHARLIE-CASE-Q1-2026-00051-INV-04,False
2026-03-07T02:20:57Z,Remediation Recorded,ANALYST-017,CSE-CHARLIE-CASE-Q1-2026-00051,True,False,EVREF-CSE-CHARLIE-CASE-Q1-2026-00051-05,True,CSE-CHARLIE-CASE-Q1-2026-00051-INV-05,True
2026-02-10T04:40:22Z,Remediation Recorded,ANALYST-016,CSE-CHARLIE-CASE-Q1-2026-00052,False,False,EVREF-CSE-CHARLIE-CASE-Q1-2026-00052-01,True,CSE-CHARLIE-CASE-Q1-2026-00052-INV-01,True
2026-02-10T11:22:13Z,Escalation Decision Documented,ANALYST-003,CSE-CHARLIE-CASE-Q1-2026-00052,False,True,EVREF-CSE-CHARLIE-CASE-Q1-2026-00052-02,False,CSE-CHARLIE-CASE-Q1-2026-00052-INV-02,False
2026-02-10T18:04:04Z,Log Correlation Performed,ANALYST-006,CSE-CHARLIE-CASE-Q1-2026-00052,True,False,EVREF-CSE-CHARLIE-CASE-Q1-2026-00052-03,True,CSE-CHARLIE-CASE-Q1-2026-00052-INV-03,False
2026-02-11T00:45:55Z,Disposition Documented,ANALYST-002,CSE-CHARLIE-CASE-Q1-2026-00052,True,False,EVREF-CSE-CHARLIE-CASE-Q1-2026-00052-04,True,CSE-CHARLIE-CASE-Q1-2026-00052-INV-04,False
2026-02-11T07:27:46Z,Affected Asset Identified,ANALYST-007,CSE-CHARLIE-CASE-Q1-2026-00052,True,True,EVREF-CSE-CHARLIE-CASE-Q1-2026-00052-05,True,CSE-CHARLIE-CASE-Q1-2026-00052-INV-05,False
2026-02-11T14:09:38Z,Alert Reviewed,ANALYST-006,CSE-CHARLIE-CASE-Q1-2026-00052,False,True,EVREF-CSE-CHARLIE-CASE-Q1-2026-00052-06,False,CSE-CHARLIE-CASE-Q1-2026-00052-INV-06,False
2026-03-31T22:36:59Z,Containment Action Taken,ANALYST-010,CSE-CHARLIE-CASE-Q1-2026-00053,False,True,EVREF-CSE-CHARLIE-CASE-Q1-2026-00053-01,True,CSE-CHARLIE-CASE-Q1-2026-00053-INV-01,False
2026-03-31T22:38:59Z,Root Cause Analysis,ANALYST-014,CSE-CHARLIE-CASE-Q1-2026-00053,False,False,,False,CSE-CHARLIE-CASE-Q1-2026-00053-INV-02,False
2026-03-31T22:40:59Z,Finding Documented,ANALYST-004,CSE-CHARLIE-CASE-Q1-2026-00053,False,False,EVREF-CSE-CHARLIE-CASE-Q1-2026-00053-03,True,CSE-CHARLIE-CASE-Q1-2026-00053-INV-03,False
2026-03-31T22:42:59Z,Disposition Documented,ANALYST-012,CSE-CHARLIE-CASE-Q1-2026-00053,True,False,EVREF-CSE-CHARLIE-CASE-Q1-2026-00053-04,False,CSE-CHARLIE-CASE-Q1-2026-00053-INV-04,False
2026-03-31T22:44:59Z,Evidence Examined,ANALYST-009,CSE-CHARLIE-CASE-Q1-2026-00053,True,True,,True,CSE-CHARLIE-CASE-Q1-2026-00053-INV-05,False
2026-03-11T22:28:54Z,Containment Action Taken,ANALYST-002,CSE-CHARLIE-CASE-Q1-2026-00054,False,False,EVREF-CSE-CHARLIE-CASE-Q1-2026-00054-01,True,CSE-CHARLIE-CASE-Q1-2026-00054-INV-01,False
2026-03-12T03:41:41Z,Finding Documented,ANALYST-008,CSE-CHARLIE-CASE-Q1-2026-00054,True,False,,True,CSE-CHARLIE-CASE-Q1-2026-00054-INV-02,False
2026-03-12T08:54:27Z,Remediation Recorded,ANALYST-004,CSE-CHARLIE-CASE-Q1-2026-00054,True,False,EVREF-CSE-CHARLIE-CASE-Q1-2026-00054-03,False,CSE-CHARLIE-CASE-Q1-2026-00054-INV-03,True
2026-03-12T14:07:14Z,Escalation Decision Documented,ANALYST-005,CSE-CHARLIE-CASE-Q1-2026-00054,False,True,,False,CSE-CHARLIE-CASE-Q1-2026-00054-INV-04,False
2026-03-12T19:20:00Z,Log Correlation Performed,ANALYST-013,CSE-CHARLIE-CASE-Q1-2026-00054,False,False,EVREF-CSE-CHARLIE-CASE-Q1-2026-00054-05,False,CSE-CHARLIE-CASE-Q1-2026-00054-INV-05,False
2026-03-21T09:44:26Z,Affected Asset Identified,ANALYST-010,CSE-CHARLIE-CASE-Q1-2026-00055,False,True,EVREF-CSE-CHARLIE-CASE-Q1-2026-00055-01,False,CSE-CHARLIE-CASE-Q1-2026-00055-INV-01,False
2026-03-21T15:58:01Z,Root Cause Analysis,ANALYST-002,CSE-CHARLIE-CASE-Q1-2026-00055,True,True,,False,CSE-CHARLIE-CASE-Q1-2026-00055-INV-02,False
2026-03-21T22:11:35Z,Remediation Recorded,ANALYST-014,CSE-CHARLIE-CASE-Q1-2026-00055,False,False,EVREF-CSE-CHARLIE-CASE-Q1-2026-00055-03,True,CSE-CHARLIE-CASE-Q1-2026-00055-INV-03,True
2026-03-22T04:25:10Z,Containment Action Taken,ANALYST-010,CSE-CHARLIE-CASE-Q1-2026-00055,False,True,EVREF-CSE-CHARLIE-CASE-Q1-2026-00055-04,True,CSE-CHARLIE-CASE-Q1-2026-00055-INV-04,False
2026-02-04T12:40:06Z,Log Correlation Performed,ANALYST-009,CSE-CHARLIE-CASE-Q1-2026-00056,True,False,EVREF-CSE-CHARLIE-CASE-Q1-2026-00056-01,True,CSE-CHARLIE-CASE-Q1-2026-00056-INV-01,False
2026-02-04T17:39:15Z,Evidence Examined,ANALYST-018,CSE-CHARLIE-CASE-Q1-2026-00056,True,False,,False,CSE-CHARLIE-CASE-Q1-2026-00056-INV-02,False
2026-02-04T22:38:24Z,Root Cause Analysis,ANALYST-004,CSE-CHARLIE-CASE-Q1-2026-00056,False,False,EVREF-CSE-CHARLIE-CASE-Q1-2026-00056-03,False,CSE-CHARLIE-CASE-Q1-2026-00056-INV-03,False
2026-02-05T03:37:33Z,Alert Reviewed,ANALYST-015,CSE-CHARLIE-CASE-Q1-2026-00056,True,True,EVREF-CSE-CHARLIE-CASE-Q1-2026-00056-04,True,CSE-CHARLIE-CASE-Q1-2026-00056-INV-04,False
2026-02-05T08:36:42Z,Containment Action Taken,ANALYST-012,CSE-CHARLIE-CASE-Q1-2026-00056,False,False,EVREF-CSE-CHARLIE-CASE-Q1-2026-00056-05,False,CSE-CHARLIE-CASE-Q1-2026-00056-INV-05,False
2026-02-05T13:35:51Z,Remediation Recorded,ANALYST-012,CSE-CHARLIE-CASE-Q1-2026-00056,False,True,EVREF-CSE-CHARLIE-CASE-Q1-2026-00056-06,False,CSE-CHARLIE-CASE-Q1-2026-00056-INV-06,False
2026-01-16T07:18:44Z,Containment Action Taken,ANALYST-015,CSE-CHARLIE-CASE-Q1-2026-00057,False,True,EVREF-CSE-CHARLIE-CASE-Q1-2026-00057-01,True,CSE-CHARLIE-CASE-Q1-2026-00057-INV-01,False
2026-01-16T14:06:28Z,Finding Documented,ANALYST-011,CSE-CHARLIE-CASE-Q1-2026-00057,False,True,EVREF-CSE-CHARLIE-CASE-Q1-2026-00057-02,True,CSE-CHARLIE-CASE-Q1-2026-00057-INV-02,False
2026-01-16T20:54:13Z,Disposition Documented,ANALYST-004,CSE-CHARLIE-CASE-Q1-2026-00057,True,True,EVREF-CSE-CHARLIE-CASE-Q1-2026-00057-03,False,CSE-CHARLIE-CASE-Q1-2026-00057-INV-03,False
2026-01-17T03:41:58Z,Escalation Decision Documented,ANALYST-016,CSE-CHARLIE-CASE-Q1-2026-00057,False,True,EVREF-CSE-CHARLIE-CASE-Q1-2026-00057-04,True,CSE-CHARLIE-CASE-Q1-2026-00057-INV-04,False
2026-01-17T10:29:43Z,Alert Reviewed,ANALYST-007,CSE-CHARLIE-CASE-Q1-2026-00057,False,True,EVREF-CSE-CHARLIE-CASE-Q1-2026-00057-05,False,CSE-CHARLIE-CASE-Q1-2026-00057-INV-05,False
2026-01-17T17:17:28Z,Log Correlation Performed,ANALYST-001,CSE-CHARLIE-CASE-Q1-2026-00057,True,False,EVREF-CSE-CHARLIE-CASE-Q1-2026-00057-06,False,CSE-CHARLIE-CASE-Q1-2026-00057-INV-06,False
2026-01-04T16:02:57Z,Remediation Recorded,ANALYST-007,CSE-CHARLIE-CASE-Q1-2026-00058,True,False,EVREF-CSE-CHARLIE-CASE-Q1-2026-00058-01,False,CSE-CHARLIE-CASE-Q1-2026-00058-INV-01,True
2026-01-04T22:33:32Z,Alert Reviewed,ANALYST-018,CSE-CHARLIE-CASE-Q1-2026-00058,True,False,EVREF-CSE-CHARLIE-CASE-Q1-2026-00058-02,False,CSE-CHARLIE-CASE-Q1-2026-00058-INV-02,False
2026-01-05T05:04:06Z,Root Cause Analysis,ANALYST-014,CSE-CHARLIE-CASE-Q1-2026-00058,True,True,EVREF-CSE-CHARLIE-CASE-Q1-2026-00058-03,True,CSE-CHARLIE-CASE-Q1-2026-00058-INV-03,False
2026-01-05T11:34:40Z,Log Correlation Performed,ANALYST-005,CSE-CHARLIE-CASE-Q1-2026-00058,False,False,,True,CSE-CHARLIE-CASE-Q1-2026-00058-INV-04,False
2026-01-05T18:05:14Z,Disposition Documented,ANALYST-007,CSE-CHARLIE-CASE-Q1-2026-00058,True,True,EVREF-CSE-CHARLIE-CASE-Q1-2026-00058-05,True,CSE-CHARLIE-CASE-Q1-2026-00058-INV-05,False
2026-01-19T18:34:16Z,Disposition Documented,ANALYST-013,CSE-CHARLIE-CASE-Q1-2026-00059,True,False,EVREF-CSE-CHARLIE-CASE-Q1-2026-00059-01,False,CSE-CHARLIE-CASE-Q1-2026-00059-INV-01,False
2026-01-20T01:16:38Z,Root Cause Analysis,ANALYST-014,CSE-CHARLIE-CASE-Q1-2026-00059,False,False,EVREF-CSE-CHARLIE-CASE-Q1-2026-00059-02,False,CSE-CHARLIE-CASE-Q1-2026-00059-INV-02,False
2026-01-20T07:59:01Z,Finding Documented,ANALYST-003,CSE-CHARLIE-CASE-Q1-2026-00059,False,False,EVREF-CSE-CHARLIE-CASE-Q1-2026-00059-03,True,CSE-CHARLIE-CASE-Q1-2026-00059-INV-03,False
2026-01-20T14:41:23Z,Affected Asset Identified,ANALYST-008,CSE-CHARLIE-CASE-Q1-2026-00059,True,False,,False,CSE-CHARLIE-CASE-Q1-2026-00059-INV-04,False
2026-01-20T21:23:45Z,Escalation Decision Documented,ANALYST-009,CSE-CHARLIE-CASE-Q1-2026-00059,False,True,EVREF-CSE-CHARLIE-CASE-Q1-2026-00059-05,False,CSE-CHARLIE-CASE-Q1-2026-00059-INV-05,False
2026-01-21T04:06:07Z,Remediation Recorded,ANALYST-008,CSE-CHARLIE-CASE-Q1-2026-00059,False,True,EVREF-CSE-CHARLIE-CASE-Q1-2026-00059-06,False,CSE-CHARLIE-CASE-Q1-2026-00059-INV-06,True
2026-01-27T21:54:47Z,Remediation Recorded,ANALYST-010,CSE-CHARLIE-CASE-Q1-2026-00060,True,False,EVREF-CSE-CHARLIE-CASE-Q1-2026-00060-01,False,CSE-CHARLIE-CASE-Q1-2026-00060-INV-01,True
2026-01-28T03:57:38Z,Escalation Decision Documented,ANALYST-008,CSE-CHARLIE-CASE-Q1-2026-00060,False,True,EVREF-CSE-CHARLIE-CASE-Q1-2026-00060-02,True,CSE-CHARLIE-CASE-Q1-2026-00060-INV-02,False
2026-01-28T10:00:30Z,Containment Action Taken,ANALYST-016,CSE-CHARLIE-CASE-Q1-2026-00060,True,True,,False,CSE-CHARLIE-CASE-Q1-2026-00060-INV-03,False
2026-01-28T16:03:22Z,Affected Asset Identified,ANALYST-004,CSE-CHARLIE-CASE-Q1-2026-00060,False,False,EVREF-CSE-CHARLIE-CASE-Q1-2026-00060-04,True,CSE-CHARLIE-CASE-Q1-2026-00060-INV-04,False
2026-01-28T22:06:13Z,Evidence Examined,ANALYST-010,CSE-CHARLIE-CASE-Q1-2026-00060,False,False,,False,CSE-CHARLIE-CASE-Q1-2026-00060-INV-05,False
2026-01-29T04:09:05Z,Alert Reviewed,ANALYST-007,CSE-CHARLIE-CASE-Q1-2026-00060,True,False,EVREF-CSE-CHARLIE-CASE-Q1-2026-00060-06,True,CSE-CHARLIE-CASE-Q1-2026-00060-INV-06,False
2026-01-29T10:11:57Z,Finding Documented,ANALYST-018,CSE-CHARLIE-CASE-Q1-2026-00060,True,True,EVREF-CSE-CHARLIE-CASE-Q1-2026-00060-07,True,CSE-CHARLIE-CASE-Q1-2026-00060-INV-07,False
2026-02-08T18:14:36Z,Alert Reviewed,ANALYST-012,CSE-CHARLIE-CASE-Q1-2026-00061,False,True,EVREF-CSE-CHARLIE-CASE-Q1-2026-00061-01,False,CSE-CHARLIE-CASE-Q1-2026-00061-INV-01,False
2026-02-08T18:19:16Z,Remediation Recorded,ANALYST-017,CSE-CHARLIE-CASE-Q1-2026-00061,True,True,,False,CSE-CHARLIE-CASE-Q1-2026-00061-INV-02,True
2026-02-08T18:23:56Z,Escalation Decision Documented,ANALYST-012,CSE-CHARLIE-CASE-Q1-2026-00061,True,True,EVREF-CSE-CHARLIE-CASE-Q1-2026-00061-03,False,CSE-CHARLIE-CASE-Q1-2026-00061-INV-03,False
2026-01-19T05:32:04Z,Affected Asset Identified,ANALYST-013,CSE-CHARLIE-CASE-Q1-2026-00062,False,False,EVREF-CSE-CHARLIE-CASE-Q1-2026-00062-01,False,CSE-CHARLIE-CASE-Q1-2026-00062-INV-01,False
2026-01-19T10:59:26Z,Remediation Recorded,ANALYST-008,CSE-CHARLIE-CASE-Q1-2026-00062,False,False,,True,CSE-CHARLIE-CASE-Q1-2026-00062-INV-02,True
2026-01-19T16:26:47Z,Disposition Documented,ANALYST-005,CSE-CHARLIE-CASE-Q1-2026-00062,True,False,EVREF-CSE-CHARLIE-CASE-Q1-2026-00062-03,True,CSE-CHARLIE-CASE-Q1-2026-00062-INV-03,False
2026-01-19T21:54:08Z,Containment Action Taken,ANALYST-016,CSE-CHARLIE-CASE-Q1-2026-00062,False,False,EVREF-CSE-CHARLIE-CASE-Q1-2026-00062-04,True,CSE-CHARLIE-CASE-Q1-2026-00062-INV-04,False
2026-01-20T03:21:30Z,Finding Documented,ANALYST-007,CSE-CHARLIE-CASE-Q1-2026-00062,False,False,EVREF-CSE-CHARLIE-CASE-Q1-2026-00062-05,True,CSE-CHARLIE-CASE-Q1-2026-00062-INV-05,False
2026-01-20T08:48:51Z,Root Cause Analysis,ANALYST-004,CSE-CHARLIE-CASE-Q1-2026-00062,True,True,,True,CSE-CHARLIE-CASE-Q1-2026-00062-INV-06,False
2026-01-20T14:16:13Z,Escalation Decision Documented,ANALYST-015,CSE-CHARLIE-CASE-Q1-2026-00062,False,True,EVREF-CSE-CHARLIE-CASE-Q1-2026-00062-07,False,CSE-CHARLIE-CASE-Q1-2026-00062-INV-07,False
2026-03-14T07:42:55Z,Escalation Decision Documented,ANALYST-018,CSE-CHARLIE-CASE-Q1-2026-00063,False,True,EVREF-CSE-CHARLIE-CASE-Q1-2026-00063-01,False,CSE-CHARLIE-CASE-Q1-2026-00063-INV-01,False
2026-03-14T14:40:51Z,Affected Asset Identified,ANALYST-003,CSE-CHARLIE-CASE-Q1-2026-00063,True,True,,False,CSE-CHARLIE-CASE-Q1-2026-00063-INV-02,False
2026-03-14T21:38:48Z,Root Cause Analysis,ANALYST-017,CSE-CHARLIE-CASE-Q1-2026-00063,True,False,,True,CSE-CHARLIE-CASE-Q1-2026-00063-INV-03,False
2026-03-15T04:36:45Z,Remediation Recorded,ANALYST-018,CSE-CHARLIE-CASE-Q1-2026-00063,False,False,EVREF-CSE-CHARLIE-CASE-Q1-2026-00063-04,False,CSE-CHARLIE-CASE-Q1-2026-00063-INV-04,False
2026-03-15T11:34:41Z,Disposition Documented,ANALYST-011,CSE-CHARLIE-CASE-Q1-2026-00063,True,False,EVREF-CSE-CHARLIE-CASE-Q1-2026-00063-05,False,CSE-CHARLIE-CASE-Q1-2026-00063-INV-05,False
2026-03-10T15:05:18Z,Log Correlation Performed,ANALYST-011,CSE-CHARLIE-CASE-Q1-2026-00064,False,False,EVREF-CSE-CHARLIE-CASE-Q1-2026-00064-01,False,CSE-CHARLIE-CASE-Q1-2026-00064-INV-01,False
2026-03-10T21:29:26Z,Escalation Decision Documented,ANALYST-002,CSE-CHARLIE-CASE-Q1-2026-00064,False,True,EVREF-CSE-CHARLIE-CASE-Q1-2026-00064-02,False,CSE-CHARLIE-CASE-Q1-2026-00064-INV-02,False
2026-03-11T03:53:34Z,Disposition Documented,ANALYST-007,CSE-CHARLIE-CASE-Q1-2026-00064,True,False,,False,CSE-CHARLIE-CASE-Q1-2026-00064-INV-03,False
2026-03-11T10:17:42Z,Alert Reviewed,ANALYST-018,CSE-CHARLIE-CASE-Q1-2026-00064,False,False,EVREF-CSE-CHARLIE-CASE-Q1-2026-00064-04,False,CSE-CHARLIE-CASE-Q1-2026-00064-INV-04,False
2026-03-11T16:41:50Z,Containment Action Taken,ANALYST-017,CSE-CHARLIE-CASE-Q1-2026-00064,False,False,EVREF-CSE-CHARLIE-CASE-Q1-2026-00064-05,True,CSE-CHARLIE-CASE-Q1-2026-00064-INV-05,False
2026-03-11T23:05:57Z,Finding Documented,ANALYST-015,CSE-CHARLIE-CASE-Q1-2026-00064,False,True,EVREF-CSE-CHARLIE-CASE-Q1-2026-00064-06,True,CSE-CHARLIE-CASE-Q1-2026-00064-INV-06,False
2026-02-04T15:04:18Z,Log Correlation Performed,ANALYST-015,CSE-CHARLIE-CASE-Q1-2026-00065,False,False,EVREF-CSE-CHARLIE-CASE-Q1-2026-00065-01,True,CSE-CHARLIE-CASE-Q1-2026-00065-INV-01,False
2026-02-04T21:18:34Z,Affected Asset Identified,ANALYST-014,CSE-CHARLIE-CASE-Q1-2026-00065,False,False,EVREF-CSE-CHARLIE-CASE-Q1-2026-00065-02,False,CSE-CHARLIE-CASE-Q1-2026-00065-INV-02,False
2026-02-05T03:32:50Z,Alert Reviewed,ANALYST-014,CSE-CHARLIE-CASE-Q1-2026-00065,False,False,EVREF-CSE-CHARLIE-CASE-Q1-2026-00065-03,False,CSE-CHARLIE-CASE-Q1-2026-00065-INV-03,False
2026-02-05T09:47:05Z,Root Cause Analysis,ANALYST-010,CSE-CHARLIE-CASE-Q1-2026-00065,False,False,,False,CSE-CHARLIE-CASE-Q1-2026-00065-INV-04,False
2026-02-05T16:01:21Z,Disposition Documented,ANALYST-016,CSE-CHARLIE-CASE-Q1-2026-00065,True,False,EVREF-CSE-CHARLIE-CASE-Q1-2026-00065-05,False,CSE-CHARLIE-CASE-Q1-2026-00065-INV-05,False
2026-02-05T22:15:36Z,Containment Action Taken,ANALYST-012,CSE-CHARLIE-CASE-Q1-2026-00065,False,False,EVREF-CSE-CHARLIE-CASE-Q1-2026-00065-06,False,CSE-CHARLIE-CASE-Q1-2026-00065-INV-06,False
2026-02-02T19:10:12Z,Alert Reviewed,ANALYST-015,CSE-CHARLIE-CASE-Q1-2026-00066,False,True,EVREF-CSE-CHARLIE-CASE-Q1-2026-00066-01,True,CSE-CHARLIE-CASE-Q1-2026-00066-INV-01,False
2026-02-02T22:57:27Z,Root Cause Analysis,ANALYST-004,CSE-CHARLIE-CASE-Q1-2026-00066,True,False,EVREF-CSE-CHARLIE-CASE-Q1-2026-00066-02,True,CSE-CHARLIE-CASE-Q1-2026-00066-INV-02,False
2026-02-03T02:44:41Z,Log Correlation Performed,ANALYST-008,CSE-CHARLIE-CASE-Q1-2026-00066,False,True,,True,CSE-CHARLIE-CASE-Q1-2026-00066-INV-03,False
2026-02-03T06:31:56Z,Disposition Documented,ANALYST-003,CSE-CHARLIE-CASE-Q1-2026-00066,True,False,EVREF-CSE-CHARLIE-CASE-Q1-2026-00066-04,False,CSE-CHARLIE-CASE-Q1-2026-00066-INV-04,False
2026-02-03T10:19:11Z,Evidence Examined,ANALYST-009,CSE-CHARLIE-CASE-Q1-2026-00066,True,True,EVREF-CSE-CHARLIE-CASE-Q1-2026-00066-05,False,CSE-CHARLIE-CASE-Q1-2026-00066-INV-05,False
2026-01-23T15:12:22Z,Root Cause Analysis,ANALYST-011,CSE-CHARLIE-CASE-Q1-2026-00067,True,True,EVREF-CSE-CHARLIE-CASE-Q1-2026-00067-01,False,CSE-CHARLIE-CASE-Q1-2026-00067-INV-01,False
2026-01-23T16:20:06Z,Log Correlation Performed,ANALYST-018,CSE-CHARLIE-CASE-Q1-2026-00067,False,False,,False,CSE-CHARLIE-CASE-Q1-2026-00067-INV-02,False
2026-01-23T17:27:49Z,Alert Reviewed,ANALYST-017,CSE-CHARLIE-CASE-Q1-2026-00067,True,False,,True,CSE-CHARLIE-CASE-Q1-2026-00067-INV-03,False
2026-01-23T18:35:32Z,Finding Documented,ANALYST-018,CSE-CHARLIE-CASE-Q1-2026-00067,False,False,EVREF-CSE-CHARLIE-CASE-Q1-2026-00067-04,True,CSE-CHARLIE-CASE-Q1-2026-00067-INV-04,False
2026-01-23T19:43:15Z,Containment Action Taken,ANALYST-002,CSE-CHARLIE-CASE-Q1-2026-00067,True,False,EVREF-CSE-CHARLIE-CASE-Q1-2026-00067-05,True,CSE-CHARLIE-CASE-Q1-2026-00067-INV-05,False
2026-01-23T20:50:58Z,Disposition Documented,ANALYST-006,CSE-CHARLIE-CASE-Q1-2026-00067,True,False,,True,CSE-CHARLIE-CASE-Q1-2026-00067-INV-06,False
2026-01-05T02:01:15Z,Alert Reviewed,ANALYST-006,CSE-CHARLIE-CASE-Q1-2026-00068,False,False,EVREF-CSE-CHARLIE-CASE-Q1-2026-00068-01,False,CSE-CHARLIE-CASE-Q1-2026-00068-INV-01,False
2026-01-05T02:03:15Z,Affected Asset Identified,ANALYST-001,CSE-CHARLIE-CASE-Q1-2026-00068,False,True,EVREF-CSE-CHARLIE-CASE-Q1-2026-00068-02,False,CSE-CHARLIE-CASE-Q1-2026-00068-INV-02,False
2026-01-05T02:05:16Z,Escalation Decision Documented,ANALYST-006,CSE-CHARLIE-CASE-Q1-2026-00068,False,True,EVREF-CSE-CHARLIE-CASE-Q1-2026-00068-03,False,CSE-CHARLIE-CASE-Q1-2026-00068-INV-03,False
2026-02-26T03:08:19Z,Disposition Documented,ANALYST-004,CSE-CHARLIE-CASE-Q1-2026-00069,True,True,,False,CSE-CHARLIE-CASE-Q1-2026-00069-INV-01,False
2026-02-26T12:53:47Z,Affected Asset Identified,ANALYST-008,CSE-CHARLIE-CASE-Q1-2026-00069,False,False,EVREF-CSE-CHARLIE-CASE-Q1-2026-00069-02,True,CSE-CHARLIE-CASE-Q1-2026-00069-INV-02,False
2026-02-26T22:39:14Z,Containment Action Taken,ANALYST-003,CSE-CHARLIE-CASE-Q1-2026-00069,False,False,EVREF-CSE-CHARLIE-CASE-Q1-2026-00069-03,True,CSE-CHARLIE-CASE-Q1-2026-00069-INV-03,False
2026-02-27T08:24:42Z,Log Correlation Performed,ANALYST-012,CSE-CHARLIE-CASE-Q1-2026-00069,False,False,EVREF-CSE-CHARLIE-CASE-Q1-2026-00069-04,True,CSE-CHARLIE-CASE-Q1-2026-00069-INV-04,False
2026-02-27T18:10:10Z,Escalation Decision Documented,ANALYST-008,CSE-CHARLIE-CASE-Q1-2026-00069,False,True,,True,CSE-CHARLIE-CASE-Q1-2026-00069-INV-05,False
2026-02-15T03:17:46Z,Finding Documented,ANALYST-003,CSE-CHARLIE-CASE-Q1-2026-00070,True,False,EVREF-CSE-CHARLIE-CASE-Q1-2026-00070-01,True,CSE-CHARLIE-CASE-Q1-2026-00070-INV-01,False
2026-02-15T06:51:12Z,Alert Reviewed,ANALYST-004,CSE-CHARLIE-CASE-Q1-2026-00070,True,False,EVREF-CSE-CHARLIE-CASE-Q1-2026-00070-02,True,CSE-CHARLIE-CASE-Q1-2026-00070-INV-02,False
2026-02-15T10:24:38Z,Affected Asset Identified,ANALYST-012,CSE-CHARLIE-CASE-Q1-2026-00070,False,False,EVREF-CSE-CHARLIE-CASE-Q1-2026-00070-03,False,CSE-CHARLIE-CASE-Q1-2026-00070-INV-03,False
2026-02-15T13:58:05Z,Escalation Decision Documented,ANALYST-010,CSE-CHARLIE-CASE-Q1-2026-00070,False,True,EVREF-CSE-CHARLIE-CASE-Q1-2026-00070-04,False,CSE-CHARLIE-CASE-Q1-2026-00070-INV-04,False
2026-02-15T17:31:31Z,Containment Action Taken,ANALYST-013,CSE-CHARLIE-CASE-Q1-2026-00070,False,False,EVREF-CSE-CHARLIE-CASE-Q1-2026-00070-05,False,CSE-CHARLIE-CASE-Q1-2026-00070-INV-05,False
2026-01-10T05:49:13Z,Finding Documented,ANALYST-002,CSE-CHARLIE-CASE-Q1-2026-00071,False,True,EVREF-CSE-CHARLIE-CASE-Q1-2026-00071-01,True,CSE-CHARLIE-CASE-Q1-2026-00071-INV-01,False
2026-01-10T06:01:09Z,Log Correlation Performed,ANALYST-007,CSE-CHARLIE-CASE-Q1-2026-00071,True,False,,True,CSE-CHARLIE-CASE-Q1-2026-00071-INV-02,False
2026-01-10T06:13:06Z,Affected Asset Identified,ANALYST-002,CSE-CHARLIE-CASE-Q1-2026-00071,False,False,EVREF-CSE-CHARLIE-CASE-Q1-2026-00071-03,True,CSE-CHARLIE-CASE-Q1-2026-00071-INV-03,False
2026-01-10T06:25:03Z,Alert Reviewed,ANALYST-015,CSE-CHARLIE-CASE-Q1-2026-00071,False,False,EVREF-CSE-CHARLIE-CASE-Q1-2026-00071-04,False,CSE-CHARLIE-CASE-Q1-2026-00071-INV-04,False
2026-01-10T06:37:00Z,Escalation Decision Documented,ANALYST-013,CSE-CHARLIE-CASE-Q1-2026-00071,False,True,EVREF-CSE-CHARLIE-CASE-Q1-2026-00071-05,False,CSE-CHARLIE-CASE-Q1-2026-00071-INV-05,False
2026-01-10T06:48:56Z,Evidence Examined,ANALYST-012,CSE-CHARLIE-CASE-Q1-2026-00071,False,False,EVREF-CSE-CHARLIE-CASE-Q1-2026-00071-06,True,CSE-CHARLIE-CASE-Q1-2026-00071-INV-06,False
2026-03-15T12:33:36Z,Remediation Recorded,ANALYST-017,CSE-CHARLIE-CASE-Q1-2026-00072,False,True,EVREF-CSE-CHARLIE-CASE-Q1-2026-00072-01,False,CSE-CHARLIE-CASE-Q1-2026-00072-INV-01,True
2026-03-15T23:34:54Z,Disposition Documented,ANALYST-010,CSE-CHARLIE-CASE-Q1-2026-00072,True,False,,True,CSE-CHARLIE-CASE-Q1-2026-00072-INV-02,False
2026-03-16T10:36:13Z,Affected Asset Identified,ANALYST-012,CSE-CHARLIE-CASE-Q1-2026-00072,False,True,EVREF-CSE-CHARLIE-CASE-Q1-2026-00072-03,False,CSE-CHARLIE-CASE-Q1-2026-00072-INV-03,False
2026-03-16T21:37:31Z,Finding Documented,ANALYST-014,CSE-CHARLIE-CASE-Q1-2026-00072,False,False,EVREF-CSE-CHARLIE-CASE-Q1-2026-00072-04,True,CSE-CHARLIE-CASE-Q1-2026-00072-INV-04,False
2026-03-17T08:38:50Z,Log Correlation Performed,ANALYST-005,CSE-CHARLIE-CASE-Q1-2026-00072,False,False,EVREF-CSE-CHARLIE-CASE-Q1-2026-00072-05,True,CSE-CHARLIE-CASE-Q1-2026-00072-INV-05,False
2026-03-17T19:40:08Z,Escalation Decision Documented,ANALYST-001,CSE-CHARLIE-CASE-Q1-2026-00072,False,True,,True,CSE-CHARLIE-CASE-Q1-2026-00072-INV-06,False
2026-02-28T03:02:18Z,Log Correlation Performed,ANALYST-017,CSE-CHARLIE-CASE-Q1-2026-00073,False,False,,True,CSE-CHARLIE-CASE-Q1-2026-00073-INV-01,False
2026-02-28T09:17:53Z,Finding Documented,ANALYST-018,CSE-CHARLIE-CASE-Q1-2026-00073,False,False,EVREF-CSE-CHARLIE-CASE-Q1-2026-00073-02,True,CSE-CHARLIE-CASE-Q1-2026-00073-INV-02,False
2026-02-28T15:33:29Z,Disposition Documented,ANALYST-017,CSE-CHARLIE-CASE-Q1-2026-00073,True,False,EVREF-CSE-CHARLIE-CASE-Q1-2026-00073-03,True,CSE-CHARLIE-CASE-Q1-2026-00073-INV-03,False
2026-02-28T21:49:04Z,Remediation Recorded,ANALYST-009,CSE-CHARLIE-CASE-Q1-2026-00073,True,True,EVREF-CSE-CHARLIE-CASE-Q1-2026-00073-04,True,CSE-CHARLIE-CASE-Q1-2026-00073-INV-04,True
2026-03-01T04:04:39Z,Containment Action Taken,ANALYST-003,CSE-CHARLIE-CASE-Q1-2026-00073,False,False,,True,CSE-CHARLIE-CASE-Q1-2026-00073-INV-05,False
2026-03-01T10:20:15Z,Evidence Examined,ANALYST-016,CSE-CHARLIE-CASE-Q1-2026-00073,True,True,EVREF-CSE-CHARLIE-CASE-Q1-2026-00073-06,False,CSE-CHARLIE-CASE-Q1-2026-00073-INV-06,False
2026-01-13T02:52:27Z,Root Cause Analysis,ANALYST-013,CSE-CHARLIE-CASE-Q1-2026-00074,True,True,EVREF-CSE-CHARLIE-CASE-Q1-2026-00074-01,False,CSE-CHARLIE-CASE-Q1-2026-00074-INV-01,False
2026-01-13T07:32:06Z,Finding Documented,ANALYST-012,CSE-CHARLIE-CASE-Q1-2026-00074,False,True,EVREF-CSE-CHARLIE-CASE-Q1-2026-00074-02,True,CSE-CHARLIE-CASE-Q1-2026-00074-INV-02,False
2026-01-13T12:11:45Z,Log Correlation Performed,ANALYST-017,CSE-CHARLIE-CASE-Q1-2026-00074,True,False,,False,CSE-CHARLIE-CASE-Q1-2026-00074-INV-03,False
2026-01-13T16:51:24Z,Disposition Documented,ANALYST-003,CSE-CHARLIE-CASE-Q1-2026-00074,True,True,,True,CSE-CHARLIE-CASE-Q1-2026-00074-INV-04,False
2026-01-13T21:31:03Z,Alert Reviewed,ANALYST-007,CSE-CHARLIE-CASE-Q1-2026-00074,False,False,EVREF-CSE-CHARLIE-CASE-Q1-2026-00074-05,False,CSE-CHARLIE-CASE-Q1-2026-00074-INV-05,False
2026-01-14T02:10:42Z,Affected Asset Identified,ANALYST-013,CSE-CHARLIE-CASE-Q1-2026-00074,True,False,EVREF-CSE-CHARLIE-CASE-Q1-2026-00074-06,True,CSE-CHARLIE-CASE-Q1-2026-00074-INV-06,False
2026-02-14T17:48:06Z,Alert Reviewed,ANALYST-016,CSE-CHARLIE-CASE-Q1-2026-00075,False,False,EVREF-CSE-CHARLIE-CASE-Q1-2026-00075-01,True,CSE-CHARLIE-CASE-Q1-2026-00075-INV-01,False
2026-02-14T23:41:03Z,Affected Asset Identified,ANALYST-011,CSE-CHARLIE-CASE-Q1-2026-00075,False,False,EVREF-CSE-CHARLIE-CASE-Q1-2026-00075-02,False,CSE-CHARLIE-CASE-Q1-2026-00075-INV-02,False
2026-02-15T05:33:59Z,Remediation Recorded,ANALYST-004,CSE-CHARLIE-CASE-Q1-2026-00075,False,True,EVREF-CSE-CHARLIE-CASE-Q1-2026-00075-03,True,CSE-CHARLIE-CASE-Q1-2026-00075-INV-03,False
2026-02-15T11:26:56Z,Finding Documented,ANALYST-008,CSE-CHARLIE-CASE-Q1-2026-00075,False,False,EVREF-CSE-CHARLIE-CASE-Q1-2026-00075-04,True,CSE-CHARLIE-CASE-Q1-2026-00075-INV-04,False
2026-02-15T17:19:52Z,Root Cause Analysis,ANALYST-002,CSE-CHARLIE-CASE-Q1-2026-00075,False,False,,False,CSE-CHARLIE-CASE-Q1-2026-00075-INV-05,False
2026-03-07T10:02:25Z,Affected Asset Identified,ANALYST-009,CSE-CHARLIE-CASE-Q1-2026-00076,False,True,EVREF-CSE-CHARLIE-CASE-Q1-2026-00076-01,True,CSE-CHARLIE-CASE-Q1-2026-00076-INV-01,False
2026-03-07T16:19:13Z,Root Cause Analysis,ANALYST-005,CSE-CHARLIE-CASE-Q1-2026-00076,False,False,EVREF-CSE-CHARLIE-CASE-Q1-2026-00076-02,False,CSE-CHARLIE-CASE-Q1-2026-00076-INV-02,False
2026-03-07T22:36:01Z,Alert Reviewed,ANALYST-014,CSE-CHARLIE-CASE-Q1-2026-00076,False,True,EVREF-CSE-CHARLIE-CASE-Q1-2026-00076-03,False,CSE-CHARLIE-CASE-Q1-2026-00076-INV-03,False
2026-03-08T04:52:49Z,Containment Action Taken,ANALYST-005,CSE-CHARLIE-CASE-Q1-2026-00076,False,False,,False,CSE-CHARLIE-CASE-Q1-2026-00076-INV-04,False
2026-03-08T11:09:36Z,Log Correlation Performed,ANALYST-013,CSE-CHARLIE-CASE-Q1-2026-00076,False,False,EVREF-CSE-CHARLIE-CASE-Q1-2026-00076-05,False,CSE-CHARLIE-CASE-Q1-2026-00076-INV-05,False
2026-03-08T17:26:24Z,Escalation Decision Documented,ANALYST-013,CSE-CHARLIE-CASE-Q1-2026-00076,True,True,EVREF-CSE-CHARLIE-CASE-Q1-2026-00076-06,True,CSE-CHARLIE-CASE-Q1-2026-00076-INV-06,False
2026-03-14T05:04:45Z,Disposition Documented,ANALYST-015,CSE-CHARLIE-CASE-Q1-2026-00077,True,True,EVREF-CSE-CHARLIE-CASE-Q1-2026-00077-01,False,CSE-CHARLIE-CASE-Q1-2026-00077-INV-01,False
2026-03-14T05:11:02Z,Alert Reviewed,ANALYST-001,CSE-CHARLIE-CASE-Q1-2026-00077,False,False,EVREF-CSE-CHARLIE-CASE-Q1-2026-00077-02,False,CSE-CHARLIE-CASE-Q1-2026-00077-INV-02,False
2026-02-14T17:47:49Z,Log Correlation Performed,ANALYST-002,CSE-CHARLIE-CASE-Q1-2026-00078,False,False,,True,CSE-CHARLIE-CASE-Q1-2026-00078-INV-01,False
2026-02-15T00:56:24Z,Evidence Examined,ANALYST-018,CSE-CHARLIE-CASE-Q1-2026-00078,False,False,EVREF-CSE-CHARLIE-CASE-Q1-2026-00078-02,False,CSE-CHARLIE-CASE-Q1-2026-00078-INV-02,False
2026-02-15T08:04:59Z,Finding Documented,ANALYST-010,CSE-CHARLIE-CASE-Q1-2026-00078,True,True,EVREF-CSE-CHARLIE-CASE-Q1-2026-00078-03,True,CSE-CHARLIE-CASE-Q1-2026-00078-INV-03,False
2026-02-15T15:13:34Z,Root Cause Analysis,ANALYST-008,CSE-CHARLIE-CASE-Q1-2026-00078,False,False,EVREF-CSE-CHARLIE-CASE-Q1-2026-00078-04,True,CSE-CHARLIE-CASE-Q1-2026-00078-INV-04,False
2026-02-15T22:22:08Z,Remediation Recorded,ANALYST-018,CSE-CHARLIE-CASE-Q1-2026-00078,False,False,EVREF-CSE-CHARLIE-CASE-Q1-2026-00078-05,True,CSE-CHARLIE-CASE-Q1-2026-00078-INV-05,False
2026-02-16T05:30:43Z,Affected Asset Identified,ANALYST-018,CSE-CHARLIE-CASE-Q1-2026-00078,False,True,,True,CSE-CHARLIE-CASE-Q1-2026-00078-INV-06,False
2026-02-21T14:00:00Z,Root Cause Analysis,ANALYST-007,CSE-CHARLIE-CASE-Q1-2026-00079,False,False,EVREF-CSE-CHARLIE-CASE-Q1-2026-00079-01,True,CSE-CHARLIE-CASE-Q1-2026-00079-INV-01,False
2026-02-21T21:07:09Z,Affected Asset Identified,ANALYST-002,CSE-CHARLIE-CASE-Q1-2026-00079,True,False,EVREF-CSE-CHARLIE-CASE-Q1-2026-00079-02,False,CSE-CHARLIE-CASE-Q1-2026-00079-INV-02,False
2026-02-22T04:14:19Z,Containment Action Taken,ANALYST-007,CSE-CHARLIE-CASE-Q1-2026-00079,False,False,,False,CSE-CHARLIE-CASE-Q1-2026-00079-INV-03,False
2026-02-22T11:21:28Z,Finding Documented,ANALYST-007,CSE-CHARLIE-CASE-Q1-2026-00079,True,True,,True,CSE-CHARLIE-CASE-Q1-2026-00079-INV-04,False
2026-02-16T07:05:50Z,Containment Action Taken,ANALYST-014,CSE-CHARLIE-CASE-Q1-2026-00080,False,False,,False,CSE-CHARLIE-CASE-Q1-2026-00080-INV-01,False
2026-02-16T14:15:35Z,Alert Reviewed,ANALYST-018,CSE-CHARLIE-CASE-Q1-2026-00080,True,False,EVREF-CSE-CHARLIE-CASE-Q1-2026-00080-02,False,CSE-CHARLIE-CASE-Q1-2026-00080-INV-02,False
2026-02-16T21:25:19Z,Affected Asset Identified,ANALYST-018,CSE-CHARLIE-CASE-Q1-2026-00080,False,False,,True,CSE-CHARLIE-CASE-Q1-2026-00080-INV-03,False
2026-02-17T04:35:03Z,Escalation Decision Documented,ANALYST-011,CSE-CHARLIE-CASE-Q1-2026-00080,False,True,,True,CSE-CHARLIE-CASE-Q1-2026-00080-INV-04,False
2026-03-07T22:39:35Z,Finding Documented,ANALYST-018,CSE-CHARLIE-CASE-Q1-2026-00081,False,False,,True,CSE-CHARLIE-CASE-Q1-2026-00081-INV-01,False
2026-03-08T03:09:37Z,Affected Asset Identified,ANALYST-017,CSE-CHARLIE-CASE-Q1-2026-00081,False,False,,True,CSE-CHARLIE-CASE-Q1-2026-00081-INV-02,False
2026-03-08T07:39:40Z,Containment Action Taken,ANALYST-005,CSE-CHARLIE-CASE-Q1-2026-00081,False,True,,False,CSE-CHARLIE-CASE-Q1-2026-00081-INV-03,False
2026-03-08T12:09:42Z,Disposition Documented,ANALYST-011,CSE-CHARLIE-CASE-Q1-2026-00081,True,True,EVREF-CSE-CHARLIE-CASE-Q1-2026-00081-04,False,CSE-CHARLIE-CASE-Q1-2026-00081-INV-04,False
2026-03-05T22:27:27Z,Log Correlation Performed,ANALYST-016,CSE-CHARLIE-CASE-Q1-2026-00082,False,False,EVREF-CSE-CHARLIE-CASE-Q1-2026-00082-01,True,CSE-CHARLIE-CASE-Q1-2026-00082-INV-01,False
2026-03-06T01:24:32Z,Root Cause Analysis,ANALYST-002,CSE-CHARLIE-CASE-Q1-2026-00082,False,False,EVREF-CSE-CHARLIE-CASE-Q1-2026-00082-02,True,CSE-CHARLIE-CASE-Q1-2026-00082-INV-02,False
2026-03-06T04:21:37Z,Containment Action Taken,ANALYST-009,CSE-CHARLIE-CASE-Q1-2026-00082,False,True,EVREF-CSE-CHARLIE-CASE-Q1-2026-00082-03,False,CSE-CHARLIE-CASE-Q1-2026-00082-INV-03,False
2026-03-06T07:18:41Z,Disposition Documented,ANALYST-008,CSE-CHARLIE-CASE-Q1-2026-00082,True,False,EVREF-CSE-CHARLIE-CASE-Q1-2026-00082-04,False,CSE-CHARLIE-CASE-Q1-2026-00082-INV-04,False
2026-03-06T10:15:46Z,Remediation Recorded,ANALYST-007,CSE-CHARLIE-CASE-Q1-2026-00082,False,False,EVREF-CSE-CHARLIE-CASE-Q1-2026-00082-05,False,CSE-CHARLIE-CASE-Q1-2026-00082-INV-05,False
2026-03-06T13:12:51Z,Escalation Decision Documented,ANALYST-012,CSE-CHARLIE-CASE-Q1-2026-00082,False,True,EVREF-CSE-CHARLIE-CASE-Q1-2026-00082-06,False,CSE-CHARLIE-CASE-Q1-2026-00082-INV-06,False
2026-03-06T16:09:56Z,Alert Reviewed,ANALYST-014,CSE-CHARLIE-CASE-Q1-2026-00082,True,False,EVREF-CSE-CHARLIE-CASE-Q1-2026-00082-07,False,CSE-CHARLIE-CASE-Q1-2026-00082-INV-07,False
2026-03-05T22:31:16Z,Alert Reviewed,ANALYST-008,CSE-CHARLIE-CASE-Q1-2026-00083,False,True,EVREF-CSE-CHARLIE-CASE-Q1-2026-00083-01,True,CSE-CHARLIE-CASE-Q1-2026-00083-INV-01,False
2026-03-06T04:10:33Z,Log Correlation Performed,ANALYST-003,CSE-CHARLIE-CASE-Q1-2026-00083,False,True,EVREF-CSE-CHARLIE-CASE-Q1-2026-00083-02,False,CSE-CHARLIE-CASE-Q1-2026-00083-INV-02,False
2026-03-06T09:49:50Z,Affected Asset Identified,ANALYST-005,CSE-CHARLIE-CASE-Q1-2026-00083,False,False,EVREF-CSE-CHARLIE-CASE-Q1-2026-00083-03,False,CSE-CHARLIE-CASE-Q1-2026-00083-INV-03,False
2026-03-06T15:29:07Z,Evidence Examined,ANALYST-001,CSE-CHARLIE-CASE-Q1-2026-00083,False,False,EVREF-CSE-CHARLIE-CASE-Q1-2026-00083-04,True,CSE-CHARLIE-CASE-Q1-2026-00083-INV-04,False
2026-03-06T21:08:24Z,Containment Action Taken,ANALYST-009,CSE-CHARLIE-CASE-Q1-2026-00083,False,False,EVREF-CSE-CHARLIE-CASE-Q1-2026-00083-05,False,CSE-CHARLIE-CASE-Q1-2026-00083-INV-05,False
2026-03-26T23:05:54Z,Affected Asset Identified,ANALYST-002,CSE-CHARLIE-CASE-Q1-2026-00084,True,True,EVREF-CSE-CHARLIE-CASE-Q1-2026-00084-01,False,CSE-CHARLIE-CASE-Q1-2026-00084-INV-01,False
2026-03-27T06:35:39Z,Root Cause Analysis,ANALYST-003,CSE-CHARLIE-CASE-Q1-2026-00084,True,False,EVREF-CSE-CHARLIE-CASE-Q1-2026-00084-02,True,CSE-CHARLIE-CASE-Q1-2026-00084-INV-02,False
2026-03-27T14:05:25Z,Remediation Recorded,ANALYST-002,CSE-CHARLIE-CASE-Q1-2026-00084,True,False,,True,CSE-CHARLIE-CASE-Q1-2026-00084-INV-03,True
2026-03-27T21:35:10Z,Containment Action Taken,ANALYST-002,CSE-CHARLIE-CASE-Q1-2026-00084,False,False,,False,CSE-CHARLIE-CASE-Q1-2026-00084-INV-04,False
2026-03-28T05:04:55Z,Disposition Documented,ANALYST-008,CSE-CHARLIE-CASE-Q1-2026-00084,True,False,EVREF-CSE-CHARLIE-CASE-Q1-2026-00084-05,False,CSE-CHARLIE-CASE-Q1-2026-00084-INV-05,False
2026-03-28T12:34:40Z,Alert Reviewed,ANALYST-005,CSE-CHARLIE-CASE-Q1-2026-00084,False,True,EVREF-CSE-CHARLIE-CASE-Q1-2026-00084-06,False,CSE-CHARLIE-CASE-Q1-2026-00084-INV-06,False
2026-03-28T20:04:25Z,Finding Documented,ANALYST-017,CSE-CHARLIE-CASE-Q1-2026-00084,False,False,EVREF-CSE-CHARLIE-CASE-Q1-2026-00084-07,True,CSE-CHARLIE-CASE-Q1-2026-00084-INV-07,False
2026-03-29T03:34:11Z,Escalation Decision Documented,ANALYST-010,CSE-CHARLIE-CASE-Q1-2026-00084,False,True,EVREF-CSE-CHARLIE-CASE-Q1-2026-00084-08,False,CSE-CHARLIE-CASE-Q1-2026-00084-INV-08,False
2026-03-24T19:43:30Z,Escalation Decision Documented,ANALYST-016,CSE-CHARLIE-CASE-Q1-2026-00085,False,True,EVREF-CSE-CHARLIE-CASE-Q1-2026-00085-01,True,CSE-CHARLIE-CASE-Q1-2026-00085-INV-01,False
2026-03-24T19:51:21Z,Root Cause Analysis,ANALYST-011,CSE-CHARLIE-CASE-Q1-2026-00085,False,True,,False,CSE-CHARLIE-CASE-Q1-2026-00085-INV-02,False
2026-03-13T20:21:31Z,Remediation Recorded,ANALYST-002,CSE-CHARLIE-CASE-Q1-2026-00086,True,False,,False,CSE-CHARLIE-CASE-Q1-2026-00086-INV-01,True
2026-03-14T00:49:08Z,Root Cause Analysis,ANALYST-018,CSE-CHARLIE-CASE-Q1-2026-00086,False,False,EVREF-CSE-CHARLIE-CASE-Q1-2026-00086-02,False,CSE-CHARLIE-CASE-Q1-2026-00086-INV-02,False
2026-03-14T05:16:46Z,Escalation Decision Documented,ANALYST-018,CSE-CHARLIE-CASE-Q1-2026-00086,False,True,EVREF-CSE-CHARLIE-CASE-Q1-2026-00086-03,False,CSE-CHARLIE-CASE-Q1-2026-00086-INV-03,False
2026-03-14T09:44:23Z,Alert Reviewed,ANALYST-017,CSE-CHARLIE-CASE-Q1-2026-00086,True,False,EVREF-CSE-CHARLIE-CASE-Q1-2026-00086-04,True,CSE-CHARLIE-CASE-Q1-2026-00086-INV-04,False
2026-03-14T14:12:00Z,Disposition Documented,ANALYST-006,CSE-CHARLIE-CASE-Q1-2026-00086,True,False,,False,CSE-CHARLIE-CASE-Q1-2026-00086-INV-05,False
2026-03-14T18:39:37Z,Containment Action Taken,ANALYST-012,CSE-CHARLIE-CASE-Q1-2026-00086,False,False,EVREF-CSE-CHARLIE-CASE-Q1-2026-00086-06,True,CSE-CHARLIE-CASE-Q1-2026-00086-INV-06,False
2026-03-14T23:07:14Z,Log Correlation Performed,ANALYST-017,CSE-CHARLIE-CASE-Q1-2026-00086,False,False,EVREF-CSE-CHARLIE-CASE-Q1-2026-00086-07,True,CSE-CHARLIE-CASE-Q1-2026-00086-INV-07,False
2026-01-21T15:24:11Z,Disposition Documented,ANALYST-002,CSE-CHARLIE-CASE-Q1-2026-00087,True,False,EVREF-CSE-CHARLIE-CASE-Q1-2026-00087-01,False,CSE-CHARLIE-CASE-Q1-2026-00087-INV-01,False
2026-01-21T19:48:54Z,Containment Action Taken,ANALYST-005,CSE-CHARLIE-CASE-Q1-2026-00087,True,False,EVREF-CSE-CHARLIE-CASE-Q1-2026-00087-02,False,CSE-CHARLIE-CASE-Q1-2026-00087-INV-02,False
2026-01-22T00:13:37Z,Log Correlation Performed,ANALYST-008,CSE-CHARLIE-CASE-Q1-2026-00087,True,True,EVREF-CSE-CHARLIE-CASE-Q1-2026-00087-03,False,CSE-CHARLIE-CASE-Q1-2026-00087-INV-03,False
2026-01-22T04:38:20Z,Remediation Recorded,ANALYST-017,CSE-CHARLIE-CASE-Q1-2026-00087,True,True,EVREF-CSE-CHARLIE-CASE-Q1-2026-00087-04,False,CSE-CHARLIE-CASE-Q1-2026-00087-INV-04,True
2026-01-22T09:03:03Z,Root Cause Analysis,ANALYST-018,CSE-CHARLIE-CASE-Q1-2026-00087,False,False,EVREF-CSE-CHARLIE-CASE-Q1-2026-00087-05,True,CSE-CHARLIE-CASE-Q1-2026-00087-INV-05,False
2026-01-22T13:27:46Z,Escalation Decision Documented,ANALYST-017,CSE-CHARLIE-CASE-Q1-2026-00087,True,True,EVREF-CSE-CHARLIE-CASE-Q1-2026-00087-06,True,CSE-CHARLIE-CASE-Q1-2026-00087-INV-06,False
2026-01-22T17:52:28Z,Affected Asset Identified,ANALYST-014,CSE-CHARLIE-CASE-Q1-2026-00087,False,True,EVREF-CSE-CHARLIE-CASE-Q1-2026-00087-07,True,CSE-CHARLIE-CASE-Q1-2026-00087-INV-07,False
2026-01-20T22:02:21Z,Containment Action Taken,ANALYST-010,CSE-CHARLIE-CASE-Q1-2026-00088,False,False,EVREF-CSE-CHARLIE-CASE-Q1-2026-00088-01,False,CSE-CHARLIE-CASE-Q1-2026-00088-INV-01,False
2026-01-21T05:24:26Z,Root Cause Analysis,ANALYST-002,CSE-CHARLIE-CASE-Q1-2026-00088,False,False,,False,CSE-CHARLIE-CASE-Q1-2026-00088-INV-02,False
2026-01-21T12:46:31Z,Evidence Examined,ANALYST-008,CSE-CHARLIE-CASE-Q1-2026-00088,True,False,EVREF-CSE-CHARLIE-CASE-Q1-2026-00088-03,True,CSE-CHARLIE-CASE-Q1-2026-00088-INV-03,False
2026-01-21T20:08:36Z,Affected Asset Identified,ANALYST-018,CSE-CHARLIE-CASE-Q1-2026-00088,False,False,EVREF-CSE-CHARLIE-CASE-Q1-2026-00088-04,True,CSE-CHARLIE-CASE-Q1-2026-00088-INV-04,False
2026-01-22T03:30:41Z,Remediation Recorded,ANALYST-006,CSE-CHARLIE-CASE-Q1-2026-00088,False,False,EVREF-CSE-CHARLIE-CASE-Q1-2026-00088-05,False,CSE-CHARLIE-CASE-Q1-2026-00088-INV-05,False
2026-01-22T10:52:46Z,Finding Documented,ANALYST-003,CSE-CHARLIE-CASE-Q1-2026-00088,False,False,EVREF-CSE-CHARLIE-CASE-Q1-2026-00088-06,True,CSE-CHARLIE-CASE-Q1-2026-00088-INV-06,False
2026-01-22T18:14:51Z,Disposition Documented,ANALYST-007,CSE-CHARLIE-CASE-Q1-2026-00088,True,False,EVREF-CSE-CHARLIE-CASE-Q1-2026-00088-07,True,CSE-CHARLIE-CASE-Q1-2026-00088-INV-07,False
2026-03-24T21:33:07Z,Disposition Documented,ANALYST-008,CSE-CHARLIE-CASE-Q1-2026-00089,True,False,EVREF-CSE-CHARLIE-CASE-Q1-2026-00089-01,False,CSE-CHARLIE-CASE-Q1-2026-00089-INV-01,False
2026-03-25T00:22:48Z,Log Correlation Performed,ANALYST-017,CSE-CHARLIE-CASE-Q1-2026-00089,False,False,,False,CSE-CHARLIE-CASE-Q1-2026-00089-INV-02,False
2026-03-25T03:12:29Z,Containment Action Taken,ANALYST-001,CSE-CHARLIE-CASE-Q1-2026-00089,True,False,EVREF-CSE-CHARLIE-CASE-Q1-2026-00089-03,False,CSE-CHARLIE-CASE-Q1-2026-00089-INV-03,False
2026-03-25T06:02:09Z,Root Cause Analysis,ANALYST-005,CSE-CHARLIE-CASE-Q1-2026-00089,False,False,EVREF-CSE-CHARLIE-CASE-Q1-2026-00089-04,True,CSE-CHARLIE-CASE-Q1-2026-00089-INV-04,False
2026-03-25T08:51:50Z,Evidence Examined,ANALYST-001,CSE-CHARLIE-CASE-Q1-2026-00089,False,False,EVREF-CSE-CHARLIE-CASE-Q1-2026-00089-05,False,CSE-CHARLIE-CASE-Q1-2026-00089-INV-05,False
2026-03-25T11:41:31Z,Alert Reviewed,ANALYST-010,CSE-CHARLIE-CASE-Q1-2026-00089,False,False,EVREF-CSE-CHARLIE-CASE-Q1-2026-00089-06,False,CSE-CHARLIE-CASE-Q1-2026-00089-INV-06,False
2026-03-06T08:12:36Z,Log Correlation Performed,ANALYST-007,CSE-CHARLIE-CASE-Q1-2026-00090,False,False,EVREF-CSE-CHARLIE-CASE-Q1-2026-00090-01,True,CSE-CHARLIE-CASE-Q1-2026-00090-INV-01,False
2026-03-06T20:42:42Z,Escalation Decision Documented,ANALYST-006,CSE-CHARLIE-CASE-Q1-2026-00090,False,True,EVREF-CSE-CHARLIE-CASE-Q1-2026-00090-02,False,CSE-CHARLIE-CASE-Q1-2026-00090-INV-02,False
2026-03-07T09:12:47Z,Evidence Examined,ANALYST-003,CSE-CHARLIE-CASE-Q1-2026-00090,False,False,EVREF-CSE-CHARLIE-CASE-Q1-2026-00090-03,True,CSE-CHARLIE-CASE-Q1-2026-00090-INV-03,False
2026-03-07T21:42:53Z,Finding Documented,ANALYST-007,CSE-CHARLIE-CASE-Q1-2026-00090,False,False,EVREF-CSE-CHARLIE-CASE-Q1-2026-00090-04,True,CSE-CHARLIE-CASE-Q1-2026-00090-INV-04,False
2026-03-08T10:12:59Z,Root Cause Analysis,ANALYST-012,CSE-CHARLIE-CASE-Q1-2026-00090,False,False,EVREF-CSE-CHARLIE-CASE-Q1-2026-00090-05,False,CSE-CHARLIE-CASE-Q1-2026-00090-INV-05,False
2026-03-08T22:43:05Z,Disposition Documented,ANALYST-001,CSE-CHARLIE-CASE-Q1-2026-00090,True,False,,False,CSE-CHARLIE-CASE-Q1-2026-00090-INV-06,False
2026-03-09T11:13:10Z,Alert Reviewed,ANALYST-017,CSE-CHARLIE-CASE-Q1-2026-00090,False,False,EVREF-CSE-CHARLIE-CASE-Q1-2026-00090-07,False,CSE-CHARLIE-CASE-Q1-2026-00090-INV-07,False
2026-03-19T03:53:18Z,Root Cause Analysis,ANALYST-010,CSE-CHARLIE-CASE-Q1-2026-00091,False,False,EVREF-CSE-CHARLIE-CASE-Q1-2026-00091-01,False,CSE-CHARLIE-CASE-Q1-2026-00091-INV-01,False
2026-03-19T12:32:24Z,Escalation Decision Documented,ANALYST-016,CSE-CHARLIE-CASE-Q1-2026-00091,False,True,EVREF-CSE-CHARLIE-CASE-Q1-2026-00091-02,False,CSE-CHARLIE-CASE-Q1-2026-00091-INV-02,False
2026-03-19T21:11:30Z,Alert Reviewed,ANALYST-004,CSE-CHARLIE-CASE-Q1-2026-00091,True,True,EVREF-CSE-CHARLIE-CASE-Q1-2026-00091-03,False,CSE-CHARLIE-CASE-Q1-2026-00091-INV-03,False
2026-03-20T05:50:35Z,Evidence Examined,ANALYST-015,CSE-CHARLIE-CASE-Q1-2026-00091,True,False,EVREF-CSE-CHARLIE-CASE-Q1-2026-00091-04,False,CSE-CHARLIE-CASE-Q1-2026-00091-INV-04,False
2026-03-20T14:29:41Z,Containment Action Taken,ANALYST-003,CSE-CHARLIE-CASE-Q1-2026-00091,False,True,EVREF-CSE-CHARLIE-CASE-Q1-2026-00091-05,False,CSE-CHARLIE-CASE-Q1-2026-00091-INV-05,False
2026-01-31T16:13:15Z,Log Correlation Performed,ANALYST-016,CSE-CHARLIE-CASE-Q1-2026-00092,False,True,EVREF-CSE-CHARLIE-CASE-Q1-2026-00092-01,False,CSE-CHARLIE-CASE-Q1-2026-00092-INV-01,False
2026-02-01T00:58:16Z,Escalation Decision Documented,ANALYST-012,CSE-CHARLIE-CASE-Q1-2026-00092,True,True,EVREF-CSE-CHARLIE-CASE-Q1-2026-00092-02,False,CSE-CHARLIE-CASE-Q1-2026-00092-INV-02,False
2026-02-01T09:43:16Z,Disposition Documented,ANALYST-013,CSE-CHARLIE-CASE-Q1-2026-00092,True,True,,False,CSE-CHARLIE-CASE-Q1-2026-00092-INV-03,False
2026-02-01T18:28:16Z,Finding Documented,ANALYST-010,CSE-CHARLIE-CASE-Q1-2026-00092,False,False,EVREF-CSE-CHARLIE-CASE-Q1-2026-00092-04,True,CSE-CHARLIE-CASE-Q1-2026-00092-INV-04,False
2026-02-02T03:13:16Z,Remediation Recorded,ANALYST-009,CSE-CHARLIE-CASE-Q1-2026-00092,False,False,EVREF-CSE-CHARLIE-CASE-Q1-2026-00092-05,False,CSE-CHARLIE-CASE-Q1-2026-00092-INV-05,False
2026-02-02T11:58:17Z,Root Cause Analysis,ANALYST-002,CSE-CHARLIE-CASE-Q1-2026-00092,False,False,,True,CSE-CHARLIE-CASE-Q1-2026-00092-INV-06,False
2026-02-08T15:04:05Z,Affected Asset Identified,ANALYST-005,CSE-CHARLIE-CASE-Q1-2026-00093,True,False,EVREF-CSE-CHARLIE-CASE-Q1-2026-00093-01,False,CSE-CHARLIE-CASE-Q1-2026-00093-INV-01,False
2026-02-09T06:00:14Z,Alert Reviewed,ANALYST-001,CSE-CHARLIE-CASE-Q1-2026-00093,False,False,EVREF-CSE-CHARLIE-CASE-Q1-2026-00093-02,False,CSE-CHARLIE-CASE-Q1-2026-00093-INV-02,False
2026-02-09T20:56:24Z,Root Cause Analysis,ANALYST-003,CSE-CHARLIE-CASE-Q1-2026-00093,True,False,EVREF-CSE-CHARLIE-CASE-Q1-2026-00093-03,False,CSE-CHARLIE-CASE-Q1-2026-00093-INV-03,False
2026-02-10T11:52:33Z,Disposition Documented,ANALYST-009,CSE-CHARLIE-CASE-Q1-2026-00093,True,False,EVREF-CSE-CHARLIE-CASE-Q1-2026-00093-04,True,CSE-CHARLIE-CASE-Q1-2026-00093-INV-04,False
2026-02-11T02:48:42Z,Remediation Recorded,ANALYST-005,CSE-CHARLIE-CASE-Q1-2026-00093,False,False,EVREF-CSE-CHARLIE-CASE-Q1-2026-00093-05,True,CSE-CHARLIE-CASE-Q1-2026-00093-INV-05,True
2026-03-23T17:12:48Z,Log Correlation Performed,ANALYST-008,CSE-CHARLIE-CASE-Q1-2026-00094,False,True,EVREF-CSE-CHARLIE-CASE-Q1-2026-00094-01,False,CSE-CHARLIE-CASE-Q1-2026-00094-INV-01,False
2026-03-23T20:15:38Z,Escalation Decision Documented,ANALYST-002,CSE-CHARLIE-CASE-Q1-2026-00094,False,True,EVREF-CSE-CHARLIE-CASE-Q1-2026-00094-02,False,CSE-CHARLIE-CASE-Q1-2026-00094-INV-02,False
2026-03-23T23:18:28Z,Containment Action Taken,ANALYST-009,CSE-CHARLIE-CASE-Q1-2026-00094,False,False,EVREF-CSE-CHARLIE-CASE-Q1-2026-00094-03,False,CSE-CHARLIE-CASE-Q1-2026-00094-INV-03,False
2026-03-24T02:21:18Z,Finding Documented,ANALYST-015,CSE-CHARLIE-CASE-Q1-2026-00094,True,True,,True,CSE-CHARLIE-CASE-Q1-2026-00094-INV-04,False
2026-03-24T05:24:08Z,Evidence Examined,ANALYST-015,CSE-CHARLIE-CASE-Q1-2026-00094,False,True,EVREF-CSE-CHARLIE-CASE-Q1-2026-00094-05,True,CSE-CHARLIE-CASE-Q1-2026-00094-INV-05,False
2026-01-07T23:31:51Z,Affected Asset Identified,ANALYST-010,CSE-CHARLIE-CASE-Q1-2026-00095,False,False,EVREF-CSE-CHARLIE-CASE-Q1-2026-00095-01,False,CSE-CHARLIE-CASE-Q1-2026-00095-INV-01,False
2026-01-08T02:20:02Z,Root Cause Analysis,ANALYST-018,CSE-CHARLIE-CASE-Q1-2026-00095,True,True,EVREF-CSE-CHARLIE-CASE-Q1-2026-00095-02,False,CSE-CHARLIE-CASE-Q1-2026-00095-INV-02,False
2026-01-08T05:08:12Z,Escalation Decision Documented,ANALYST-015,CSE-CHARLIE-CASE-Q1-2026-00095,True,True,EVREF-CSE-CHARLIE-CASE-Q1-2026-00095-03,False,CSE-CHARLIE-CASE-Q1-2026-00095-INV-03,False
2026-01-08T07:56:23Z,Alert Reviewed,ANALYST-001,CSE-CHARLIE-CASE-Q1-2026-00095,False,True,,False,CSE-CHARLIE-CASE-Q1-2026-00095-INV-04,False
2026-03-12T01:17:27Z,Disposition Documented,ANALYST-012,CSE-CHARLIE-CASE-Q1-2026-00096,True,True,EVREF-CSE-CHARLIE-CASE-Q1-2026-00096-01,True,CSE-CHARLIE-CASE-Q1-2026-00096-INV-01,False
2026-03-12T05:11:17Z,Remediation Recorded,ANALYST-006,CSE-CHARLIE-CASE-Q1-2026-00096,True,False,EVREF-CSE-CHARLIE-CASE-Q1-2026-00096-02,False,CSE-CHARLIE-CASE-Q1-2026-00096-INV-02,False
2026-03-12T09:05:08Z,Finding Documented,ANALYST-006,CSE-CHARLIE-CASE-Q1-2026-00096,True,False,EVREF-CSE-CHARLIE-CASE-Q1-2026-00096-03,True,CSE-CHARLIE-CASE-Q1-2026-00096-INV-03,False
2026-03-12T12:58:58Z,Alert Reviewed,ANALYST-004,CSE-CHARLIE-CASE-Q1-2026-00096,True,True,EVREF-CSE-CHARLIE-CASE-Q1-2026-00096-04,False,CSE-CHARLIE-CASE-Q1-2026-00096-INV-04,False
2026-03-12T16:52:49Z,Escalation Decision Documented,ANALYST-002,CSE-CHARLIE-CASE-Q1-2026-00096,False,True,EVREF-CSE-CHARLIE-CASE-Q1-2026-00096-05,False,CSE-CHARLIE-CASE-Q1-2026-00096-INV-05,False
2026-01-22T01:22:57Z,Log Correlation Performed,ANALYST-001,CSE-CHARLIE-CASE-Q1-2026-00097,True,True,EVREF-CSE-CHARLIE-CASE-Q1-2026-00097-01,False,CSE-CHARLIE-CASE-Q1-2026-00097-INV-01,False
2026-01-22T10:28:39Z,Root Cause Analysis,ANALYST-006,CSE-CHARLIE-CASE-Q1-2026-00097,False,False,EVREF-CSE-CHARLIE-CASE-Q1-2026-00097-02,False,CSE-CHARLIE-CASE-Q1-2026-00097-INV-02,False
2026-01-22T19:34:21Z,Escalation Decision Documented,ANALYST-012,CSE-CHARLIE-CASE-Q1-2026-00097,False,True,EVREF-CSE-CHARLIE-CASE-Q1-2026-00097-03,False,CSE-CHARLIE-CASE-Q1-2026-00097-INV-03,False
2026-01-23T04:40:03Z,Disposition Documented,ANALYST-009,CSE-CHARLIE-CASE-Q1-2026-00097,True,False,EVREF-CSE-CHARLIE-CASE-Q1-2026-00097-04,False,CSE-CHARLIE-CASE-Q1-2026-00097-INV-04,False
2026-01-23T13:45:45Z,Affected Asset Identified,ANALYST-002,CSE-CHARLIE-CASE-Q1-2026-00097,False,False,EVREF-CSE-CHARLIE-CASE-Q1-2026-00097-05,True,CSE-CHARLIE-CASE-Q1-2026-00097-INV-05,False
2026-01-23T22:51:28Z,Alert Reviewed,ANALYST-008,CSE-CHARLIE-CASE-Q1-2026-00097,False,False,EVREF-CSE-CHARLIE-CASE-Q1-2026-00097-06,True,CSE-CHARLIE-CASE-Q1-2026-00097-INV-06,False
2026-01-24T07:57:10Z,Remediation Recorded,ANALYST-007,CSE-CHARLIE-CASE-Q1-2026-00097,True,False,EVREF-CSE-CHARLIE-CASE-Q1-2026-00097-07,False,CSE-CHARLIE-CASE-Q1-2026-00097-INV-07,True
2026-01-24T17:02:52Z,Evidence Examined,ANALYST-014,CSE-CHARLIE-CASE-Q1-2026-00097,True,False,EVREF-CSE-CHARLIE-CASE-Q1-2026-00097-08,True,CSE-CHARLIE-CASE-Q1-2026-00097-INV-08,False
2026-02-07T16:13:17Z,Affected Asset Identified,ANALYST-007,CSE-CHARLIE-CASE-Q1-2026-00098,True,False,EVREF-CSE-CHARLIE-CASE-Q1-2026-00098-01,True,CSE-CHARLIE-CASE-Q1-2026-00098-INV-01,False
2026-02-07T18:00:48Z,Evidence Examined,ANALYST-003,CSE-CHARLIE-CASE-Q1-2026-00098,True,False,,False,CSE-CHARLIE-CASE-Q1-2026-00098-INV-02,False
2026-02-07T19:48:20Z,Escalation Decision Documented,ANALYST-013,CSE-CHARLIE-CASE-Q1-2026-00098,False,True,EVREF-CSE-CHARLIE-CASE-Q1-2026-00098-03,True,CSE-CHARLIE-CASE-Q1-2026-00098-INV-03,False
2026-02-07T21:35:51Z,Root Cause Analysis,ANALYST-005,CSE-CHARLIE-CASE-Q1-2026-00098,False,False,EVREF-CSE-CHARLIE-CASE-Q1-2026-00098-04,False,CSE-CHARLIE-CASE-Q1-2026-00098-INV-04,False
2026-02-07T23:23:23Z,Finding Documented,ANALYST-004,CSE-CHARLIE-CASE-Q1-2026-00098,False,False,EVREF-CSE-CHARLIE-CASE-Q1-2026-00098-05,True,CSE-CHARLIE-CASE-Q1-2026-00098-INV-05,False
2026-02-08T01:10:54Z,Containment Action Taken,ANALYST-004,CSE-CHARLIE-CASE-Q1-2026-00098,True,False,EVREF-CSE-CHARLIE-CASE-Q1-2026-00098-06,False,CSE-CHARLIE-CASE-Q1-2026-00098-INV-06,False
2026-02-08T02:58:26Z,Disposition Documented,ANALYST-009,CSE-CHARLIE-CASE-Q1-2026-00098,True,False,,False,CSE-CHARLIE-CASE-Q1-2026-00098-INV-07,False
2026-01-12T14:58:58Z,Containment Action Taken,ANALYST-008,CSE-CHARLIE-CASE-Q1-2026-00099,False,True,EVREF-CSE-CHARLIE-CASE-Q1-2026-00099-01,True,CSE-CHARLIE-CASE-Q1-2026-00099-INV-01,False
2026-01-12T17:48:59Z,Finding Documented,ANALYST-003,CSE-CHARLIE-CASE-Q1-2026-00099,True,False,EVREF-CSE-CHARLIE-CASE-Q1-2026-00099-02,True,CSE-CHARLIE-CASE-Q1-2026-00099-INV-02,False
2026-01-12T20:39:00Z,Affected Asset Identified,ANALYST-011,CSE-CHARLIE-CASE-Q1-2026-00099,False,True,EVREF-CSE-CHARLIE-CASE-Q1-2026-00099-03,False,CSE-CHARLIE-CASE-Q1-2026-00099-INV-03,False
2026-01-12T23:29:01Z,Disposition Documented,ANALYST-008,CSE-CHARLIE-CASE-Q1-2026-00099,True,False,EVREF-CSE-CHARLIE-CASE-Q1-2026-00099-04,True,CSE-CHARLIE-CASE-Q1-2026-00099-INV-04,False
2026-01-13T02:19:02Z,Root Cause Analysis,ANALYST-005,CSE-CHARLIE-CASE-Q1-2026-00099,True,False,EVREF-CSE-CHARLIE-CASE-Q1-2026-00099-05,True,CSE-CHARLIE-CASE-Q1-2026-00099-INV-05,False
2026-01-13T05:09:03Z,Remediation Recorded,ANALYST-005,CSE-CHARLIE-CASE-Q1-2026-00099,False,False,,False,CSE-CHARLIE-CASE-Q1-2026-00099-INV-06,True
2026-01-13T07:59:05Z,Log Correlation Performed,ANALYST-008,CSE-CHARLIE-CASE-Q1-2026-00099,True,False,EVREF-CSE-CHARLIE-CASE-Q1-2026-00099-07,False,CSE-CHARLIE-CASE-Q1-2026-00099-INV-07,False
2026-03-31T05:46:02Z,Evidence Examined,ANALYST-005,CSE-CHARLIE-CASE-Q1-2026-00100,True,True,EVREF-CSE-CHARLIE-CASE-Q1-2026-00100-01,True,CSE-CHARLIE-CASE-Q1-2026-00100-INV-01,False
2026-03-31T08:34:51Z,Remediation Recorded,ANALYST-007,CSE-CHARLIE-CASE-Q1-2026-00100,False,False,EVREF-CSE-CHARLIE-CASE-Q1-2026-00100-02,False,CSE-CHARLIE-CASE-Q1-2026-00100-INV-02,True
2026-03-31T11:23:41Z,Disposition Documented,ANALYST-018,CSE-CHARLIE-CASE-Q1-2026-00100,True,True,EVREF-CSE-CHARLIE-CASE-Q1-2026-00100-03,False,CSE-CHARLIE-CASE-Q1-2026-00100-INV-03,False
2026-03-31T14:12:30Z,Finding Documented,ANALYST-005,CSE-CHARLIE-CASE-Q1-2026-00100,False,False,EVREF-CSE-CHARLIE-CASE-Q1-2026-00100-04,True,CSE-CHARLIE-CASE-Q1-2026-00100-INV-04,False
2026-03-31T17:01:20Z,Affected Asset Identified,ANALYST-010,CSE-CHARLIE-CASE-Q1-2026-00100,False,False,EVREF-CSE-CHARLIE-CASE-Q1-2026-00100-05,False,CSE-CHARLIE-CASE-Q1-2026-00100-INV-05,False
2026-03-31T19:50:09Z,Root Cause Analysis,ANALYST-009,CSE-CHARLIE-CASE-Q1-2026-00100,False,False,EVREF-CSE-CHARLIE-CASE-Q1-2026-00100-06,False,CSE-CHARLIE-CASE-Q1-2026-00100-INV-06,False
2026-02-05T19:02:14Z,Alert Reviewed,ANALYST-002,CSE-CHARLIE-CASE-Q1-2026-00101,False,False,EVREF-CSE-CHARLIE-CASE-Q1-2026-00101-01,True,CSE-CHARLIE-CASE-Q1-2026-00101-INV-01,False
2026-02-05T21:57:00Z,Affected Asset Identified,ANALYST-011,CSE-CHARLIE-CASE-Q1-2026-00101,True,True,EVREF-CSE-CHARLIE-CASE-Q1-2026-00101-02,False,CSE-CHARLIE-CASE-Q1-2026-00101-INV-02,False
2026-02-06T00:51:46Z,Root Cause Analysis,ANALYST-002,CSE-CHARLIE-CASE-Q1-2026-00101,False,False,EVREF-CSE-CHARLIE-CASE-Q1-2026-00101-03,False,CSE-CHARLIE-CASE-Q1-2026-00101-INV-03,False
2026-02-06T03:46:32Z,Evidence Examined,ANALYST-013,CSE-CHARLIE-CASE-Q1-2026-00101,False,False,EVREF-CSE-CHARLIE-CASE-Q1-2026-00101-04,True,CSE-CHARLIE-CASE-Q1-2026-00101-INV-04,False
2026-02-06T06:41:18Z,Log Correlation Performed,ANALYST-011,CSE-CHARLIE-CASE-Q1-2026-00101,False,False,EVREF-CSE-CHARLIE-CASE-Q1-2026-00101-05,True,CSE-CHARLIE-CASE-Q1-2026-00101-INV-05,False
2026-02-06T09:36:04Z,Finding Documented,ANALYST-007,CSE-CHARLIE-CASE-Q1-2026-00101,False,True,EVREF-CSE-CHARLIE-CASE-Q1-2026-00101-06,True,CSE-CHARLIE-CASE-Q1-2026-00101-INV-06,False
2026-03-29T18:40:37Z,Disposition Documented,ANALYST-006,CSE-CHARLIE-CASE-Q1-2026-00102,True,False,EVREF-CSE-CHARLIE-CASE-Q1-2026-00102-01,False,CSE-CHARLIE-CASE-Q1-2026-00102-INV-01,False
2026-03-30T00:11:18Z,Evidence Examined,ANALYST-005,CSE-CHARLIE-CASE-Q1-2026-00102,False,False,EVREF-CSE-CHARLIE-CASE-Q1-2026-00102-02,True,CSE-CHARLIE-CASE-Q1-2026-00102-INV-02,False
2026-03-30T05:41:58Z,Containment Action Taken,ANALYST-006,CSE-CHARLIE-CASE-Q1-2026-00102,False,True,,False,CSE-CHARLIE-CASE-Q1-2026-00102-INV-03,False
2026-03-30T11:12:39Z,Finding Documented,ANALYST-001,CSE-CHARLIE-CASE-Q1-2026-00102,True,False,EVREF-CSE-CHARLIE-CASE-Q1-2026-00102-04,True,CSE-CHARLIE-CASE-Q1-2026-00102-INV-04,False
2026-03-30T16:43:20Z,Affected Asset Identified,ANALYST-002,CSE-CHARLIE-CASE-Q1-2026-00102,False,False,EVREF-CSE-CHARLIE-CASE-Q1-2026-00102-05,True,CSE-CHARLIE-CASE-Q1-2026-00102-INV-05,False
2026-03-11T22:46:11Z,Remediation Recorded,ANALYST-010,CSE-CHARLIE-CASE-Q1-2026-00103,False,True,EVREF-CSE-CHARLIE-CASE-Q1-2026-00103-01,True,CSE-CHARLIE-CASE-Q1-2026-00103-INV-01,True
2026-03-11T22:54:08Z,Evidence Examined,ANALYST-013,CSE-CHARLIE-CASE-Q1-2026-00103,False,True,EVREF-CSE-CHARLIE-CASE-Q1-2026-00103-02,False,CSE-CHARLIE-CASE-Q1-2026-00103-INV-02,False
2026-03-08T23:19:41Z,Finding Documented,ANALYST-014,CSE-CHARLIE-CASE-Q1-2026-00104,False,False,EVREF-CSE-CHARLIE-CASE-Q1-2026-00104-01,True,CSE-CHARLIE-CASE-Q1-2026-00104-INV-01,False
2026-03-09T08:26:22Z,Containment Action Taken,ANALYST-004,CSE-CHARLIE-CASE-Q1-2026-00104,True,False,,False,CSE-CHARLIE-CASE-Q1-2026-00104-INV-02,False
2026-03-09T17:33:03Z,Evidence Examined,ANALYST-012,CSE-CHARLIE-CASE-Q1-2026-00104,False,False,EVREF-CSE-CHARLIE-CASE-Q1-2026-00104-03,True,CSE-CHARLIE-CASE-Q1-2026-00104-INV-03,False
2026-03-10T02:39:44Z,Alert Reviewed,ANALYST-008,CSE-CHARLIE-CASE-Q1-2026-00104,True,False,EVREF-CSE-CHARLIE-CASE-Q1-2026-00104-04,False,CSE-CHARLIE-CASE-Q1-2026-00104-INV-04,False
2026-03-10T11:46:25Z,Log Correlation Performed,ANALYST-003,CSE-CHARLIE-CASE-Q1-2026-00104,False,False,,True,CSE-CHARLIE-CASE-Q1-2026-00104-INV-05,False
2026-03-10T20:53:06Z,Affected Asset Identified,ANALYST-011,CSE-CHARLIE-CASE-Q1-2026-00104,False,False,EVREF-CSE-CHARLIE-CASE-Q1-2026-00104-06,False,CSE-CHARLIE-CASE-Q1-2026-00104-INV-06,False
2026-03-19T13:10:41Z,Escalation Decision Documented,ANALYST-010,CSE-CHARLIE-CASE-Q1-2026-00105,False,True,EVREF-CSE-CHARLIE-CASE-Q1-2026-00105-01,False,CSE-CHARLIE-CASE-Q1-2026-00105-INV-01,False
2026-03-20T00:20:55Z,Finding Documented,ANALYST-003,CSE-CHARLIE-CASE-Q1-2026-00105,True,False,EVREF-CSE-CHARLIE-CASE-Q1-2026-00105-02,True,CSE-CHARLIE-CASE-Q1-2026-00105-INV-02,False
2026-03-20T11:31:10Z,Alert Reviewed,ANALYST-013,CSE-CHARLIE-CASE-Q1-2026-00105,False,False,EVREF-CSE-CHARLIE-CASE-Q1-2026-00105-03,False,CSE-CHARLIE-CASE-Q1-2026-00105-INV-03,False
2026-03-20T22:41:25Z,Evidence Examined,ANALYST-010,CSE-CHARLIE-CASE-Q1-2026-00105,False,True,EVREF-CSE-CHARLIE-CASE-Q1-2026-00105-04,True,CSE-CHARLIE-CASE-Q1-2026-00105-INV-04,False
2026-01-09T22:32:13Z,Escalation Decision Documented,ANALYST-018,CSE-CHARLIE-CASE-Q1-2026-00106,False,True,EVREF-CSE-CHARLIE-CASE-Q1-2026-00106-01,False,CSE-CHARLIE-CASE-Q1-2026-00106-INV-01,False
2026-01-10T02:26:21Z,Affected Asset Identified,ANALYST-007,CSE-CHARLIE-CASE-Q1-2026-00106,False,False,EVREF-CSE-CHARLIE-CASE-Q1-2026-00106-02,False,CSE-CHARLIE-CASE-Q1-2026-00106-INV-02,False
2026-01-10T06:20:28Z,Alert Reviewed,ANALYST-001,CSE-CHARLIE-CASE-Q1-2026-00106,False,False,,False,CSE-CHARLIE-CASE-Q1-2026-00106-INV-03,False
2026-01-10T10:14:36Z,Log Correlation Performed,ANALYST-012,CSE-CHARLIE-CASE-Q1-2026-00106,True,False,EVREF-CSE-CHARLIE-CASE-Q1-2026-00106-04,False,CSE-CHARLIE-CASE-Q1-2026-00106-INV-04,False
2026-01-10T14:08:44Z,Finding Documented,ANALYST-010,CSE-CHARLIE-CASE-Q1-2026-00106,False,True,EVREF-CSE-CHARLIE-CASE-Q1-2026-00106-05,True,CSE-CHARLIE-CASE-Q1-2026-00106-INV-05,False
2026-01-10T18:02:51Z,Remediation Recorded,ANALYST-015,CSE-CHARLIE-CASE-Q1-2026-00106,False,False,EVREF-CSE-CHARLIE-CASE-Q1-2026-00106-06,True,CSE-CHARLIE-CASE-Q1-2026-00106-INV-06,False
2026-01-10T21:56:59Z,Disposition Documented,ANALYST-008,CSE-CHARLIE-CASE-Q1-2026-00106,True,False,,False,CSE-CHARLIE-CASE-Q1-2026-00106-INV-07,False
2026-02-14T12:12:06Z,Containment Action Taken,ANALYST-001,CSE-CHARLIE-CASE-Q1-2026-00107,False,True,,True,CSE-CHARLIE-CASE-Q1-2026-00107-INV-01,False
2026-02-14T23:40:35Z,Root Cause Analysis,ANALYST-015,CSE-CHARLIE-CASE-Q1-2026-00107,False,False,EVREF-CSE-CHARLIE-CASE-Q1-2026-00107-02,True,CSE-CHARLIE-CASE-Q1-2026-00107-INV-02,False
2026-02-15T11:09:03Z,Remediation Recorded,ANALYST-005,CSE-CHARLIE-CASE-Q1-2026-00107,False,False,EVREF-CSE-CHARLIE-CASE-Q1-2026-00107-03,False,CSE-CHARLIE-CASE-Q1-2026-00107-INV-03,False
2026-02-15T22:37:32Z,Finding Documented,ANALYST-015,CSE-CHARLIE-CASE-Q1-2026-00107,False,False,EVREF-CSE-CHARLIE-CASE-Q1-2026-00107-04,True,CSE-CHARLIE-CASE-Q1-2026-00107-INV-04,False
2026-02-16T10:06:00Z,Alert Reviewed,ANALYST-005,CSE-CHARLIE-CASE-Q1-2026-00107,False,False,EVREF-CSE-CHARLIE-CASE-Q1-2026-00107-05,True,CSE-CHARLIE-CASE-Q1-2026-00107-INV-05,False
2026-02-16T21:34:29Z,Evidence Examined,ANALYST-012,CSE-CHARLIE-CASE-Q1-2026-00107,True,False,EVREF-CSE-CHARLIE-CASE-Q1-2026-00107-06,False,CSE-CHARLIE-CASE-Q1-2026-00107-INV-06,False
